client_id,age,region,income,transaction_amount,channel,department,signup_date,is_active,score,legacy_flag,comment,client_type
1703,53.2,SPB,67172.95,6951.74,web,legal,2026-06-07,true,0.7338,0,документы на проверке,sme
100001,48.4,MSK,113145.8,3639.6,web,risk,2025-06-28,true,0.6741,0,документы на проверке,retail
100002,34.7,SPB,53169.34,9767.64,partner,ops,2024-10-07,false,0.6926,0,повторное обращение,corporate
100003,48.7,SPB,54053.84,24986.42,mobile,ops,2025-03-05,false,0.5225,0,документы на проверке,retail
100004,47.2,MSK,68160.09,1988.76,mobile,ml,2025-02-25,true,0.44,0,,retail
100005,24.5,EKB,18524.21,7148.99,web,ops,2025-07-14,false,0.4531,0,документы на проверке,retail
100006,56.4,SPB,,4375.96,mobile,support,2025-11-08,true,0.5193,0,документы на проверке,sme
2238,32.0,MSK,63482.7,1896.61,mobile,risk,2024-10-31,true,0.1853,0,перевод в другой отдел,retail
100008,50.8,OTHER_17,,15566.04,mobile,ml,2024-12-02,true,0.5312,0,заявка принята,retail
100009,19.3,MSK,40094.48,51624.14,offline,support,2026-01-21,false,0.3819,0,повторное обращение,corporate
100010,44.7,MSK,135635.37,10061.53,offline,risk,2025-08-21,false,0.4708,0,повторное обращение,corporate
100011,55.5,MSK,,24269.54,mobile,sales,2025-06-23,true,0.2995,0,повторное обращение,sme
100012,51.9,SPB,83687.21,2212.88,mobile,growth,2025-03-20,false,0.4867,0,заявка принята,retail
100013,39.8,MSK,40181.67,9856.83,web,support,2026-04-11,false,0.3344,0,заявка принята,retail
1673,25.5,UNKNOWN,136824.58,10372.68,partner,ops,2024-10-17,false,0.7088,0,повторное обращение,retail
100015,37.4,MSK,35717.9,10440.04,web,legal,2025-10-19,false,0.6778,0,перевод в другой отдел,retail
100016,42.1,MSK,65225.98,1761.3,mobile,growth,2026-06-09,false,0.7436,0,клиент не отвечает,sme
100017,70.3,SPB,,13077.01,web,support,2025-04-22,true,0.604,0,заявка принята,corporate
100018,46.4,NSK,80696.61,7863.29,mobile,ops,2025-03-04,false,0.4517,0,клиент не отвечает,corporate
100019,39.5,MSK,110721.55,10924.68,web,risk,2024-07-23,true,0.6054,0,клиент не отвечает,corporate
100020,33.1,UNKNOWN,40437.09,9542.99,web,ml,2024-08-17,false,0.5536,0,перевод в другой отдел,sme
2590,32.6,UNKNOWN,,4182.83,partner,legal,2025-06-05,false,0.6037,0,клиент не отвечает,corporate
100022,50.5,OTHER_17,,9430.47,mobile,growth,2026-06-16,false,0.6121,0,документы на проверке,sme
100023,45.4,MSK,,14844.97,mobile,ops,2025-12-07,true,0.3736,0,,retail
100024,39.9,NSK,120656.26,10191.62,mobile,ml,2025-11-22,false,0.4957,0,,retail
100025,40.9,UNKNOWN,90230.12,9888.02,web,support,2025-07-10,false,0.4527,0,заявка принята,retail
100026,41.0,SPB,71863.74,2241.52,offline,ml,2025-09-18,true,0.5913,0,повторное обращение,retail
100027,31.8,SPB,37653.79,11886.32,web,support,2025-06-28,false,0.4283,0,повторное обращение,retail
3024,47.3,NSK,,10052.8,partner,support,2026-04-13,false,0.2664,0,повторное обращение,retail
100029,30.9,UNKNOWN,75007.87,2045.68,web,ml,2025-07-05,true,0.2185,0,перевод в другой отдел,sme
100030,18.1,KZN,82482.08,7448.73,web,ml,2024-10-27,true,0.7498,0,перевод в другой отдел,retail
100031,60.7,MSK,95297.58,5507.07,web,ml,2025-01-30,false,0.7846,0,повторное обращение,sme
100032,52.0,SPB,106261.75,14949.39,web,sales,2024-08-04,true,0.7176,0,клиент не отвечает,retail
100033,30.9,MSK,185922.16,1787.9,partner,risk,2024-11-08,false,0.5941,0,,sme
100034,28.8,MSK,102919.72,7660.54,partner,risk,2024-11-03,true,0.4262,0,заявка принята,sme
85,49.8,OTHER_17,53950.7,3710.5,web,support,2025-11-17,false,0.7537,0,,sme
100036,51.6,SPB,204042.25,8209.43,offline,growth,2025-04-16,true,0.4809,0,клиент не отвечает,sme
100037,26.7,OTHER_17,92002.73,11831.52,web,ml,2025-10-28,false,0.69,0,клиент не отвечает,corporate
100038,27.4,SPB,180256.42,936.46,web,legal,2024-08-10,true,0.6889,0,,corporate
100039,31.3,SPB,,7859.35,web,legal,2024-07-31,true,0.359,0,заявка принята,sme
100040,42.8,MSK,31322.36,29730.95,partner,ops,2025-04-07,false,0.3031,0,клиент не отвечает,sme
100041,15.4,MSK,53788.4,4720.87,web,sales,2025-11-19,true,0.2729,0,повторное обращение,corporate
611,38.6,MSK,37224.96,13131.44,web,ml,2026-03-07,true,0.6063,0,повторное обращение,retail
100043,37.0,KZN,,2829.66,web,support,2025-09-09,true,0.4981,0,документы на проверке,sme
100044,28.1,MSK,59128.44,6315.19,web,ml,2025-08-27,true,0.3608,0,перевод в другой отдел,corporate
100045,38.0,MSK,118252.11,5738.41,web,risk,2025-10-13,false,0.8984,0,клиент не отвечает,sme
100046,42.1,UNKNOWN,113997.71,15993.39,mobile,growth,2026-01-10,true,0.3028,0,,corporate
100047,48.9,KZN,143736.49,3984.04,mobile,sales,2024-12-30,true,0.4935,0,перевод в другой отдел,retail
100048,24.9,EKB,31127.6,2719.55,web,support,2025-09-12,true,0.5773,0,повторное обращение,corporate
1005,52.6,UNKNOWN,113151.04,8807.08,offline,risk,2025-07-31,false,0.5287,0,заявка принята,retail
100050,68.9,SPB,160704.34,10359.69,web,growth,2026-04-05,false,0.6246,0,перевод в другой отдел,retail
100051,26.6,NSK,67815.26,7533.12,mobile,risk,2026-02-07,false,0.6149,0,документы на проверке,retail
100052,19.8,UNKNOWN,,3520.04,web,ml,2024-12-18,true,0.6649,0,,retail
100053,51.4,OTHER_17,164004.57,11693.33,web,ml,2024-10-10,true,0.6693,0,клиент не отвечает,corporate
100054,19.5,EKB,58063.62,8652.87,mobile,growth,2025-10-03,true,0.4696,0,заявка принята,retail
100055,50.1,EKB,,4959.17,mobile,legal,2025-04-01,true,0.4726,0,клиент не отвечает,corporate
1066,24.4,NSK,89539.9,3788.57,offline,ml,2025-09-04,true,0.3919,0,документы на проверке,corporate
100057,45.2,EKB,,5257.39,partner,risk,2025-11-24,true,0.4973,0,повторное обращение,sme
100058,38.9,MSK,54158.21,26748.96,mobile,ml,2024-09-16,true,0.6408,0,документы на проверке,sme
100059,26.1,UNKNOWN,93638.06,2010.28,partner,growth,2025-04-07,true,0.6357,0,клиент не отвечает,corporate
100060,45.8,NSK,22256.23,11634.03,mobile,support,2026-02-22,true,0.6861,0,перевод в другой отдел,retail
100061,10.3,OTHER_17,101285.21,7057.63,offline,risk,2026-01-09,false,0.6766,0,клиент не отвечает,retail
100062,41.0,EKB,91350.32,4948.86,web,risk,2025-09-09,true,0.5042,0,клиент не отвечает,sme
746,38.4,UNKNOWN,,10972.82,web,ops,2024-09-23,false,0.5635,0,заявка принята,corporate
100064,46.4,UNKNOWN,66610.38,14506.71,mobile,ml,2025-11-20,true,0.8113,0,клиент не отвечает,corporate
100065,48.0,MSK,196209.95,22662.43,mobile,growth,2025-11-17,false,0.533,0,,corporate
100066,54.8,MSK,21096.58,24652.35,web,risk,2026-02-22,false,0.8401,0,перевод в другой отдел,retail
100067,42.0,OTHER_17,135579.88,7896.26,web,risk,2024-09-21,false,0.5658,0,перевод в другой отдел,retail
100068,12.7,UNKNOWN,31168.66,5884.82,web,legal,2024-08-24,true,0.6187,0,документы на проверке,retail
100069,41.7,MSK,102110.14,19625.77,partner,ml,2026-04-28,true,0.4733,0,клиент не отвечает,retail
3195,50.6,NSK,134342.55,4828.34,web,growth,2025-06-13,false,0.2824,0,,sme
100071,33.8,UNKNOWN,33798.34,11617.3,partner,support,2025-12-12,true,0.2012,0,документы на проверке,corporate
100072,35.3,EKB,51421.54,12638.16,web,growth,2024-11-11,true,0.8977,0,перевод в другой отдел,sme
100073,45.8,SPB,,6753.33,offline,growth,2026-05-17,true,0.7884,0,повторное обращение,sme
100074,13.6,SPB,112382.23,2144.73,web,risk,2025-12-12,false,0.5581,0,повторное обращение,sme
100075,52.2,UNKNOWN,125902.83,5849.89,mobile,sales,2026-06-15,true,0.7605,0,повторное обращение,retail
100076,55.0,SPB,,3868.17,web,growth,2024-11-23,false,0.4539,0,клиент не отвечает,sme
1914,64.3,NSK,128349.76,19915.14,partner,ops,2026-05-29,false,0.5907,0,повторное обращение,retail
100078,16.7,SPB,75116.06,4125.57,mobile,growth,2025-05-30,true,0.4972,0,клиент не отвечает,corporate
100079,47.3,SPB,122814.09,3111.26,web,risk,2026-03-11,true,0.3957,0,заявка принята,sme
100080,43.0,OTHER_17,37234.09,1877.65,mobile,sales,2026-02-20,false,0.6998,0,клиент не отвечает,sme
100081,59.4,SPB,142035.57,8825.08,mobile,ops,2026-04-07,true,0.2928,0,перевод в другой отдел,retail
100082,56.4,MSK,59827.02,5938.64,mobile,risk,2025-03-31,false,0.7524,0,заявка принята,sme
100083,42.1,UNKNOWN,85645.54,7007.9,web,support,2025-01-14,false,0.7214,0,заявка принята,sme
2812,53.3,OTHER_17,24116.02,14812.29,offline,legal,2025-09-25,false,0.8599,0,повторное обращение,retail
100085,52.4,MSK,28374.17,2523.78,partner,ops,2025-11-05,false,0.1784,0,повторное обращение,sme
100086,43.3,OTHER_17,,8627.95,mobile,risk,2024-12-20,false,0.6325,0,перевод в другой отдел,retail
100087,52.2,SPB,29808.37,24667.13,web,risk,2026-05-13,true,0.5073,0,,corporate
100088,42.1,OTHER_17,57965.19,1019.3,mobile,growth,2025-08-16,false,0.5709,0,повторное обращение,sme
100089,45.7,UNKNOWN,40621.94,3460.19,mobile,risk,2025-04-10,false,0.9873,0,клиент не отвечает,corporate
100090,35.1,MSK,,1248.55,web,growth,2025-12-26,true,0.4674,0,перевод в другой отдел,corporate
2448,57.2,SPB,,3872.48,partner,ops,2025-08-11,true,0.39,0,заявка принята,sme
100092,53.6,MSK,52926.9,13336.24,web,support,2024-08-17,false,0.6328,0,,sme
100093,57.1,UNKNOWN,72726.45,10477.01,mobile,sales,2026-01-14,false,0.7026,0,повторное обращение,sme
100094,20.4,UNKNOWN,44785.64,2260.08,mobile,ops,2024-11-12,false,0.4727,0,клиент не отвечает,corporate
100095,52.1,EKB,56648.46,1221.11,web,support,2026-03-16,false,0.3522,0,повторное обращение,corporate
100096,37.9,UNKNOWN,53529.08,6823.26,partner,ops,2026-01-31,false,0.3139,0,заявка принята,sme
100097,44.1,MSK,56747.5,32165.92,web,growth,2025-05-24,true,0.6822,0,заявка принята,retail
909,35.1,OTHER_17,47930.47,13990.84,web,growth,2026-03-22,true,0.5407,0,перевод в другой отдел,retail
100099,36.2,SPB,,13417.88,mobile,ml,2025-10-30,false,0.707,0,,sme
100100,49.2,OTHER_17,116325.63,10954.28,offline,legal,2026-02-01,true,0.4584,0,заявка принята,retail
100101,43.0,NSK,31006.2,18782.42,web,support,2024-10-23,false,0.6437,0,заявка принята,corporate
100102,26.8,MSK,49240.42,8636.27,offline,legal,2024-12-25,false,0.6648,0,,retail
100103,28.5,MSK,55123.27,5036.25,mobile,risk,2025-06-05,true,0.7182,0,заявка принята,sme
100104,53.4,MSK,61973.98,20812.14,partner,risk,2024-07-24,true,0.3964,0,,retail
2490,48.1,KZN,30449.61,8809.18,offline,ops,2024-10-03,true,0.6735,0,клиент не отвечает,retail
100106,8.0,MSK,16605.46,2781.3,web,ml,2025-02-20,false,0.5557,0,клиент не отвечает,sme
100107,49.2,NSK,56134.48,1011.94,partner,ops,2025-10-19,true,0.4155,0,повторное обращение,corporate
100108,22.9,MSK,131253.15,5543.16,web,ops,2025-03-25,false,0.7676,0,клиент не отвечает,retail
100109,55.3,SPB,24336.41,20777.72,web,risk,2026-01-29,false,0.4351,0,,corporate
100110,44.8,MSK,52599.75,5918.82,mobile,sales,2024-09-09,true,0.4641,0,перевод в другой отдел,sme
100111,54.0,KZN,,8760.37,web,ops,2024-11-28,false,0.5804,0,заявка принята,retail
3021,40.5,OTHER_17,53794.59,9239.23,web,risk,2026-01-29,true,0.6216,0,перевод в другой отдел,sme
100113,48.6,NSK,96900.54,1978.1,partner,legal,2025-01-05,true,0.3247,0,заявка принята,corporate
100114,56.8,KZN,59155.34,1117.0,web,sales,2025-01-10,false,0.344,0,документы на проверке,corporate
100115,38.1,MSK,,4911.25,web,support,2025-04-16,true,0.6173,0,перевод в другой отдел,sme
100116,51.8,SPB,92356.33,21070.81,web,ml,2026-06-03,true,0.2295,0,клиент не отвечает,retail
100117,23.5,SPB,58685.0,5482.29,partner,legal,2025-02-26,false,0.7602,0,клиент не отвечает,retail
100118,29.0,UNKNOWN,46691.24,19058.84,web,growth,2026-03-20,false,0.6159,0,,retail
544,56.9,UNKNOWN,61761.73,4993.96,mobile,ml,2025-10-14,false,0.6783,0,повторное обращение,retail
100120,48.2,OTHER_17,74525.9,5266.07,mobile,risk,2025-02-26,true,0.4425,0,заявка принята,retail
100121,66.9,MSK,27257.12,5230.87,mobile,ops,2024-07-21,true,0.3639,0,документы на проверке,retail
100122,47.8,MSK,96674.22,1772.53,mobile,risk,2024-11-16,true,0.3526,0,повторное обращение,retail
100123,17.6,KZN,81639.48,7918.0,offline,sales,2024-10-23,true,0.6189,0,перевод в другой отдел,corporate
100124,43.0,KZN,64111.38,31893.64,mobile,risk,2024-10-08,true,0.4149,0,клиент не отвечает,sme
100125,45.5,SPB,70669.87,24710.81,offline,legal,2025-08-04,true,0.1925,0,заявка принята,retail
2943,48.0,KZN,124185.55,11389.16,web,risk,2024-10-19,false,0.6183,0,заявка принята,retail
100127,47.8,MSK,33750.33,8857.26,partner,support,2026-05-11,false,0.2782,0,перевод в другой отдел,corporate
100128,23.8,SPB,50938.41,45654.36,mobile,ops,2025-04-18,false,0.2598,0,клиент не отвечает,corporate
100129,26.5,MSK,125879.56,6478.31,mobile,legal,2024-10-22,false,0.6682,0,клиент не отвечает,retail
100130,19.8,KZN,52050.03,16881.23,offline,sales,2025-09-26,false,0.5542,0,документы на проверке,corporate
100131,74.3,KZN,84486.63,13270.85,web,ops,2025-06-19,false,0.6481,0,,retail
100132,33.2,MSK,73778.49,9594.3,web,growth,2025-08-26,true,0.573,0,перевод в другой отдел,retail
2220,47.5,SPB,78274.68,18937.59,mobile,ml,2025-07-01,false,0.4682,0,клиент не отвечает,corporate
100134,31.3,EKB,76123.51,3844.77,web,risk,2025-09-29,false,0.525,0,перевод в другой отдел,retail
100135,44.2,UNKNOWN,65613.35,2176.58,web,legal,2025-06-24,false,0.5952,0,клиент не отвечает,sme
100136,34.6,SPB,45326.37,6301.59,web,ml,2026-06-03,false,0.4658,0,документы на проверке,retail
100137,25.8,UNKNOWN,77873.76,4610.07,mobile,sales,2026-03-20,false,0.7177,0,клиент не отвечает,sme
100138,55.5,MSK,46329.45,9925.49,partner,ops,2025-07-14,false,0.3791,0,,corporate
100139,55.5,UNKNOWN,94586.08,10829.55,web,support,2026-04-23,false,0.2941,0,заявка принята,sme
1941,50.3,MSK,29150.23,4544.82,partner,ml,2026-03-13,true,0.3596,0,клиент не отвечает,retail
100141,26.6,MSK,31303.65,6092.01,partner,ml,2025-10-28,false,0.7796,0,,sme
100142,32.1,NSK,65997.35,5299.49,web,growth,2026-03-31,true,0.6934,0,перевод в другой отдел,retail
100143,40.5,KZN,131447.32,9609.71,web,ops,2025-10-17,false,0.2648,0,,corporate
100144,40.9,OTHER_17,,22509.24,web,ops,2024-12-21,true,0.7395,0,документы на проверке,sme
100145,37.3,NSK,57383.08,6664.76,web,ml,2024-08-06,false,0.4638,0,,corporate
100146,38.1,UNKNOWN,18911.97,2136.76,mobile,growth,2025-11-13,false,0.4215,0,клиент не отвечает,corporate
1203,43.1,MSK,56540.74,8762.7,mobile,ml,2025-01-11,false,0.2426,0,повторное обращение,retail
100148,47.2,KZN,53968.11,3208.14,offline,ml,2025-09-09,true,0.6453,0,перевод в другой отдел,sme
100149,28.2,MSK,34608.45,9621.98,offline,growth,2026-01-09,true,0.1493,0,документы на проверке,corporate
100150,37.3,MSK,138931.86,8774.88,partner,risk,2026-03-03,false,0.7347,0,,sme
100151,37.7,SPB,,2806.58,web,sales,2024-10-13,false,0.657,0,клиент не отвечает,sme
100152,32.7,SPB,55794.47,35120.32,mobile,ml,2026-02-24,true,0.4784,0,документы на проверке,corporate
100153,48.6,OTHER_17,33903.52,4465.34,offline,growth,2024-12-26,true,0.2012,0,заявка принята,corporate
2608,66.6,SPB,48733.17,19227.6,web,support,2024-08-30,true,0.5077,0,перевод в другой отдел,retail
100155,40.4,SPB,61945.55,1751.45,mobile,legal,2025-01-31,false,0.5101,0,клиент не отвечает,corporate
100156,41.2,OTHER_17,28365.29,43106.55,web,ml,2026-01-21,false,0.6495,0,перевод в другой отдел,retail
100157,41.1,UNKNOWN,64284.77,9831.53,offline,risk,2024-07-19,false,0.5877,0,перевод в другой отдел,sme
100158,55.0,KZN,85104.39,25623.91,web,growth,2025-07-23,true,0.7357,0,клиент не отвечает,sme
100159,54.5,EKB,,3059.14,mobile,ml,2025-05-07,true,0.4714,0,документы на проверке,retail
100160,33.3,MSK,57673.42,19503.21,web,ml,2026-01-21,true,0.2242,0,заявка принята,sme
502,35.7,MSK,104882.15,27870.36,web,ops,2025-02-13,true,0.3921,0,клиент не отвечает,corporate
100162,45.6,MSK,,23668.83,web,ops,2025-06-16,false,0.5849,0,перевод в другой отдел,corporate
100163,26.5,NSK,30119.24,7934.66,mobile,growth,2024-10-09,true,0.2006,0,клиент не отвечает,sme
100164,24.5,UNKNOWN,89613.96,2148.9,mobile,growth,2025-09-12,true,0.4375,0,заявка принята,corporate
100165,35.1,KZN,29988.99,8231.47,web,sales,2025-05-27,true,0.2859,0,заявка принята,corporate
100166,50.5,SPB,72827.12,2630.29,web,sales,2025-02-17,false,0.3846,0,перевод в другой отдел,corporate
100167,57.4,OTHER_17,30098.92,10282.23,mobile,sales,2026-03-24,false,0.6347,0,повторное обращение,corporate
216,45.3,OTHER_17,71451.31,6655.71,web,sales,2025-06-09,true,0.9548,0,перевод в другой отдел,corporate
100169,37.3,NSK,86351.81,11282.17,offline,ml,2024-10-21,true,0.6717,0,документы на проверке,sme
100170,56.6,EKB,88430.25,7982.57,web,support,2025-01-21,false,0.4261,0,документы на проверке,retail
100171,26.1,SPB,47517.32,3632.53,web,ml,2024-12-28,false,0.5912,0,заявка принята,sme
100172,25.9,UNKNOWN,25473.12,16561.06,partner,ops,2026-02-09,false,0.1451,0,,retail
100173,39.5,NSK,,34446.09,web,sales,2026-05-08,true,0.2692,0,клиент не отвечает,sme
100174,29.0,KZN,146043.3,4346.7,web,sales,2025-11-30,true,0.7231,0,клиент не отвечает,sme
1924,52.5,UNKNOWN,,5145.01,web,support,2024-12-06,true,0.7677,0,заявка принята,sme
100176,45.3,NSK,55892.84,2724.74,mobile,risk,2026-05-22,true,0.6635,0,документы на проверке,sme
100177,44.9,EKB,30630.72,28601.25,mobile,growth,2025-10-28,false,0.6661,0,,corporate
100178,31.5,OTHER_17,12243.82,6551.12,web,risk,2024-11-30,false,0.3489,0,клиент не отвечает,sme
100179,49.0,SPB,,3848.9,mobile,legal,2026-06-17,false,0.6393,0,документы на проверке,sme
100180,39.5,OTHER_17,75733.5,5727.03,partner,legal,2025-02-13,true,0.4288,0,повторное обращение,retail
100181,48.5,UNKNOWN,56636.24,12133.6,offline,risk,2025-05-14,true,0.2936,0,документы на проверке,corporate
2421,46.2,NSK,22652.61,6070.81,web,sales,2025-04-24,false,0.9208,0,документы на проверке,sme
100183,46.2,KZN,107670.41,9589.34,mobile,ops,2026-01-21,true,0.6267,0,,sme
100184,60.2,SPB,46604.02,4599.66,web,support,2025-03-29,false,0.4636,0,перевод в другой отдел,corporate
100185,39.0,OTHER_17,96999.39,13299.83,offline,risk,2025-02-14,false,0.0893,0,клиент не отвечает,corporate
100186,58.2,SPB,67747.88,12733.55,web,sales,2024-10-15,true,0.7455,0,клиент не отвечает,retail
100187,27.6,SPB,72788.36,3890.97,web,growth,2026-01-14,true,0.6343,0,повторное обращение,retail
100188,48.3,SPB,53606.8,4368.58,web,ml,2024-09-04,false,0.6861,0,документы на проверке,corporate
2913,60.2,MSK,60772.46,6712.16,web,ops,2025-04-02,true,0.316,0,клиент не отвечает,corporate
100190,42.8,OTHER_17,27141.83,6734.19,mobile,sales,2024-08-06,true,0.603,0,документы на проверке,sme
100191,64.8,MSK,,8785.77,web,growth,2025-08-22,false,0.6264,0,повторное обращение,corporate
100192,25.8,MSK,51418.49,686.67,web,risk,2026-03-24,false,0.2482,0,повторное обращение,retail
100193,52.9,UNKNOWN,78983.85,2557.93,mobile,support,2025-10-26,false,0.4067,0,перевод в другой отдел,corporate
100194,42.2,KZN,,2985.99,web,support,2026-06-03,false,0.4348,0,,corporate
100195,29.8,SPB,,6470.32,offline,sales,2024-10-28,false,0.5898,0,перевод в другой отдел,corporate
1036,49.5,EKB,112074.07,37914.94,web,legal,2025-09-04,true,0.5518,0,повторное обращение,retail
100197,36.2,UNKNOWN,108475.92,4021.73,mobile,growth,2026-01-03,false,0.7794,0,документы на проверке,corporate
100198,55.8,UNKNOWN,112129.43,41219.53,web,support,2025-04-28,true,0.8103,0,,corporate
100199,45.9,NSK,85646.03,5823.62,web,ops,2025-12-25,false,0.3486,0,документы на проверке,retail
100200,53.1,MSK,55454.31,8276.9,web,growth,2026-02-07,true,0.4726,0,заявка принята,retail
100201,47.6,EKB,,16133.62,web,support,2026-01-10,false,0.6285,0,документы на проверке,retail
100202,37.4,NSK,94684.83,8708.47,mobile,legal,2025-11-25,true,0.3318,0,клиент не отвечает,retail
2505,20.0,NSK,70297.34,16727.49,web,ml,2025-12-10,true,0.6144,0,повторное обращение,sme
100204,62.5,NSK,40216.11,5825.67,web,ops,2026-02-18,true,0.4514,0,документы на проверке,retail
100205,39.7,MSK,120516.08,5336.83,mobile,legal,2025-11-21,false,0.6517,0,клиент не отвечает,retail
100206,49.2,UNKNOWN,70904.75,8213.82,web,support,2025-01-10,true,0.7926,0,,corporate
100207,60.9,SPB,52260.95,1670.35,partner,ops,2024-12-15,false,0.3295,0,клиент не отвечает,retail
100208,46.4,MSK,,24283.52,mobile,legal,2026-03-23,true,0.7902,0,перевод в другой отдел,corporate
100209,28.4,EKB,49981.77,16431.86,web,sales,2026-02-02,false,0.5212,0,заявка принята,corporate
1384,47.7,SPB,73504.51,9077.92,web,ops,2024-12-17,true,0.3638,0,клиент не отвечает,corporate
100211,26.6,MSK,54637.44,7400.34,partner,sales,2025-03-15,false,0.6861,0,повторное обращение,sme
100212,58.5,NSK,,11838.31,mobile,ops,2025-11-12,false,0.7316,0,клиент не отвечает,corporate
100213,61.4,UNKNOWN,51552.52,54127.84,partner,sales,2025-11-25,false,0.2877,0,документы на проверке,corporate
100214,31.4,SPB,73759.49,17838.45,mobile,ml,2024-10-09,true,0.5586,0,перевод в другой отдел,corporate
100215,31.1,MSK,79469.41,8551.83,mobile,risk,2025-03-29,false,0.5907,0,документы на проверке,retail
100216,24.8,SPB,61226.95,7278.25,mobile,ml,2024-10-09,true,0.6057,0,повторное обращение,corporate
148,15.3,NSK,54331.9,9790.55,mobile,ml,2024-11-25,true,0.7874,0,,retail
100218,22.1,EKB,,26418.11,mobile,ops,2025-07-09,false,0.2841,0,документы на проверке,sme
100219,44.3,UNKNOWN,63368.18,3305.86,web,legal,2025-10-13,false,0.5815,0,повторное обращение,corporate
100220,62.5,OTHER_17,128426.61,10730.9,mobile,risk,2026-03-20,true,0.7797,0,документы на проверке,corporate
100221,41.0,OTHER_17,126080.65,8751.0,web,sales,2025-08-24,false,0.4462,0,заявка принята,sme
100222,38.7,NSK,100345.82,9906.63,offline,legal,2024-10-10,false,0.3269,0,повторное обращение,sme
100223,33.0,SPB,120845.27,7491.29,partner,ops,2025-10-21,true,0.3545,0,,sme
1798,34.1,SPB,108655.8,17172.15,offline,growth,2024-08-16,false,0.6795,0,повторное обращение,retail
100225,48.9,SPB,42702.11,16291.16,mobile,risk,2024-07-21,true,0.3475,0,заявка принята,retail
100226,50.7,OTHER_17,86158.07,4849.28,mobile,risk,2025-10-13,true,0.445,0,клиент не отвечает,corporate
100227,44.0,OTHER_17,92947.33,17938.85,web,ml,2025-01-25,true,0.138,0,перевод в другой отдел,sme
100228,37.7,MSK,64581.38,6439.59,mobile,ops,2025-06-19,true,0.2528,0,клиент не отвечает,corporate
100229,45.8,MSK,223727.55,2665.98,web,growth,2026-02-06,false,0.6563,0,перевод в другой отдел,sme
100230,40.5,NSK,104802.28,944.23,web,risk,2025-03-28,true,0.6965,0,,retail
2570,42.1,KZN,155010.27,4402.51,mobile,risk,2024-08-20,true,0.3947,0,документы на проверке,retail
100232,48.4,OTHER_17,,7568.98,partner,ops,2026-01-17,false,0.292,0,перевод в другой отдел,sme
100233,55.0,MSK,64124.88,2971.7,mobile,growth,2026-04-13,true,0.4901,0,повторное обращение,sme
100234,38.0,MSK,229579.12,3677.42,web,ops,2024-10-22,false,0.6991,0,документы на проверке,sme
100235,34.8,KZN,76045.91,6398.95,offline,growth,2024-11-21,true,0.741,0,документы на проверке,sme
100236,65.8,SPB,46567.9,5256.05,offline,ops,2025-06-17,true,0.283,0,,corporate
100237,25.0,KZN,,6425.39,web,support,2024-11-09,false,0.6182,0,повторное обращение,sme
1837,47.1,MSK,60942.66,6842.28,offline,ml,2025-07-09,true,0.5227,0,документы на проверке,corporate
100239,63.4,NSK,194961.8,1577.64,offline,ml,2026-01-10,false,0.7124,0,повторное обращение,sme
100240,23.1,NSK,35402.7,14462.91,web,sales,2025-03-09,true,0.2014,0,,retail
100241,32.7,UNKNOWN,128960.58,19876.13,web,risk,2025-11-25,false,0.5378,0,,corporate
100242,39.9,MSK,42809.93,9249.31,web,support,2024-11-05,false,0.332,0,документы на проверке,sme
100243,53.3,SPB,60077.44,13013.81,web,ops,2024-12-19,false,0.332,0,документы на проверке,retail
100244,34.8,MSK,110616.5,18654.35,partner,growth,2025-01-29,false,0.4853,0,перевод в другой отдел,retail
1126,43.5,NSK,18257.99,10653.17,mobile,risk,2025-12-28,true,0.4034,0,,retail
100246,39.1,UNKNOWN,34702.95,2919.71,web,ml,2024-08-21,true,0.8534,0,заявка принята,sme
100247,47.3,MSK,32779.96,3596.78,web,risk,2024-08-25,false,0.4229,0,повторное обращение,retail
100248,16.9,MSK,103128.54,6569.71,mobile,ops,2025-05-18,true,0.7224,0,клиент не отвечает,corporate
100249,30.2,MSK,36439.66,16176.98,web,sales,2025-12-19,false,0.7074,0,повторное обращение,sme
100250,48.2,SPB,58944.84,9927.34,mobile,legal,2024-10-15,false,0.3997,0,,corporate
100251,25.4,SPB,87693.98,11115.9,web,sales,2024-07-23,true,0.7653,0,заявка принята,corporate
608,40.9,NSK,,7917.03,partner,risk,2026-05-25,false,0.6957,0,перевод в другой отдел,retail
100253,24.3,MSK,55625.72,3447.63,web,ml,2025-08-14,false,0.7419,0,заявка принята,retail
100254,32.9,MSK,47565.83,4826.94,web,risk,2024-08-11,false,0.8974,0,повторное обращение,corporate
100255,29.4,UNKNOWN,15777.2,23813.82,mobile,support,2025-05-24,false,0.4759,0,заявка принята,retail
100256,42.1,SPB,59026.15,4838.67,web,legal,2026-06-02,true,0.9802,0,,sme
100257,14.5,NSK,18319.96,14468.34,mobile,risk,2025-03-22,true,0.4053,0,перевод в другой отдел,retail
100258,34.2,UNKNOWN,98934.52,10470.66,offline,risk,2024-07-31,false,0.4588,0,заявка принята,corporate
2087,38.7,SPB,,4578.57,partner,support,2025-12-09,true,0.524,0,клиент не отвечает,sme
100260,57.6,UNKNOWN,31465.47,1810.47,mobile,growth,2025-10-07,false,0.714,0,документы на проверке,retail
100261,10.4,NSK,79251.38,12185.13,mobile,ml,2025-10-31,false,0.6006,0,документы на проверке,corporate
100262,47.2,NSK,98738.02,1177.26,offline,ops,2025-08-25,true,0.5943,0,повторное обращение,retail
100263,23.8,SPB,195612.06,38832.81,partner,sales,2024-11-09,false,0.6038,0,документы на проверке,sme
100264,51.2,KZN,30257.27,14333.27,offline,support,2026-03-22,false,0.7812,0,повторное обращение,corporate
100265,48.2,OTHER_17,26232.22,27556.02,web,ops,2024-11-02,true,0.6158,0,,corporate
1864,29.9,SPB,178716.25,23152.79,web,sales,2025-03-05,true,0.1849,0,перевод в другой отдел,corporate
100267,39.8,OTHER_17,34057.4,5680.31,web,ml,2026-01-24,true,0.7793,0,повторное обращение,sme
100268,52.3,SPB,27491.12,17220.57,mobile,ml,2025-07-13,true,0.2711,0,документы на проверке,retail
100269,44.0,SPB,40498.95,5267.07,web,legal,2025-08-20,false,0.3236,0,заявка принята,retail
100270,28.6,SPB,81227.16,11027.61,offline,ml,2025-08-29,true,0.5284,0,повторное обращение,sme
100271,16.5,MSK,95523.83,6049.08,web,growth,2026-02-26,false,0.509,0,заявка принята,corporate
100272,18.6,SPB,58309.64,3335.31,mobile,sales,2024-07-28,false,0.3706,0,заявка принята,retail
1604,29.1,NSK,,4473.53,web,growth,2024-09-13,true,0.7367,0,заявка принята,corporate
100274,30.0,OTHER_17,49088.97,3067.02,mobile,ml,2025-02-01,true,0.3565,0,заявка принята,retail
100275,42.2,MSK,140382.91,9984.43,web,sales,2025-01-24,true,0.5885,0,,sme
100276,44.7,KZN,106966.92,6998.62,offline,legal,2025-01-05,true,0.4623,0,перевод в другой отдел,corporate
100277,34.0,MSK,106042.74,7858.36,partner,ops,2025-01-28,true,0.6552,0,повторное обращение,corporate
100278,25.9,UNKNOWN,79103.38,3944.07,web,support,2026-04-18,false,0.673,0,документы на проверке,corporate
100279,45.9,EKB,80326.9,8713.43,partner,sales,2026-04-20,true,0.6606,0,повторное обращение,retail
1816,29.8,EKB,27156.24,5399.65,partner,sales,2026-04-27,true,0.2697,0,документы на проверке,corporate
100281,24.3,OTHER_17,65706.14,9709.72,partner,sales,2024-10-31,true,0.5834,0,,sme
100282,34.2,KZN,76234.75,9562.72,offline,ml,2026-06-13,false,0.7181,0,клиент не отвечает,corporate
100283,48.3,KZN,63757.85,8913.16,web,ops,2025-02-26,false,0.3226,0,повторное обращение,sme
100284,39.4,UNKNOWN,81006.85,2985.72,mobile,legal,2024-08-09,true,0.5683,0,документы на проверке,sme
100285,32.4,MSK,119980.47,13278.27,mobile,sales,2024-12-18,false,0.5025,0,перевод в другой отдел,sme
100286,60.3,UNKNOWN,67889.2,2125.97,web,sales,2025-07-06,true,0.6946,0,документы на проверке,retail
1207,26.3,OTHER_17,71435.2,3099.76,partner,legal,2024-08-11,true,0.8457,0,клиент не отвечает,corporate
100288,40.6,UNKNOWN,,14633.39,mobile,risk,2024-08-07,true,0.5216,0,,sme
100289,41.0,UNKNOWN,114202.28,6628.44,partner,ops,2024-09-08,false,0.5287,0,,sme
100290,46.1,SPB,67782.05,5386.32,web,ml,2025-04-16,true,0.1826,0,клиент не отвечает,retail
100291,50.6,SPB,,7421.45,mobile,ml,2025-04-17,false,0.7747,0,повторное обращение,retail
100292,41.6,UNKNOWN,107170.81,13485.95,mobile,ops,2025-03-20,true,0.7721,0,клиент не отвечает,sme
100293,42.5,NSK,23267.92,14384.79,web,ops,2024-09-04,true,0.4037,0,клиент не отвечает,sme
505,37.4,MSK,29519.95,12478.79,web,growth,2025-04-10,true,0.8936,0,перевод в другой отдел,sme
100295,46.9,MSK,36784.19,11830.05,mobile,support,2026-01-05,true,0.5011,0,повторное обращение,sme
100296,73.9,UNKNOWN,140988.98,5037.27,offline,risk,2025-07-28,true,0.476,0,документы на проверке,retail
100297,32.9,UNKNOWN,,8113.89,web,support,2025-01-20,false,0.3043,0,перевод в другой отдел,retail
100298,46.8,NSK,32341.73,9885.85,web,ml,2025-04-09,false,0.7845,0,документы на проверке,corporate
100299,38.3,MSK,118418.81,12752.33,offline,risk,2024-08-07,true,0.282,0,заявка принята,sme
100300,22.2,KZN,115023.01,12167.49,offline,ml,2026-01-02,true,0.5145,0,,retail
1212,55.3,SPB,87564.12,8367.71,mobile,support,2025-06-29,false,0.1054,0,повторное обращение,retail
100302,48.8,MSK,,10215.04,web,support,2025-06-25,false,0.3666,0,заявка принята,corporate
100303,45.4,SPB,,19092.25,web,growth,2025-01-09,true,0.7087,0,перевод в другой отдел,retail
100304,53.0,SPB,67800.03,12878.91,mobile,legal,2024-08-07,true,0.9465,0,перевод в другой отдел,sme
100305,44.4,UNKNOWN,,6725.27,mobile,ops,2024-11-26,true,0.5968,0,,corporate
100306,43.3,KZN,,1750.33,partner,ml,2026-01-03,true,0.664,0,перевод в другой отдел,corporate
100307,39.8,KZN,59662.91,4669.27,web,legal,2025-06-16,true,0.6511,0,документы на проверке,retail
2012,66.4,SPB,43987.67,7166.98,partner,legal,2024-09-09,true,0.4085,0,клиент не отвечает,sme
100309,29.5,NSK,94898.37,11433.28,partner,support,2025-01-24,false,0.1153,0,перевод в другой отдел,corporate
100310,44.0,MSK,71115.31,20467.66,offline,ops,2025-07-30,false,0.6898,0,заявка принята,corporate
100311,42.6,UNKNOWN,19265.98,9429.04,mobile,sales,2025-06-23,false,0.6229,0,клиент не отвечает,sme
100312,21.3,EKB,49134.02,9618.88,mobile,support,2025-03-30,true,0.4334,0,перевод в другой отдел,retail
100313,19.5,SPB,87222.52,1931.47,mobile,ml,2026-02-04,false,0.6543,0,клиент не отвечает,corporate
100314,29.0,MSK,83281.81,8022.18,partner,support,2025-12-12,false,0.2653,0,,corporate
2265,56.0,MSK,56375.26,4060.28,partner,ops,2024-08-01,false,0.1514,0,клиент не отвечает,retail
100316,34.4,KZN,54520.11,4103.86,web,ml,2026-02-04,false,0.2639,0,заявка принята,sme
100317,39.3,UNKNOWN,60847.43,4559.98,mobile,risk,2025-06-06,true,0.9138,0,перевод в другой отдел,corporate
100318,43.7,KZN,88655.43,3327.53,mobile,risk,2025-09-17,false,0.4045,0,документы на проверке,retail
100319,47.1,EKB,106779.04,3135.72,partner,growth,2024-07-30,false,0.6999,0,,retail
100320,31.9,MSK,23220.5,10560.07,web,sales,2025-03-04,false,0.639,0,повторное обращение,sme
100321,31.6,UNKNOWN,36422.32,26488.79,offline,sales,2024-12-01,false,0.5365,0,заявка принята,retail
1008,39.2,SPB,151778.01,4481.41,web,legal,2025-11-21,false,0.339,0,повторное обращение,retail
100323,21.5,SPB,79810.69,3321.98,web,risk,2026-02-05,false,0.6647,0,перевод в другой отдел,retail
100324,53.8,MSK,,4981.69,mobile,growth,2026-04-03,false,0.5238,0,документы на проверке,sme
100325,30.9,MSK,,8880.85,web,growth,2025-10-15,true,0.872,0,документы на проверке,retail
100326,44.2,UNKNOWN,,6603.33,partner,growth,2025-10-07,true,0.6207,0,документы на проверке,corporate
100327,48.1,MSK,174332.71,3856.38,mobile,support,2025-05-20,true,0.6757,0,клиент не отвечает,corporate
100328,34.3,KZN,99589.85,3804.35,web,risk,2025-05-02,false,0.2051,0,документы на проверке,retail
2841,34.8,MSK,73622.1,7764.73,web,sales,2024-10-02,true,0.5318,0,документы на проверке,retail
100330,10.2,MSK,65792.18,10581.01,web,ml,2026-02-06,false,0.4239,0,повторное обращение,corporate
100331,38.7,MSK,125385.02,4010.98,mobile,sales,2026-03-03,true,0.7761,0,перевод в другой отдел,retail
100332,25.5,OTHER_17,106752.88,27107.36,mobile,support,2025-01-06,false,0.6816,0,повторное обращение,sme
100333,43.3,MSK,57147.92,3705.32,web,risk,2025-05-09,true,0.6502,0,клиент не отвечает,retail
100334,35.6,OTHER_17,50454.56,3247.72,web,legal,2026-04-06,true,0.5491,0,клиент не отвечает,sme
100335,46.0,UNKNOWN,59369.54,6827.08,web,support,2025-02-04,false,0.5855,0,повторное обращение,retail
1651,29.7,MSK,87914.25,8536.71,mobile,growth,2024-12-08,false,0.3101,0,клиент не отвечает,retail
100337,33.7,SPB,37154.42,5952.06,mobile,ops,2024-12-13,false,0.2043,0,перевод в другой отдел,sme
100338,44.4,MSK,50545.22,5563.55,mobile,legal,2025-12-08,true,0.2885,0,перевод в другой отдел,corporate
100339,41.7,KZN,155320.6,14533.86,offline,legal,2025-12-25,false,0.6183,0,заявка принята,retail
100340,47.0,NSK,49130.3,10384.93,offline,sales,2024-10-16,true,0.5065,0,повторное обращение,retail
100341,31.6,MSK,52188.07,28622.49,mobile,growth,2025-09-18,true,0.2656,0,повторное обращение,corporate
100342,41.6,SPB,69758.23,15692.41,partner,growth,2026-05-13,false,0.3446,0,заявка принята,corporate
2647,46.9,NSK,55387.23,15456.36,mobile,growth,2025-01-11,false,0.7896,0,повторное обращение,retail
100344,48.8,OTHER_17,78791.63,4016.79,mobile,sales,2026-06-18,true,0.1815,0,повторное обращение,retail
100345,5.7,EKB,28623.47,10218.89,offline,sales,2024-10-18,true,0.7394,0,повторное обращение,corporate
100346,32.2,MSK,128300.54,12597.14,offline,legal,2024-08-10,false,0.6525,0,заявка принята,retail
100347,27.0,NSK,38855.79,3351.93,offline,growth,2026-05-08,false,0.4863,0,,retail
100348,46.6,MSK,61052.77,18945.37,web,ops,2025-05-29,true,0.7115,0,заявка принята,sme
100349,49.2,EKB,,27490.59,offline,growth,2024-11-18,false,0.1628,0,заявка принята,corporate
993,51.1,MSK,36721.93,4876.43,web,growth,2024-09-28,true,0.5613,0,клиент не отвечает,retail
100351,43.3,MSK,90770.37,7932.73,web,ops,2025-07-12,false,0.5669,0,клиент не отвечает,retail
100352,30.4,OTHER_17,41833.77,5598.63,web,sales,2026-02-05,true,0.7416,0,перевод в другой отдел,retail
100353,39.2,SPB,156862.51,8475.54,web,legal,2025-12-01,false,0.596,0,повторное обращение,sme
100354,41.0,EKB,52982.49,5692.05,partner,support,2025-03-25,false,0.5666,0,документы на проверке,retail
100355,33.2,MSK,24742.36,10807.75,web,legal,2025-01-11,false,0.6682,0,повторное обращение,sme
100356,31.8,NSK,116266.17,3657.28,partner,sales,2025-09-28,true,0.5437,0,клиент не отвечает,retail
148,46.0,UNKNOWN,44498.88,19045.57,mobile,support,2025-10-20,false,0.6561,0,клиент не отвечает,corporate
100358,31.3,SPB,,5423.56,mobile,sales,2025-02-06,true,0.4487,0,документы на проверке,retail
100359,34.0,UNKNOWN,22916.94,4729.11,offline,ops,2026-06-15,true,0.506,0,клиент не отвечает,corporate
100360,41.5,MSK,27607.61,4348.65,mobile,ml,2026-04-22,true,0.6851,0,документы на проверке,sme
100361,53.4,EKB,116821.76,33883.66,mobile,risk,2024-11-27,true,0.3086,0,,retail
100362,34.2,KZN,,2788.6,web,ml,2025-02-25,true,0.3668,0,,retail
100363,61.7,NSK,,4503.11,offline,legal,2026-04-02,false,0.5079,0,перевод в другой отдел,retail
1293,69.4,EKB,52960.65,7047.89,mobile,ml,2025-12-15,false,0.3939,0,заявка принята,retail
100365,50.7,NSK,,19840.57,mobile,support,2025-02-20,true,0.5902,0,перевод в другой отдел,retail
100366,56.0,MSK,55112.76,4800.58,partner,ml,2025-11-25,true,0.4608,0,перевод в другой отдел,corporate
100367,32.2,NSK,40618.42,3550.38,mobile,sales,2025-07-26,false,0.3228,0,заявка принята,corporate
100368,34.5,NSK,,2084.05,partner,support,2024-10-15,true,0.5435,0,заявка принята,sme
100369,46.2,SPB,84945.92,2185.08,mobile,sales,2024-09-30,true,0.5256,0,,sme
100370,23.5,OTHER_17,61216.42,12627.3,mobile,ml,2024-08-16,true,0.6169,0,,corporate
181,24.7,KZN,,1578.55,mobile,risk,2024-10-07,false,0.4635,0,перевод в другой отдел,sme
100372,50.5,SPB,48391.49,16538.44,web,growth,2025-10-08,true,0.5748,0,перевод в другой отдел,sme
100373,46.0,MSK,36790.51,11465.38,mobile,ops,2024-11-26,true,0.7077,0,повторное обращение,retail
100374,26.5,NSK,123212.1,22550.44,partner,risk,2024-11-20,true,0.8269,0,клиент не отвечает,sme
100375,65.6,UNKNOWN,101393.21,4620.38,web,support,2024-12-27,false,0.8308,0,повторное обращение,sme
100376,39.7,EKB,,6432.99,mobile,risk,2025-06-29,true,0.5169,0,повторное обращение,retail
100377,31.7,MSK,86110.78,22349.89,web,support,2025-06-02,true,0.5394,0,заявка принята,retail
373,54.0,OTHER_17,34071.41,25797.69,offline,growth,2025-08-03,false,0.7618,0,повторное обращение,corporate
100379,33.5,MSK,83367.76,6558.4,web,growth,2025-03-07,true,0.5191,0,перевод в другой отдел,corporate
100380,34.2,MSK,,10426.12,mobile,ops,2024-11-12,true,0.1907,0,документы на проверке,sme
100381,58.8,UNKNOWN,61115.39,3385.52,mobile,legal,2026-01-18,true,0.3774,0,клиент не отвечает,retail
100382,54.5,OTHER_17,34443.04,1894.65,web,ml,2025-10-27,false,0.586,0,документы на проверке,retail
100383,28.8,SPB,28759.95,2352.72,web,risk,2024-10-09,true,0.6218,0,,sme
100384,34.8,EKB,62893.64,6793.17,partner,risk,2025-02-06,true,0.3857,0,клиент не отвечает,retail
555,30.8,MSK,44446.99,27982.82,mobile,support,2025-08-02,true,0.3695,0,,retail
100386,48.5,SPB,108303.14,904.75,partner,legal,2026-01-02,false,0.486,0,повторное обращение,sme
100387,60.5,MSK,83839.65,3446.61,partner,legal,2025-02-14,true,0.7761,0,заявка принята,sme
100388,31.6,UNKNOWN,160447.96,1963.34,web,growth,2025-02-07,true,0.4498,0,заявка принята,sme
100389,31.9,MSK,29557.85,18705.63,mobile,ops,2025-07-04,true,0.7837,0,документы на проверке,corporate
100390,37.9,MSK,26409.68,6677.6,partner,risk,2025-08-05,true,0.6912,0,повторное обращение,retail
100391,59.0,SPB,125148.06,10195.95,mobile,sales,2025-09-07,true,0.7842,0,повторное обращение,retail
2942,34.2,EKB,53853.42,1000.48,partner,risk,2024-11-21,false,0.5537,0,перевод в другой отдел,corporate
100393,40.8,UNKNOWN,65076.13,8034.79,web,ml,2025-05-22,true,0.8716,0,перевод в другой отдел,sme
100394,34.1,MSK,,2462.35,mobile,growth,2026-05-10,true,0.6451,0,повторное обращение,corporate
100395,43.9,MSK,54893.11,1396.86,web,ops,2024-10-03,false,0.7672,0,документы на проверке,retail
100396,30.3,MSK,17911.99,7245.58,partner,growth,2026-02-13,false,0.5711,0,,retail
100397,42.0,MSK,118104.18,10606.3,web,ops,2025-07-20,true,0.4232,0,клиент не отвечает,retail
100398,34.8,MSK,57478.94,4351.42,offline,legal,2025-01-26,false,0.3824,0,,sme
121,53.6,UNKNOWN,59504.17,5255.32,mobile,growth,2025-03-26,true,0.7893,0,,retail
100400,34.2,OTHER_17,43003.03,2083.06,mobile,growth,2024-12-16,true,0.6541,0,перевод в другой отдел,corporate
100401,40.6,MSK,,4770.45,offline,sales,2026-02-14,true,0.6353,0,повторное обращение,retail
100402,49.9,SPB,47980.6,2845.4,mobile,sales,2025-09-25,false,0.8261,0,повторное обращение,sme
100403,52.4,EKB,40099.53,18089.95,mobile,risk,2024-07-23,false,0.7593,0,клиент не отвечает,retail
100404,38.5,OTHER_17,62672.93,10585.96,mobile,risk,2025-02-09,false,0.5831,0,документы на проверке,corporate
100405,44.9,MSK,35346.98,20682.51,web,support,2026-06-07,true,0.4455,0,клиент не отвечает,retail
1305,58.7,MSK,41977.86,4614.94,web,growth,2024-10-09,false,0.4344,0,документы на проверке,corporate
100407,38.2,SPB,106703.04,7323.77,mobile,risk,2025-12-28,false,0.4732,0,клиент не отвечает,sme
100408,44.7,NSK,66148.48,5736.87,web,support,2025-02-12,false,0.3423,0,,sme
100409,42.0,EKB,102938.69,10685.68,mobile,growth,2024-08-10,true,0.2619,0,документы на проверке,retail
100410,50.0,UNKNOWN,52085.72,5878.21,mobile,ml,2025-02-23,false,0.4922,0,заявка принята,retail
100411,32.0,UNKNOWN,59553.35,13537.06,mobile,support,2025-11-19,true,0.5629,0,,retail
100412,48.8,MSK,178396.77,3425.9,mobile,ops,2025-08-01,true,0.2881,0,повторное обращение,sme
902,44.7,SPB,100012.62,6065.5,partner,risk,2025-11-10,false,0.5092,0,перевод в другой отдел,retail
100414,39.8,MSK,26115.46,15831.54,web,support,2026-03-11,false,0.5631,0,,retail
100415,40.0,SPB,36949.86,5425.47,offline,growth,2025-11-14,false,0.5134,0,,retail
100416,35.3,KZN,105339.94,2063.87,mobile,ops,2026-05-19,false,0.4092,0,,sme
100417,26.0,UNKNOWN,33337.73,15944.93,web,growth,2024-12-07,false,0.7948,0,документы на проверке,corporate
100418,48.3,SPB,,5677.66,mobile,growth,2025-12-08,true,0.6891,0,заявка принята,corporate
100419,41.7,SPB,,5405.65,mobile,support,2024-10-29,true,0.3632,0,документы на проверке,sme
2132,53.9,MSK,21785.19,5091.67,mobile,risk,2025-04-25,false,0.5188,0,перевод в другой отдел,retail
100421,40.1,OTHER_17,,23999.72,mobile,risk,2025-03-08,false,0.4552,0,,corporate
100422,47.1,EKB,54797.08,7582.75,offline,support,2026-01-22,true,0.7209,0,клиент не отвечает,retail
100423,36.6,KZN,40387.73,11321.62,mobile,sales,2026-06-18,true,0.433,0,перевод в другой отдел,retail
100424,53.3,MSK,,3850.84,web,support,2026-03-05,false,0.8318,0,документы на проверке,sme
100425,56.8,NSK,59301.64,13815.13,mobile,legal,2024-07-27,false,0.3427,0,клиент не отвечает,sme
100426,33.5,OTHER_17,86651.7,6336.13,web,risk,2025-11-29,false,0.7038,0,перевод в другой отдел,sme
659,39.3,MSK,110367.25,10304.23,mobile,growth,2026-03-24,false,0.2329,0,клиент не отвечает,sme
100428,62.0,UNKNOWN,25719.73,5860.1,web,support,2026-03-09,true,0.8563,0,клиент не отвечает,retail
100429,31.4,SPB,120103.53,10500.94,mobile,ml,2025-05-01,true,0.3241,0,,sme
100430,26.8,EKB,60387.47,2175.11,web,ops,2026-02-03,true,0.518,0,заявка принята,sme
100431,64.7,UNKNOWN,,14016.07,mobile,legal,2025-09-30,true,0.6443,0,перевод в другой отдел,retail
100432,79.3,MSK,33514.3,1156.62,web,growth,2024-08-17,true,0.5954,0,клиент не отвечает,corporate
100433,24.4,NSK,55663.11,92392.85,mobile,legal,2024-09-13,true,0.2829,0,повторное обращение,sme
1098,43.3,UNKNOWN,45207.56,2775.93,web,legal,2024-11-07,true,0.7799,0,,corporate
100435,50.3,NSK,84660.83,16158.39,mobile,growth,2024-10-23,false,0.5273,0,,corporate
100436,43.7,SPB,27402.07,12698.64,web,risk,2025-11-24,false,0.7384,0,перевод в другой отдел,sme
100437,72.1,SPB,59945.72,4992.18,mobile,ops,2025-03-16,true,1.1067,0,документы на проверке,retail
100438,53.3,UNKNOWN,67101.21,15635.9,mobile,legal,2025-01-14,false,0.2634,0,повторное обращение,retail
100439,25.2,MSK,41817.41,9665.91,web,risk,2025-12-12,false,0.7527,0,документы на проверке,retail
100440,31.7,SPB,81724.36,2375.24,mobile,legal,2024-10-01,true,0.7475,0,клиент не отвечает,sme
1420,28.9,NSK,30215.4,4971.88,mobile,ml,2025-11-14,true,0.276,0,перевод в другой отдел,corporate
100442,47.6,KZN,80113.95,5028.16,partner,ops,2026-05-02,true,0.6548,0,клиент не отвечает,corporate
100443,47.3,NSK,,3518.09,web,growth,2024-09-03,true,0.6536,0,клиент не отвечает,corporate
100444,33.2,MSK,29425.57,2048.11,partner,risk,2024-07-27,true,0.6865,0,клиент не отвечает,sme
100445,49.3,NSK,,10476.53,mobile,growth,2025-10-06,false,0.7874,0,документы на проверке,retail
100446,46.2,MSK,22205.56,4993.07,offline,ops,2025-07-22,true,0.5611,0,клиент не отвечает,corporate
100447,39.4,MSK,196737.92,8613.38,mobile,legal,2026-05-25,false,0.3021,0,заявка принята,corporate
1445,18.6,OTHER_17,78912.58,11798.96,mobile,growth,2025-12-08,true,0.473,0,перевод в другой отдел,corporate
100449,40.5,KZN,92119.19,5307.88,partner,legal,2025-01-13,false,0.4734,0,клиент не отвечает,corporate
100450,41.4,NSK,68254.73,3136.07,mobile,risk,2026-05-27,false,0.3893,0,клиент не отвечает,retail
100451,41.1,KZN,104575.26,2684.76,partner,ml,2026-03-25,false,0.4182,0,,sme
100452,69.2,MSK,107567.18,10028.96,partner,growth,2025-11-29,false,0.4942,0,перевод в другой отдел,sme
100453,46.2,MSK,192569.91,7287.19,web,growth,2026-06-06,true,0.6606,0,клиент не отвечает,sme
100454,50.4,MSK,34510.52,22825.36,web,ops,2025-11-25,true,0.358,0,,retail
1843,74.8,KZN,102874.14,3409.22,web,ops,2025-01-12,false,0.5371,0,повторное обращение,corporate
100456,46.5,UNKNOWN,70249.6,9096.8,web,support,2025-03-10,false,0.83,0,перевод в другой отдел,retail
100457,36.4,MSK,45983.4,15566.61,offline,support,2025-08-19,false,0.955,0,заявка принята,retail
100458,46.2,SPB,69800.59,36851.0,partner,ml,2025-06-08,false,0.8398,0,документы на проверке,retail
100459,38.2,SPB,56732.75,13958.52,mobile,sales,2025-06-17,true,0.1845,0,документы на проверке,corporate
100460,92.9,UNKNOWN,74679.94,7114.44,web,growth,2025-02-14,true,0.7711,0,документы на проверке,corporate
100461,45.7,SPB,147827.63,11942.02,web,support,2025-01-28,false,0.7156,0,перевод в другой отдел,sme
488,34.9,OTHER_17,30679.22,17883.12,mobile,growth,2025-01-23,true,0.6408,0,повторное обращение,sme
100463,55.5,SPB,153373.78,2841.37,mobile,legal,2026-01-05,true,0.4268,0,перевод в другой отдел,corporate
100464,62.3,MSK,,17655.15,web,risk,2025-02-05,false,0.7499,0,заявка принята,retail
100465,38.1,SPB,,2449.51,mobile,legal,2025-05-31,true,0.5667,0,перевод в другой отдел,sme
100466,26.8,MSK,69618.94,15815.81,web,sales,2024-11-01,true,0.4756,0,клиент не отвечает,retail
100467,25.5,OTHER_17,88179.79,22784.52,partner,ml,2024-11-27,false,1.0553,0,документы на проверке,corporate
100468,39.1,MSK,,1901.83,web,ml,2025-02-15,false,0.8285,0,документы на проверке,corporate
757,37.5,NSK,86943.4,2722.87,web,ml,2026-04-11,false,0.4165,0,документы на проверке,corporate
100470,20.8,OTHER_17,36197.17,4203.54,mobile,risk,2026-04-26,true,0.4148,0,,corporate
100471,45.4,OTHER_17,193404.98,30374.36,web,sales,2025-09-29,true,0.5775,0,,retail
100472,33.8,OTHER_17,97197.9,7432.65,offline,sales,2024-12-20,false,0.5344,0,клиент не отвечает,corporate
100473,37.2,SPB,84872.55,2339.32,web,growth,2025-05-26,false,0.6899,0,,retail
100474,44.2,NSK,48239.61,5195.92,mobile,ml,2025-01-29,true,0.7589,0,,retail
100475,45.3,MSK,49125.38,6417.2,mobile,sales,2025-09-09,true,0.8178,0,клиент не отвечает,sme
2890,55.0,KZN,,4395.73,web,support,2026-06-13,true,0.1252,0,заявка принята,retail
100477,59.3,SPB,96432.13,4789.99,web,risk,2025-07-18,true,0.5713,0,документы на проверке,sme
100478,51.5,MSK,141933.94,7405.14,offline,risk,2024-12-28,true,0.3665,0,клиент не отвечает,retail
100479,43.3,MSK,114030.56,2490.76,mobile,ops,2024-11-19,true,0.7959,0,документы на проверке,sme
100480,66.6,OTHER_17,175406.99,8555.65,mobile,sales,2025-10-29,false,0.6848,0,перевод в другой отдел,corporate
100481,31.7,OTHER_17,52884.32,6204.09,web,sales,2025-02-03,false,0.7362,0,заявка принята,sme
100482,49.3,UNKNOWN,51182.69,25982.52,partner,ops,2024-10-17,true,0.0822,0,документы на проверке,retail
2424,51.2,MSK,71273.84,16620.08,mobile,sales,2025-08-10,true,0.5996,0,заявка принята,corporate
100484,22.8,EKB,,13308.05,web,risk,2024-12-08,false,0.5768,0,заявка принята,retail
100485,37.5,MSK,50956.48,7682.76,web,ops,2026-03-13,true,0.5518,0,перевод в другой отдел,retail
100486,47.0,EKB,72103.35,21204.95,offline,support,2025-11-02,true,0.7015,0,повторное обращение,retail
100487,32.8,MSK,70182.48,3647.63,mobile,sales,2024-10-01,false,0.4545,0,повторное обращение,corporate
100488,14.9,SPB,48922.55,3075.42,mobile,risk,2025-05-06,false,0.5067,0,перевод в другой отдел,corporate
100489,28.9,SPB,,2471.78,mobile,risk,2025-02-25,true,0.8738,0,,corporate
2398,30.6,OTHER_17,50880.41,3820.55,mobile,risk,2025-03-19,true,0.5138,0,документы на проверке,sme
100491,18.0,MSK,87425.41,4044.07,web,sales,2025-03-20,false,0.3641,0,,sme
100492,41.0,EKB,69864.35,9037.52,offline,risk,2026-02-08,true,0.5398,0,документы на проверке,sme
100493,35.6,MSK,144585.23,20798.2,partner,sales,2025-07-28,false,0.6844,0,заявка принята,retail
100494,56.6,MSK,67497.57,8616.51,partner,ml,2024-12-08,true,0.4692,0,клиент не отвечает,retail
100495,23.0,SPB,101564.04,3142.93,offline,sales,2026-03-06,true,0.4596,0,заявка принята,corporate
100496,55.9,EKB,26496.21,13439.53,partner,ml,2025-03-12,true,0.3728,0,повторное обращение,corporate
1408,45.2,NSK,38372.77,20576.25,web,legal,2026-02-16,true,0.2703,0,,sme
100498,31.9,UNKNOWN,59777.59,13836.54,offline,support,2024-11-26,false,0.2014,0,,sme
100499,56.2,SPB,77263.64,4299.28,web,support,2025-11-29,true,0.7067,0,клиент не отвечает,sme
100500,47.6,OTHER_17,71341.64,7172.98,offline,sales,2026-04-14,true,0.4737,0,клиент не отвечает,sme
100501,34.1,UNKNOWN,118072.02,9844.67,mobile,legal,2025-07-20,false,0.6164,0,документы на проверке,retail
100502,17.1,UNKNOWN,37540.1,19724.07,web,risk,2025-11-03,true,0.2312,0,клиент не отвечает,sme
100503,56.4,OTHER_17,38217.88,4433.41,offline,ops,2025-05-24,false,0.5531,0,клиент не отвечает,retail
25,35.8,EKB,91896.96,6058.96,partner,risk,2025-07-08,true,0.4342,0,заявка принята,retail
100505,42.3,NSK,31416.36,6494.65,mobile,risk,2025-08-16,false,0.5695,0,перевод в другой отдел,corporate
100506,45.8,NSK,113069.26,8382.93,mobile,legal,2024-12-29,true,0.767,0,документы на проверке,retail
100507,55.9,UNKNOWN,56273.49,1034.8,partner,legal,2024-09-13,true,0.5573,0,,sme
100508,19.9,UNKNOWN,90040.47,10152.76,mobile,ops,2025-05-17,true,0.5838,0,перевод в другой отдел,corporate
100509,28.2,MSK,102501.27,22117.96,web,risk,2025-10-28,true,0.5903,0,клиент не отвечает,corporate
100510,36.7,EKB,110702.27,2144.18,mobile,legal,2025-10-26,true,0.5906,0,,retail
607,41.7,MSK,52468.59,11764.27,web,support,2025-01-04,false,0.6018,0,повторное обращение,corporate
100512,50.0,MSK,134154.38,1903.37,mobile,support,2025-09-26,false,0.6088,0,,sme
100513,38.1,KZN,46784.29,4644.06,partner,support,2024-09-23,false,0.5572,0,,corporate
100514,35.6,SPB,71319.94,5579.85,web,risk,2025-05-27,false,0.7562,0,документы на проверке,retail
100515,45.9,MSK,93345.39,3016.85,offline,growth,2026-03-20,true,0.7487,0,документы на проверке,corporate
100516,52.2,SPB,68079.76,6623.3,mobile,growth,2024-12-04,true,0.579,0,,sme
100517,50.4,MSK,108712.43,4728.86,mobile,growth,2026-06-07,true,0.2942,0,,sme
3165,44.6,MSK,84916.22,11560.27,web,ops,2025-12-27,false,0.5773,0,повторное обращение,retail
100519,38.4,MSK,41311.4,9155.95,mobile,ml,2025-08-27,false,0.4531,0,перевод в другой отдел,corporate
100520,41.8,EKB,94620.43,6193.53,mobile,risk,2025-01-27,false,0.7349,0,перевод в другой отдел,corporate
100521,40.1,NSK,,3269.68,web,growth,2025-01-14,true,0.7023,0,повторное обращение,corporate
100522,37.1,UNKNOWN,,9329.8,web,risk,2025-06-12,false,0.6298,0,заявка принята,retail
100523,42.1,MSK,247270.29,26917.8,mobile,ml,2026-02-27,false,0.511,0,заявка принята,corporate
100524,33.8,SPB,79203.36,35240.42,partner,ml,2025-12-08,false,0.2982,0,клиент не отвечает,retail
2379,54.9,MSK,45224.13,10244.6,mobile,risk,2025-09-30,true,0.5847,0,перевод в другой отдел,retail
100526,38.1,MSK,29606.56,12975.93,web,risk,2025-04-08,false,0.4295,0,документы на проверке,corporate
100527,50.8,MSK,23805.98,5942.28,mobile,ml,2025-06-11,true,0.6173,0,повторное обращение,retail
100528,34.5,OTHER_17,,13943.34,web,legal,2025-07-19,true,0.5732,0,повторное обращение,sme
100529,36.6,OTHER_17,36953.32,2351.79,web,risk,2025-04-22,false,0.5585,0,клиент не отвечает,retail
100530,34.5,EKB,67698.45,5200.93,mobile,sales,2025-03-05,false,0.51,0,клиент не отвечает,retail
100531,29.7,UNKNOWN,144279.12,7302.5,partner,support,2025-07-22,false,0.4592,0,заявка принята,sme
2886,49.5,KZN,39754.05,32455.58,web,legal,2025-02-25,false,0.5007,0,заявка принята,corporate
100533,43.4,SPB,145010.59,5522.07,web,sales,2026-05-17,true,0.4842,0,,retail
100534,33.1,KZN,,4623.34,mobile,sales,2025-04-28,false,0.5676,0,клиент не отвечает,sme
100535,32.8,EKB,,10536.87,mobile,sales,2026-03-09,false,0.5987,0,клиент не отвечает,sme
100536,18.4,SPB,95052.85,4436.27,mobile,legal,2024-10-08,true,0.4552,0,повторное обращение,corporate
100537,59.5,NSK,44774.82,3313.07,web,support,2026-04-21,true,0.4073,0,клиент не отвечает,retail
100538,40.8,SPB,35290.56,7045.41,web,growth,2025-09-04,false,0.168,0,документы на проверке,sme
2846,48.5,MSK,66557.29,9496.38,web,ops,2025-08-10,true,0.3276,0,повторное обращение,retail
100540,4.0,EKB,,10039.52,mobile,growth,2025-01-17,true,0.3559,0,повторное обращение,sme
100541,42.5,MSK,26938.02,3110.6,web,support,2024-08-02,true,0.759,0,клиент не отвечает,retail
100542,34.5,EKB,274425.64,2291.7,web,ops,2024-12-01,false,0.3293,0,заявка принята,retail
100543,55.1,SPB,60564.54,6321.73,mobile,sales,2025-06-12,false,0.6473,0,перевод в другой отдел,corporate
100544,39.4,MSK,30914.34,7846.61,partner,risk,2025-09-29,false,0.7442,0,клиент не отвечает,sme
100545,28.7,SPB,93663.41,6777.79,web,ops,2025-04-27,false,0.2818,0,перевод в другой отдел,sme
2007,43.6,SPB,92976.96,13266.9,partner,ml,2025-11-01,true,0.6381,0,повторное обращение,corporate
100547,34.5,MSK,183893.47,1425.81,web,support,2024-09-17,true,0.2736,0,перевод в другой отдел,sme
100548,37.0,MSK,76190.23,8664.48,mobile,legal,2025-04-30,false,0.561,0,,sme
100549,44.8,NSK,,10640.4,mobile,support,2024-08-15,true,0.4853,0,перевод в другой отдел,retail
100550,34.9,SPB,89223.34,16051.83,web,support,2026-05-01,false,0.2908,0,документы на проверке,sme
100551,29.7,NSK,41520.97,3330.72,partner,risk,2024-12-02,false,0.2786,0,,sme
100552,14.0,MSK,33990.85,10712.7,mobile,sales,2025-01-08,true,0.7049,0,документы на проверке,retail
2332,56.9,OTHER_17,120054.37,1254.68,web,sales,2025-11-26,false,0.25,0,перевод в другой отдел,corporate
100554,48.2,UNKNOWN,42212.44,17225.46,offline,legal,2025-09-09,false,0.5307,0,клиент не отвечает,sme
100555,28.3,KZN,49322.88,3249.27,web,growth,2025-10-20,true,0.5708,0,документы на проверке,corporate
100556,41.6,SPB,99065.69,3724.47,mobile,risk,2024-10-28,false,0.7014,0,перевод в другой отдел,retail
100557,31.4,SPB,67755.06,9477.72,partner,ml,2026-04-20,false,0.2288,0,документы на проверке,sme
100558,48.6,KZN,,15702.39,web,support,2024-09-07,false,0.8615,0,,corporate
100559,54.3,NSK,144485.75,12533.07,web,ops,2026-04-21,true,0.4651,0,,retail
3078,49.8,OTHER_17,88732.77,16850.09,mobile,ops,2024-08-11,true,0.3137,0,повторное обращение,sme
100561,40.7,SPB,106171.72,7362.98,offline,legal,2025-09-10,true,0.3105,0,клиент не отвечает,sme
100562,43.1,EKB,184179.6,10049.82,partner,growth,2026-04-20,true,0.6241,0,повторное обращение,sme
100563,51.7,KZN,,6467.98,partner,sales,2024-07-25,false,0.8113,0,клиент не отвечает,sme
100564,12.2,MSK,114968.48,17051.42,mobile,growth,2026-02-26,true,0.2398,0,повторное обращение,retail
100565,19.3,EKB,162515.7,15065.92,offline,growth,2024-12-15,false,0.1303,0,перевод в другой отдел,sme
100566,39.7,SPB,68819.65,3463.63,mobile,ops,2025-01-06,false,0.4531,0,заявка принята,corporate
391,29.6,NSK,102795.93,5365.83,web,support,2025-12-26,true,0.7648,0,,retail
100568,51.9,UNKNOWN,34103.97,37141.01,web,risk,2025-06-17,true,0.4936,0,клиент не отвечает,sme
100569,40.5,EKB,51781.45,4015.73,mobile,risk,2024-10-01,true,0.574,0,клиент не отвечает,sme
100570,38.1,UNKNOWN,,18062.69,mobile,ml,2024-10-21,true,0.5288,0,повторное обращение,retail
100571,37.8,MSK,49099.48,3836.65,offline,ml,2025-09-07,true,0.3797,0,повторное обращение,corporate
100572,35.9,KZN,17508.13,22656.89,web,growth,2025-04-18,false,0.5463,0,перевод в другой отдел,retail
100573,46.1,MSK,,6197.96,web,ml,2026-01-24,false,0.5615,0,заявка принята,sme
2427,36.1,NSK,42662.79,18531.16,offline,growth,2025-10-21,false,0.3461,0,документы на проверке,sme
100575,36.4,MSK,97059.1,3584.07,mobile,growth,2024-10-09,true,0.5256,0,перевод в другой отдел,corporate
100576,70.2,SPB,,18797.53,web,legal,2026-05-19,false,0.4219,0,перевод в другой отдел,retail
100577,37.1,UNKNOWN,88146.04,9735.17,mobile,sales,2026-01-10,true,0.5574,0,,retail
100578,57.9,MSK,62842.95,6089.27,mobile,sales,2025-06-06,false,0.2311,0,повторное обращение,corporate
100579,39.3,MSK,83609.4,16706.9,web,ml,2025-11-07,false,0.6873,0,заявка принята,corporate
100580,19.2,OTHER_17,98321.01,12251.07,partner,sales,2025-10-05,false,0.8452,0,перевод в другой отдел,corporate
2885,32.8,OTHER_17,80219.87,6900.93,web,ops,2024-08-23,false,0.5488,0,перевод в другой отдел,retail
100582,46.0,MSK,56133.24,35824.23,partner,support,2026-05-17,true,0.3855,0,клиент не отвечает,corporate
100583,47.3,OTHER_17,113717.51,3636.55,web,support,2024-12-24,false,0.5016,0,клиент не отвечает,corporate
100584,40.0,MSK,48358.65,17072.08,mobile,ml,2026-04-21,false,0.5757,0,заявка принята,corporate
100585,60.5,UNKNOWN,79102.3,2107.12,partner,support,2025-03-21,false,0.5502,0,документы на проверке,retail
100586,30.3,OTHER_17,46272.32,2133.13,web,sales,2025-08-07,false,0.6104,0,документы на проверке,corporate
100587,57.8,MSK,52044.88,2019.27,mobile,risk,2024-09-07,false,0.8322,0,документы на проверке,corporate
629,74.3,MSK,132430.32,2553.37,mobile,growth,2026-04-18,false,0.808,0,перевод в другой отдел,corporate
100589,55.5,SPB,66298.62,19131.57,partner,sales,2025-02-22,false,0.7541,0,заявка принята,corporate
100590,37.3,SPB,44145.17,5655.55,web,ops,2025-03-02,false,0.5992,0,заявка принята,corporate
100591,39.7,NSK,57270.28,8098.61,web,ml,2026-03-26,false,0.4149,0,документы на проверке,sme
100592,29.4,OTHER_17,90212.99,15085.31,offline,ml,2025-09-03,true,0.5445,0,перевод в другой отдел,sme
100593,43.6,UNKNOWN,73602.6,2611.33,mobile,ops,2026-05-23,false,0.558,0,заявка принята,corporate
100594,32.1,SPB,10289.07,3323.39,partner,growth,2026-05-06,false,0.64,0,документы на проверке,corporate
1583,45.4,KZN,62386.65,5303.17,offline,sales,2025-09-14,true,0.5665,0,клиент не отвечает,sme
100596,22.8,OTHER_17,102200.29,10491.82,mobile,growth,2025-05-11,false,0.9534,0,перевод в другой отдел,retail
100597,45.0,SPB,31065.9,7704.59,web,growth,2026-05-31,false,0.6805,0,,retail
100598,70.4,KZN,76964.92,11444.47,web,ml,2025-05-27,true,0.6624,0,заявка принята,retail
100599,27.5,NSK,86205.63,8996.98,mobile,sales,2025-08-09,true,0.6357,0,перевод в другой отдел,corporate
100600,32.3,MSK,34446.51,8311.35,web,legal,2026-02-10,true,0.4159,0,заявка принята,retail
100601,38.9,EKB,38063.54,14232.75,offline,sales,2024-12-26,false,0.3045,0,,corporate
1666,26.8,NSK,127542.34,25281.35,mobile,risk,2024-09-08,true,0.8568,0,,corporate
100603,30.0,NSK,56280.77,3730.12,web,growth,2025-09-06,false,0.4813,0,заявка принята,retail
100604,42.6,UNKNOWN,30439.13,2797.16,mobile,growth,2025-08-13,false,0.5301,0,,corporate
100605,47.5,SPB,48334.96,15799.28,web,support,2025-12-09,false,0.7025,0,документы на проверке,sme
100606,38.4,KZN,107198.96,29113.53,mobile,support,2025-02-20,false,0.2206,0,документы на проверке,retail
100607,39.4,UNKNOWN,69281.53,4471.08,mobile,risk,2025-02-05,true,0.4155,0,,corporate
100608,44.7,EKB,,2901.64,web,risk,2024-11-07,false,0.4545,0,документы на проверке,retail
1089,63.1,MSK,29348.35,3483.68,mobile,sales,2025-06-21,true,0.4897,0,документы на проверке,retail
100610,46.4,MSK,59814.39,45246.69,web,legal,2024-10-28,true,0.7264,0,перевод в другой отдел,corporate
100611,38.4,SPB,79024.07,9710.99,web,risk,2025-04-13,false,0.5385,0,клиент не отвечает,retail
100612,31.9,MSK,70821.25,93003.29,mobile,growth,2026-02-06,true,0.2542,0,,retail
100613,58.3,EKB,102945.57,52194.51,web,ops,2025-10-24,false,0.7465,0,документы на проверке,corporate
100614,31.6,OTHER_17,100711.48,3791.81,offline,sales,2026-03-09,true,0.5737,0,заявка принята,sme
100615,41.5,MSK,118140.26,5913.93,web,ops,2025-08-23,true,0.1691,0,документы на проверке,corporate
2529,43.5,NSK,78535.33,9267.78,mobile,support,2024-10-27,false,0.6285,0,перевод в другой отдел,retail
100617,41.7,SPB,36881.17,6491.43,web,support,2024-12-12,false,0.448,0,перевод в другой отдел,corporate
100618,37.6,SPB,14784.59,2455.37,web,legal,2025-06-11,false,0.6557,0,,corporate
100619,19.5,UNKNOWN,61501.4,1073.52,partner,support,2025-08-05,false,0.5085,0,документы на проверке,corporate
100620,31.0,EKB,,3521.95,mobile,support,2025-02-05,true,0.4509,0,документы на проверке,sme
100621,35.9,MSK,107752.5,2102.11,partner,risk,2024-09-14,false,0.4385,0,,corporate
100622,37.6,UNKNOWN,24173.89,3717.42,mobile,legal,2024-11-11,true,0.357,0,заявка принята,sme
2677,73.4,SPB,31404.32,3059.56,web,sales,2025-10-27,false,0.5954,0,клиент не отвечает,retail
100624,40.8,UNKNOWN,37288.0,10100.72,mobile,ml,2026-04-08,false,0.5921,0,клиент не отвечает,corporate
100625,58.3,NSK,115004.03,16425.83,web,risk,2025-06-18,false,0.4713,0,перевод в другой отдел,corporate
100626,46.1,KZN,72543.19,3479.07,web,support,2025-05-26,false,0.3894,0,,corporate
100627,80.1,SPB,139200.88,7574.75,web,ops,2025-11-15,false,0.6862,0,,sme
100628,56.3,UNKNOWN,46599.62,11598.74,web,ml,2026-01-13,true,0.5844,0,перевод в другой отдел,sme
100629,35.4,MSK,42368.15,3379.12,web,legal,2025-09-07,false,0.6432,0,,corporate
121,46.0,KZN,,25733.64,offline,growth,2025-10-30,false,0.6072,0,заявка принята,sme
100631,27.7,SPB,54777.9,4971.6,web,growth,2025-07-12,false,0.7333,0,повторное обращение,retail
100632,47.1,NSK,39736.58,1945.65,web,ml,2026-04-30,false,0.585,0,клиент не отвечает,retail
100633,43.5,UNKNOWN,,21966.07,mobile,growth,2024-07-19,true,0.5665,0,повторное обращение,corporate
100634,10.4,MSK,,29629.29,offline,ops,2026-04-26,false,0.4902,0,повторное обращение,corporate
100635,33.9,MSK,,3224.83,offline,sales,2024-12-24,false,0.2388,0,заявка принята,corporate
100636,58.1,SPB,113599.92,12319.78,partner,risk,2024-11-08,true,0.5389,0,документы на проверке,corporate
2754,49.4,MSK,45298.77,2641.61,mobile,support,2024-11-10,false,0.386,0,перевод в другой отдел,corporate
100638,44.7,NSK,,25882.71,offline,ops,2025-05-31,true,0.6435,0,перевод в другой отдел,sme
100639,7.3,MSK,65411.59,23808.57,web,sales,2025-12-27,true,0.6761,0,клиент не отвечает,corporate
100640,41.7,SPB,29805.65,61817.32,offline,ml,2026-02-15,true,0.3864,0,клиент не отвечает,retail
100641,30.3,MSK,133567.31,41806.16,offline,support,2025-06-09,false,0.5441,0,перевод в другой отдел,sme
100642,19.3,MSK,44230.44,1092.03,web,sales,2025-07-25,false,0.5894,0,документы на проверке,retail
100643,30.0,MSK,59532.95,2866.62,partner,legal,2025-12-18,false,1.0375,0,перевод в другой отдел,sme
2440,63.7,UNKNOWN,68790.31,7119.99,web,risk,2025-08-24,false,0.7653,0,заявка принята,retail
100645,38.6,UNKNOWN,59393.5,3042.35,mobile,legal,2026-04-10,false,0.5224,0,повторное обращение,retail
100646,32.8,EKB,85487.06,18687.93,mobile,growth,2026-03-30,false,0.6326,0,перевод в другой отдел,sme
100647,39.7,KZN,70217.02,20907.39,web,risk,2026-03-16,false,0.9514,0,повторное обращение,retail
100648,53.5,NSK,29899.45,20879.8,web,sales,2026-03-26,false,0.2752,0,перевод в другой отдел,corporate
100649,32.7,SPB,58307.86,4812.45,web,ops,2025-11-16,false,0.4318,0,повторное обращение,retail
100650,35.3,EKB,191430.83,15530.04,web,risk,2025-06-14,false,0.7701,0,заявка принята,sme
2375,27.8,EKB,65305.91,3169.11,web,ml,2025-11-28,false,0.548,0,документы на проверке,sme
100652,72.0,EKB,99660.39,1814.45,web,risk,2026-04-04,true,0.4407,0,заявка принята,sme
100653,49.4,MSK,43636.54,2786.6,web,ops,2025-04-05,false,0.4738,0,повторное обращение,corporate
100654,54.8,MSK,83154.29,5979.72,mobile,legal,2024-10-03,true,0.826,0,клиент не отвечает,sme
100655,63.9,SPB,85538.85,4121.36,mobile,ops,2025-03-06,true,0.2784,0,клиент не отвечает,corporate
100656,56.3,KZN,34164.14,13516.34,mobile,legal,2024-10-21,false,0.4983,0,повторное обращение,retail
100657,44.4,MSK,73910.08,9578.76,mobile,risk,2025-03-29,false,0.5253,0,повторное обращение,sme
1313,42.4,MSK,66158.42,5190.46,web,ops,2025-05-08,true,0.4908,0,заявка принята,sme
100659,31.4,EKB,32149.48,8251.49,web,support,2025-05-06,true,0.9417,0,повторное обращение,corporate
100660,27.2,UNKNOWN,72024.03,24024.71,mobile,growth,2026-01-09,false,0.6744,0,клиент не отвечает,retail
100661,46.2,SPB,178238.09,14159.38,web,legal,2025-07-03,true,0.4404,0,заявка принята,retail
100662,28.2,MSK,,1543.07,offline,risk,2025-10-29,true,0.536,0,повторное обращение,retail
100663,47.6,KZN,55120.54,7366.28,mobile,ml,2024-08-10,true,0.5301,0,документы на проверке,corporate
100664,49.7,UNKNOWN,45958.64,9237.49,web,sales,2026-05-11,false,0.7192,0,перевод в другой отдел,corporate
2199,66.1,SPB,55272.61,3900.29,partner,legal,2025-11-15,false,0.456,0,,retail
100666,17.2,SPB,39765.42,3470.5,mobile,sales,2024-11-18,true,0.9303,0,,sme
100667,38.9,MSK,74357.7,1486.92,web,ml,2025-10-23,true,0.6064,0,заявка принята,corporate
100668,62.2,NSK,58280.71,19901.31,web,support,2024-09-03,true,0.6005,0,заявка принята,corporate
100669,38.0,MSK,113129.31,1666.79,mobile,risk,2025-12-19,true,0.4964,0,повторное обращение,sme
100670,54.2,MSK,179435.76,27754.08,web,risk,2025-05-19,true,0.8805,0,повторное обращение,sme
100671,47.8,UNKNOWN,,7052.08,mobile,ops,2025-04-05,false,0.6182,0,документы на проверке,corporate
195,36.1,KZN,74136.23,2954.17,offline,ml,2024-12-30,true,0.4418,0,,corporate
100673,45.9,EKB,89804.99,58411.0,partner,support,2024-07-19,false,0.4301,0,перевод в другой отдел,retail
100674,71.7,MSK,,8452.77,web,sales,2025-10-01,false,0.5346,0,клиент не отвечает,retail
100675,18.4,EKB,93014.5,2440.1,web,sales,2026-04-23,true,0.4657,0,перевод в другой отдел,corporate
100676,16.6,EKB,54042.43,12808.43,mobile,sales,2025-03-27,false,0.6531,0,клиент не отвечает,sme
100677,47.2,NSK,50756.84,6449.61,mobile,risk,2025-06-01,true,0.6409,0,перевод в другой отдел,corporate
100678,82.6,OTHER_17,,10141.71,partner,legal,2025-08-09,false,0.6544,0,заявка принята,sme
415,47.0,OTHER_17,178954.81,4759.52,web,ops,2025-12-24,true,0.6526,0,заявка принята,sme
100680,30.2,NSK,143490.72,18695.13,partner,legal,2024-08-11,false,0.5785,0,документы на проверке,retail
100681,55.0,MSK,74153.54,1461.8,partner,support,2024-09-29,true,0.2544,0,документы на проверке,retail
100682,31.0,OTHER_17,,24784.93,web,legal,2026-04-27,false,0.4177,0,документы на проверке,corporate
100683,36.3,MSK,66307.92,7531.49,web,legal,2025-04-05,false,0.657,0,перевод в другой отдел,retail
100684,18.3,UNKNOWN,42422.32,6142.16,partner,ml,2024-10-20,true,0.6845,0,заявка принята,corporate
100685,28.4,EKB,77130.41,12781.24,web,risk,2025-08-20,false,0.8978,0,клиент не отвечает,sme
2285,34.3,OTHER_17,76025.69,23719.16,mobile,growth,2025-11-15,true,0.2513,0,повторное обращение,retail
100687,54.3,OTHER_17,181384.8,5626.46,mobile,risk,2024-08-18,true,0.6405,0,клиент не отвечает,retail
100688,55.6,EKB,,2719.3,web,legal,2025-06-20,true,0.4393,0,,retail
100689,53.1,UNKNOWN,71438.62,2599.62,partner,risk,2025-08-17,false,0.6187,0,документы на проверке,sme
100690,33.8,MSK,96051.03,2277.12,mobile,ops,2025-07-11,false,0.4234,0,,retail
100691,62.8,SPB,37003.23,3021.26,web,growth,2025-03-03,false,0.6464,0,перевод в другой отдел,sme
100692,26.7,KZN,86089.78,18154.82,mobile,risk,2025-10-27,false,0.5843,0,заявка принята,sme
1279,59.1,MSK,47854.81,9304.7,partner,risk,2025-04-14,false,0.42,0,заявка принята,corporate
100694,50.3,NSK,60624.79,10062.84,web,legal,2025-12-07,false,0.6078,0,,retail
100695,35.6,MSK,56381.09,8211.11,partner,growth,2025-04-26,false,0.6366,0,повторное обращение,corporate
100696,38.8,UNKNOWN,45737.67,3141.07,mobile,sales,2026-01-07,true,0.1826,0,клиент не отвечает,corporate
100697,34.0,SPB,98712.08,3965.88,partner,ops,2026-03-12,false,0.5373,0,документы на проверке,sme
100698,41.5,MSK,53276.57,8483.04,mobile,sales,2026-04-14,false,0.688,0,перевод в другой отдел,corporate
100699,35.5,UNKNOWN,35070.66,16410.81,mobile,support,2025-10-28,false,0.6548,0,,corporate
16,40.6,SPB,,4588.11,mobile,support,2024-11-20,true,0.6361,0,,sme
100701,47.2,SPB,61087.35,5076.22,mobile,growth,2025-06-04,true,0.5468,0,заявка принята,corporate
100702,34.7,SPB,272038.82,4360.41,partner,growth,2024-12-24,true,0.6646,0,перевод в другой отдел,sme
100703,36.6,SPB,128918.01,1892.75,partner,ml,2026-04-22,true,0.6988,0,,corporate
100704,22.4,MSK,75160.2,1744.3,mobile,ops,2025-09-18,true,0.2156,0,заявка принята,retail
100705,36.4,MSK,,19040.77,offline,support,2025-10-05,true,0.5186,0,повторное обращение,corporate
100706,58.2,MSK,74524.14,12973.21,web,sales,2025-12-02,false,0.3742,0,повторное обращение,retail
1494,59.2,UNKNOWN,45847.24,4628.51,mobile,growth,2025-12-19,true,0.3313,0,документы на проверке,corporate
100708,14.1,EKB,,19590.68,partner,legal,2025-03-19,true,0.8141,0,,retail
100709,49.8,SPB,43200.9,7765.73,mobile,ops,2026-05-04,false,0.7329,0,повторное обращение,retail
100710,51.4,UNKNOWN,226835.84,2040.14,offline,legal,2026-01-19,true,0.5908,0,,corporate
100711,42.7,MSK,79669.89,6067.07,mobile,legal,2024-09-21,true,0.7454,0,перевод в другой отдел,sme
100712,34.5,NSK,55181.36,14464.86,mobile,support,2026-06-02,true,0.4141,0,клиент не отвечает,sme
100713,26.5,OTHER_17,195686.7,8035.34,mobile,ml,2025-11-29,false,0.4863,0,клиент не отвечает,sme
599,24.8,UNKNOWN,43944.5,9455.83,offline,risk,2024-11-12,false,0.6931,0,документы на проверке,retail
100715,25.0,MSK,64142.6,6447.41,partner,sales,2024-09-25,false,0.4938,0,,corporate
100716,32.3,MSK,44234.52,4155.42,partner,ops,2025-01-17,false,0.3055,0,заявка принята,retail
100717,22.8,UNKNOWN,,15417.09,web,ops,2026-03-23,false,0.6799,0,,retail
100718,46.5,OTHER_17,60637.07,7481.79,partner,legal,2026-01-04,false,0.7167,0,перевод в другой отдел,retail
100719,47.6,SPB,256663.64,4624.68,web,risk,2026-01-23,true,0.5835,0,повторное обращение,corporate
100720,31.4,EKB,49605.32,6971.97,partner,support,2025-05-14,true,0.5196,0,повторное обращение,corporate
1559,62.2,SPB,35806.0,14190.8,mobile,ops,2025-06-24,true,0.6068,0,клиент не отвечает,corporate
100722,40.6,SPB,39097.06,3124.48,offline,risk,2025-03-26,true,0.7487,0,перевод в другой отдел,sme
100723,40.9,MSK,,2391.68,web,ops,2025-05-27,false,0.4875,0,повторное обращение,retail
100724,51.8,UNKNOWN,75737.78,15753.81,offline,ops,2026-05-28,true,0.5879,0,заявка принята,sme
100725,34.0,NSK,74108.74,5604.34,web,support,2025-09-12,true,0.5861,0,клиент не отвечает,sme
100726,28.3,SPB,,8397.2,web,risk,2024-11-12,false,0.6967,0,документы на проверке,retail
100727,31.4,OTHER_17,90881.94,62290.51,web,growth,2026-05-07,false,0.6095,0,документы на проверке,corporate
2337,47.5,OTHER_17,79843.28,7316.42,mobile,sales,2025-10-13,true,0.8239,0,документы на проверке,retail
100729,37.2,EKB,56071.47,15143.48,web,sales,2024-07-31,true,0.2994,0,заявка принята,corporate
100730,36.7,KZN,48282.22,6204.61,web,sales,2025-12-16,false,0.7255,0,документы на проверке,corporate
100731,45.2,SPB,18293.11,17518.97,web,ops,2025-12-08,true,0.7803,0,документы на проверке,retail
100732,34.8,MSK,,10773.3,mobile,growth,2025-05-09,false,0.4681,0,заявка принята,corporate
100733,46.6,MSK,78915.78,7707.8,web,support,2026-06-07,false,0.3957,0,повторное обращение,corporate
100734,54.3,UNKNOWN,,9730.57,web,support,2025-12-22,false,0.0013,0,клиент не отвечает,retail
98,40.0,MSK,23237.9,5558.08,mobile,sales,2025-01-01,true,0.6938,0,,corporate
100736,34.4,UNKNOWN,83255.54,2828.37,web,support,2024-09-09,true,0.2243,0,,retail
100737,62.6,UNKNOWN,16390.2,27446.41,offline,support,2026-04-25,true,0.2991,0,перевод в другой отдел,retail
100738,76.9,UNKNOWN,28528.21,3872.71,web,support,2025-07-22,true,0.3172,0,повторное обращение,retail
100739,20.0,SPB,63377.13,52668.21,web,risk,2024-08-16,true,0.7677,0,клиент не отвечает,retail
100740,51.9,MSK,45944.39,4798.34,web,sales,2024-09-06,true,0.394,0,клиент не отвечает,sme
100741,49.8,KZN,40543.66,29566.81,partner,growth,2025-02-27,true,0.483,0,заявка принята,sme
2434,30.0,MSK,78082.27,16139.32,web,risk,2025-01-01,true,0.6807,0,,sme
100743,29.8,MSK,55720.73,5937.89,mobile,risk,2025-07-03,false,0.5458,0,,retail
100744,33.8,UNKNOWN,82452.7,23819.96,web,legal,2025-08-08,true,0.9821,0,повторное обращение,corporate
100745,40.3,EKB,165794.8,829.11,web,risk,2026-02-02,true,0.6041,0,повторное обращение,sme
100746,31.1,OTHER_17,36743.61,11147.52,web,growth,2025-02-12,false,0.5199,0,перевод в другой отдел,sme
100747,59.5,MSK,38033.62,11807.56,mobile,growth,2025-02-21,true,0.4956,0,клиент не отвечает,retail
100748,46.2,OTHER_17,168909.09,6338.79,web,growth,2025-04-12,true,0.282,0,заявка принята,sme
1034,27.4,SPB,,12034.56,partner,ops,2026-03-01,true,0.7975,0,клиент не отвечает,sme
100750,44.1,NSK,53433.31,6664.47,web,sales,2024-09-22,false,0.2286,0,документы на проверке,sme
100751,31.2,UNKNOWN,84468.76,10519.76,partner,growth,2026-04-14,false,0.4289,0,перевод в другой отдел,sme
100752,26.4,OTHER_17,,2560.97,partner,sales,2025-01-09,false,0.3591,0,перевод в другой отдел,sme
100753,47.3,KZN,106687.99,2946.65,mobile,risk,2025-10-12,false,0.5171,0,документы на проверке,retail
100754,28.7,MSK,45284.85,12768.81,web,growth,2026-03-10,true,0.1466,0,перевод в другой отдел,sme
100755,57.1,UNKNOWN,109031.62,5699.52,offline,legal,2024-10-08,false,0.7108,0,повторное обращение,sme
1194,30.1,SPB,88553.18,6900.82,web,risk,2025-03-19,true,0.5196,0,заявка принята,sme
100757,28.4,MSK,163428.29,18779.74,mobile,support,2024-11-30,true,0.6674,0,,retail
100758,32.3,NSK,72813.74,17234.24,web,growth,2026-01-19,false,0.4172,0,клиент не отвечает,corporate
100759,44.5,EKB,64836.51,6538.73,web,ml,2026-03-10,true,1.0126,0,документы на проверке,corporate
100760,44.8,NSK,,2927.94,mobile,sales,2025-10-18,true,0.57,0,повторное обращение,sme
100761,47.2,KZN,27343.86,5932.23,partner,growth,2025-04-14,false,0.7311,0,повторное обращение,corporate
100762,36.2,NSK,36439.44,695.93,partner,legal,2025-07-10,false,0.5023,0,документы на проверке,corporate
881,44.5,MSK,,11831.22,web,growth,2025-03-27,false,0.7533,0,повторное обращение,corporate
100764,31.9,KZN,,2556.79,mobile,sales,2025-07-13,false,0.4471,0,клиент не отвечает,sme
100765,37.7,OTHER_17,182361.12,31574.49,mobile,legal,2025-07-22,true,0.7997,0,перевод в другой отдел,retail
100766,25.4,NSK,43271.77,8572.49,web,ml,2025-04-09,true,0.5767,0,,retail
100767,39.5,KZN,27920.6,22426.68,mobile,support,2026-02-09,false,0.7613,0,заявка принята,retail
100768,53.0,SPB,36168.86,10018.32,partner,ops,2025-08-03,false,0.5669,0,клиент не отвечает,retail
100769,25.6,EKB,41233.33,3899.89,web,risk,2024-10-11,true,0.5086,0,клиент не отвечает,retail
2719,47.3,KZN,47409.27,4182.42,mobile,ml,2025-09-22,false,0.686,0,заявка принята,corporate
100771,42.6,MSK,92043.26,7228.9,mobile,growth,2025-01-06,false,0.7222,0,клиент не отвечает,corporate
100772,40.1,OTHER_17,28932.39,15946.71,web,legal,2026-04-27,false,0.9853,0,,corporate
100773,32.4,KZN,129740.12,11342.52,partner,sales,2025-05-19,false,0.6343,0,заявка принята,retail
100774,47.9,OTHER_17,21051.37,3790.55,web,sales,2025-03-17,false,0.5225,0,заявка принята,corporate
100775,41.4,MSK,46927.45,2932.57,web,sales,2024-08-08,false,0.4271,0,документы на проверке,corporate
100776,70.8,MSK,37113.13,3010.97,offline,risk,2024-10-02,false,0.8248,0,клиент не отвечает,sme
3062,45.0,MSK,96081.8,4175.09,web,ml,2025-02-10,false,0.43,0,перевод в другой отдел,sme
100778,39.9,KZN,36034.61,17634.96,web,sales,2026-05-04,true,0.4257,0,клиент не отвечает,retail
100779,48.4,NSK,,12375.74,web,risk,2025-05-27,true,0.3729,0,повторное обращение,corporate
100780,22.8,MSK,84656.87,10377.91,offline,ops,2025-02-02,false,0.4959,0,повторное обращение,corporate
100781,59.5,OTHER_17,,15771.52,web,ml,2024-09-20,false,0.3522,0,перевод в другой отдел,retail
100782,39.7,UNKNOWN,,4874.16,partner,legal,2025-05-09,true,0.4962,0,повторное обращение,corporate
100783,25.7,NSK,62923.08,1046.03,web,risk,2026-02-12,true,0.8189,0,перевод в другой отдел,corporate
1526,14.3,UNKNOWN,48978.06,7997.93,web,ops,2025-09-11,true,0.2172,0,клиент не отвечает,retail
100785,28.7,NSK,90968.28,1856.8,offline,sales,2026-05-25,true,0.7609,0,клиент не отвечает,retail
100786,46.7,SPB,84334.07,12682.8,partner,support,2024-10-01,false,0.1571,0,перевод в другой отдел,retail
100787,26.8,NSK,60380.01,9913.76,partner,risk,2025-02-24,false,0.6094,0,повторное обращение,corporate
100788,36.9,MSK,87203.61,7037.85,offline,support,2025-01-16,false,0.1989,0,перевод в другой отдел,retail
100789,38.3,MSK,63495.53,7738.21,web,ops,2024-10-06,false,0.7757,0,клиент не отвечает,sme
100790,37.3,NSK,47422.21,5397.37,web,legal,2025-07-30,false,0.6801,0,перевод в другой отдел,retail
1391,67.3,MSK,113263.02,4017.38,web,sales,2024-09-30,true,0.557,0,документы на проверке,corporate
100792,25.7,NSK,72240.79,7147.21,web,growth,2026-06-01,true,0.6835,0,клиент не отвечает,retail
100793,26.2,UNKNOWN,34992.82,6644.49,mobile,sales,2025-09-25,true,0.4267,0,документы на проверке,corporate
100794,26.7,MSK,46952.34,12076.87,offline,ml,2025-10-16,false,1.0083,0,,retail
100795,26.8,UNKNOWN,108200.76,4110.35,mobile,legal,2025-05-05,false,0.379,0,повторное обращение,corporate
100796,65.6,KZN,72574.1,3846.05,web,growth,2025-09-07,false,0.6173,0,перевод в другой отдел,corporate
100797,16.8,SPB,78212.11,9610.79,partner,support,2025-02-16,false,0.7564,0,заявка принята,retail
2585,37.9,UNKNOWN,103455.51,11214.33,partner,legal,2025-10-03,true,0.7537,0,перевод в другой отдел,retail
100799,44.5,NSK,146923.98,3633.68,web,ops,2026-03-15,false,0.4827,0,клиент не отвечает,retail
100800,47.1,SPB,88109.59,25587.4,web,sales,2025-07-22,true,0.3233,0,клиент не отвечает,corporate
100801,21.6,MSK,49036.2,3153.64,web,legal,2024-11-23,true,0.5373,0,клиент не отвечает,sme
100802,66.2,MSK,78812.96,4497.42,web,legal,2024-07-30,false,0.7239,0,повторное обращение,retail
100803,31.5,EKB,,2741.13,mobile,growth,2025-09-23,true,0.4752,0,клиент не отвечает,corporate
100804,35.4,SPB,66023.97,61074.65,web,support,2025-06-27,true,0.2326,0,перевод в другой отдел,sme
1149,37.9,EKB,83623.26,9555.33,web,risk,2024-10-21,false,0.6579,0,клиент не отвечает,corporate
100806,39.0,KZN,68628.93,19956.92,offline,ml,2025-11-07,true,0.4735,0,заявка принята,retail
100807,65.7,UNKNOWN,144830.97,18175.01,mobile,sales,2024-09-13,true,0.3746,0,,corporate
100808,50.4,MSK,,2373.07,partner,growth,2025-03-20,false,0.3927,0,документы на проверке,retail
100809,40.5,UNKNOWN,70477.63,4094.38,web,risk,2024-08-09,true,0.5232,0,перевод в другой отдел,retail
100810,40.5,SPB,145417.37,1284.66,offline,growth,2025-05-06,false,0.6478,0,повторное обращение,sme
100811,41.9,KZN,33560.97,12992.15,offline,risk,2024-10-16,true,0.4547,0,документы на проверке,retail
166,30.0,EKB,,3529.96,mobile,sales,2024-11-14,false,0.3743,0,,sme
100813,27.8,SPB,42331.55,4656.03,partner,support,2025-12-10,false,0.5372,0,повторное обращение,retail
100814,37.4,UNKNOWN,36211.09,18570.82,mobile,ml,2026-05-30,true,0.3421,0,повторное обращение,corporate
100815,42.7,EKB,73463.15,5178.75,mobile,legal,2024-12-05,true,0.1797,0,клиент не отвечает,retail
100816,3.4,KZN,30043.35,3752.39,partner,growth,2026-02-21,true,0.1819,0,клиент не отвечает,sme
100817,22.7,SPB,34806.2,7676.7,web,support,2026-04-16,true,1.0737,0,документы на проверке,sme
100818,43.2,OTHER_17,80117.2,9439.83,mobile,growth,2026-02-28,true,0.6448,0,клиент не отвечает,corporate
510,57.1,UNKNOWN,85976.87,2730.09,web,growth,2025-09-21,false,0.3178,0,клиент не отвечает,sme
100820,34.4,NSK,98487.01,8673.97,web,growth,2026-01-10,false,0.2076,0,клиент не отвечает,corporate
100821,44.4,MSK,29340.25,15269.71,web,ops,2025-11-17,false,0.4893,0,,corporate
100822,50.8,NSK,38488.75,2202.8,mobile,risk,2026-04-27,true,0.2887,0,повторное обращение,corporate
100823,27.6,UNKNOWN,56978.32,3328.1,web,risk,2025-02-10,false,0.1705,0,заявка принята,retail
100824,18.3,MSK,138712.6,6894.23,web,growth,2025-08-13,true,0.2961,0,,corporate
100825,35.8,MSK,61145.8,858.64,web,legal,2025-05-05,true,0.674,0,повторное обращение,corporate
2145,39.4,SPB,41663.81,1653.31,offline,risk,2025-07-01,false,0.2287,0,заявка принята,sme
100827,45.6,SPB,,16051.67,partner,ml,2024-12-22,false,0.545,0,документы на проверке,corporate
100828,55.4,KZN,58368.51,2097.61,offline,sales,2025-04-21,false,0.6405,0,заявка принята,corporate
100829,56.8,EKB,41780.73,13303.54,web,ops,2026-03-19,false,0.4774,0,,retail
100830,56.7,NSK,56818.74,7519.85,offline,sales,2026-06-05,false,0.423,0,повторное обращение,retail
100831,44.1,EKB,54340.36,7003.06,offline,support,2025-11-11,false,0.6678,0,заявка принята,corporate
100832,38.8,UNKNOWN,63077.98,27579.08,partner,legal,2024-11-06,false,0.5162,0,клиент не отвечает,sme
685,37.1,EKB,38399.57,78625.65,mobile,risk,2025-09-20,true,0.2004,0,документы на проверке,corporate
100834,37.5,NSK,,98756.23,partner,growth,2024-11-17,false,0.1365,0,перевод в другой отдел,corporate
100835,36.7,SPB,43710.63,7797.26,web,ml,2025-09-12,true,0.5321,0,,sme
100836,42.6,SPB,33271.79,1719.7,mobile,sales,2025-05-03,false,0.4084,0,повторное обращение,retail
100837,48.8,SPB,97657.34,5669.88,web,ops,2025-11-16,false,0.4902,0,перевод в другой отдел,retail
100838,27.4,OTHER_17,217570.04,11230.73,web,ml,2025-07-13,true,0.4301,0,документы на проверке,retail
100839,31.8,SPB,78626.61,1876.84,mobile,ops,2026-06-01,true,0.5126,0,,corporate
1682,58.0,SPB,65051.34,6154.62,web,risk,2026-04-26,false,0.6591,0,повторное обращение,sme
100841,40.4,EKB,105624.58,5105.89,mobile,legal,2024-09-23,true,0.3743,0,повторное обращение,sme
100842,35.6,UNKNOWN,94374.13,5374.41,mobile,ml,2025-07-27,true,0.5617,0,клиент не отвечает,corporate
100843,31.4,OTHER_17,108027.79,7217.52,mobile,risk,2024-07-28,true,0.632,0,,retail
100844,49.6,SPB,,4664.28,web,ops,2024-11-01,true,0.5487,0,,corporate
100845,41.8,MSK,124980.63,22348.72,mobile,support,2026-04-25,true,0.5787,0,клиент не отвечает,corporate
100846,74.6,NSK,57317.39,15839.8,web,ops,2025-09-28,false,0.2346,0,заявка принята,sme
1983,56.0,EKB,97540.7,5101.25,mobile,risk,2024-09-17,false,0.5642,0,перевод в другой отдел,retail
100848,50.7,UNKNOWN,31207.45,13829.87,offline,risk,2024-11-29,false,0.4194,0,документы на проверке,sme
100849,37.1,EKB,78833.5,14964.23,mobile,risk,2026-03-22,false,0.5351,0,клиент не отвечает,sme
100850,21.9,KZN,27171.43,23833.59,partner,sales,2025-06-23,false,0.5659,0,повторное обращение,sme
100851,36.4,SPB,42956.44,4937.73,mobile,risk,2026-04-24,false,0.4676,0,,retail
100852,30.7,SPB,34223.67,8580.33,partner,growth,2025-12-20,true,0.6692,0,повторное обращение,corporate
100853,40.8,SPB,174471.92,27794.81,offline,sales,2025-05-16,true,0.799,0,клиент не отвечает,sme
785,53.7,KZN,46129.92,7659.65,mobile,support,2024-10-10,true,0.6535,0,документы на проверке,corporate
100855,71.3,UNKNOWN,98040.82,6759.41,mobile,ml,2026-05-27,true,0.3642,0,клиент не отвечает,sme
100856,54.2,NSK,157142.09,5837.91,web,risk,2026-01-26,true,0.5964,0,клиент не отвечает,corporate
100857,28.3,UNKNOWN,70299.73,10143.6,mobile,sales,2025-02-07,true,0.4741,0,документы на проверке,retail
100858,56.3,KZN,69083.61,1231.47,web,support,2026-04-12,false,0.8997,0,клиент не отвечает,retail
100859,42.5,MSK,40308.66,16632.0,web,ml,2025-08-23,true,0.5896,0,клиент не отвечает,retail
100860,38.6,EKB,39758.21,22401.15,mobile,ops,2025-11-16,true,0.3427,0,повторное обращение,retail
1205,23.3,UNKNOWN,42806.68,35341.02,partner,support,2025-02-04,true,0.3894,0,перевод в другой отдел,sme
100862,44.2,KZN,125748.9,24647.76,web,ops,2025-10-31,true,0.4813,0,,retail
100863,59.2,MSK,59992.36,2825.15,offline,support,2025-03-29,false,0.4737,0,перевод в другой отдел,sme
100864,20.7,KZN,45305.47,6159.93,mobile,sales,2024-08-19,true,0.6646,0,клиент не отвечает,retail
100865,66.1,MSK,,20694.71,offline,risk,2025-01-23,true,0.6061,0,клиент не отвечает,sme
100866,35.5,OTHER_17,85414.94,2901.45,mobile,ops,2025-11-10,false,0.5287,0,заявка принята,corporate
100867,38.1,EKB,29705.5,16169.94,partner,sales,2025-07-30,false,0.483,0,заявка принята,retail
2286,42.0,KZN,49093.61,10604.6,offline,sales,2026-02-14,false,0.4813,0,перевод в другой отдел,retail
100869,72.1,MSK,36645.8,2451.08,mobile,legal,2025-09-21,false,0.5218,0,повторное обращение,sme
100870,42.7,KZN,39691.72,4118.08,partner,support,2026-02-11,true,0.2306,0,заявка принята,corporate
100871,36.3,EKB,22158.19,11534.04,partner,legal,2024-08-03,true,0.4111,0,перевод в другой отдел,sme
100872,26.0,UNKNOWN,60416.91,37307.57,mobile,ml,2026-06-05,true,0.6019,0,клиент не отвечает,corporate
100873,32.9,MSK,43326.28,4264.64,mobile,sales,2026-05-22,false,0.6173,0,документы на проверке,retail
100874,44.5,MSK,87027.41,23278.32,mobile,sales,2024-08-26,false,0.6591,0,повторное обращение,retail
1703,9.4,MSK,132637.01,14056.91,web,growth,2025-08-24,false,0.8038,0,перевод в другой отдел,corporate
100876,37.9,EKB,57538.1,5111.07,mobile,sales,2026-02-18,false,0.3959,0,повторное обращение,retail
100877,50.7,MSK,,16900.84,mobile,ops,2025-07-27,false,0.6127,0,клиент не отвечает,sme
100878,57.0,SPB,70600.42,5034.23,web,risk,2024-11-24,false,0.4993,0,перевод в другой отдел,retail
100879,39.8,MSK,64805.44,37233.33,web,ml,2025-02-21,true,0.4381,0,перевод в другой отдел,sme
100880,30.2,SPB,60473.12,9804.19,web,risk,2024-12-03,false,0.6233,0,заявка принята,sme
100881,37.3,MSK,74274.95,11400.78,mobile,ops,2024-09-08,true,0.9684,0,документы на проверке,sme
1467,15.2,MSK,82311.95,3674.08,mobile,sales,2025-09-04,true,0.4599,0,повторное обращение,sme
100883,43.8,OTHER_17,73588.65,12940.1,mobile,sales,2025-01-21,true,0.5091,0,,sme
100884,24.0,OTHER_17,72387.33,18063.47,mobile,sales,2024-10-15,true,0.4868,0,,retail
100885,46.9,UNKNOWN,37465.77,6381.54,web,ops,2024-11-21,false,0.359,0,клиент не отвечает,sme
100886,20.6,SPB,111449.85,4364.99,offline,risk,2025-07-10,false,0.5902,0,,corporate
100887,42.3,MSK,88890.18,6519.71,partner,ml,2026-02-16,false,0.5052,0,заявка принята,corporate
100888,34.1,EKB,52208.32,2925.19,mobile,ops,2025-07-04,false,0.4464,0,документы на проверке,retail
3134,44.4,MSK,86933.23,9256.68,web,growth,2025-11-04,true,0.3696,0,перевод в другой отдел,corporate
100890,52.5,MSK,31061.4,4448.78,web,legal,2024-10-08,false,0.8819,0,документы на проверке,corporate
100891,52.2,NSK,111076.33,11997.86,offline,ml,2024-08-11,true,0.7901,0,документы на проверке,retail
100892,30.0,EKB,84798.66,7587.1,web,ml,2026-03-29,false,0.4864,0,документы на проверке,corporate
100893,44.4,EKB,64199.26,31419.89,web,legal,2025-02-15,false,1.0433,0,перевод в другой отдел,sme
100894,30.0,OTHER_17,169355.94,19130.33,web,ml,2026-05-17,false,0.3851,0,документы на проверке,sme
100895,30.9,NSK,29124.21,8274.28,mobile,ops,2025-07-17,true,0.8699,0,повторное обращение,retail
476,50.8,UNKNOWN,65008.73,2543.91,partner,ops,2026-03-29,true,0.2402,0,клиент не отвечает,retail
100897,44.1,KZN,38098.4,4650.67,mobile,risk,2026-05-29,false,0.4489,0,клиент не отвечает,sme
100898,48.3,MSK,56180.78,59974.86,web,legal,2026-05-01,false,0.4694,0,,sme
100899,25.3,KZN,98943.77,25711.81,mobile,support,2025-02-25,false,0.689,0,перевод в другой отдел,sme
100900,41.9,OTHER_17,126210.64,6418.01,web,sales,2025-04-17,true,0.0844,0,клиент не отвечает,sme
100901,60.9,EKB,177590.9,11562.12,partner,risk,2025-10-12,false,0.2793,0,перевод в другой отдел,corporate
100902,48.7,NSK,316050.05,33317.95,partner,support,2025-08-31,true,0.5291,0,документы на проверке,retail
205,40.2,NSK,121156.84,4909.23,web,legal,2024-09-27,true,0.8367,0,перевод в другой отдел,retail
100904,58.3,KZN,61691.02,11737.14,web,ml,2025-12-28,true,0.6059,0,,retail
100905,57.9,KZN,28547.95,2988.57,web,ops,2025-10-10,true,0.3628,0,клиент не отвечает,retail
100906,34.8,MSK,98589.68,12622.52,partner,support,2025-10-19,false,0.5099,0,перевод в другой отдел,corporate
100907,65.2,SPB,98343.43,15920.54,mobile,risk,2025-08-11,false,0.5588,0,клиент не отвечает,sme
100908,36.7,MSK,48281.9,8055.27,web,sales,2025-10-26,true,0.3893,0,,retail
100909,34.7,MSK,,10948.44,mobile,legal,2024-08-04,false,0.5757,0,заявка принята,corporate
968,46.0,OTHER_17,135201.5,2214.49,mobile,support,2026-06-04,false,0.3877,0,повторное обращение,retail
100911,30.0,KZN,17224.73,3285.44,offline,ops,2026-06-17,false,1.0317,0,клиент не отвечает,retail
100912,52.6,OTHER_17,58369.59,14512.13,partner,growth,2025-03-12,false,0.7885,0,перевод в другой отдел,sme
100913,52.1,SPB,36805.79,5526.11,mobile,sales,2025-12-05,true,0.6854,0,документы на проверке,sme
100914,56.1,KZN,45674.12,7824.65,mobile,risk,2024-09-20,true,0.5314,0,клиент не отвечает,sme
100915,40.2,SPB,130179.88,9853.09,web,sales,2025-10-15,true,0.3695,0,клиент не отвечает,sme
100916,49.3,SPB,100489.13,1422.35,partner,legal,2024-10-27,false,0.9943,0,перевод в другой отдел,corporate
513,40.5,UNKNOWN,65230.89,10382.68,mobile,ops,2026-04-24,true,0.3146,0,,sme
100918,17.2,MSK,,3802.79,web,ops,2025-11-02,false,0.6099,0,клиент не отвечает,corporate
100919,18.7,MSK,46334.54,15277.37,mobile,ops,2026-03-07,false,0.5195,0,документы на проверке,retail
100920,64.9,UNKNOWN,86467.62,14189.46,mobile,support,2025-05-21,true,0.5059,0,документы на проверке,retail
100921,30.3,MSK,,17264.21,web,ml,2025-07-29,true,0.631,0,повторное обращение,sme
100922,74.4,UNKNOWN,196596.54,9106.04,mobile,growth,2026-03-24,false,0.4946,0,повторное обращение,sme
100923,40.0,MSK,36902.42,1850.23,mobile,sales,2025-07-27,true,0.4413,0,перевод в другой отдел,sme
2456,23.3,EKB,64568.2,2942.57,web,ml,2026-01-28,true,0.3591,0,заявка принята,retail
100925,28.4,UNKNOWN,34322.18,6064.55,web,sales,2026-03-25,true,0.6861,0,,retail
100926,31.4,OTHER_17,120706.49,11816.77,web,legal,2025-05-06,false,0.5287,0,,sme
100927,44.5,KZN,45441.41,2373.35,mobile,legal,2025-08-02,false,0.7749,0,,retail
100928,45.1,UNKNOWN,46685.14,2000.77,mobile,ops,2025-07-26,false,0.559,0,,sme
100929,33.7,SPB,,3694.34,partner,support,2026-05-06,false,0.7548,0,перевод в другой отдел,corporate
100930,34.3,SPB,40682.7,6213.8,mobile,risk,2024-08-31,true,0.6248,0,документы на проверке,sme
1525,53.3,MSK,92299.66,54968.62,web,risk,2025-09-18,false,0.6025,0,перевод в другой отдел,sme
100932,63.3,NSK,,15420.5,mobile,ops,2026-01-21,false,0.5036,0,заявка принята,retail
100933,43.0,UNKNOWN,79891.86,6598.75,offline,support,2025-08-07,false,0.4343,0,перевод в другой отдел,sme
100934,25.8,MSK,51517.66,17484.8,web,ml,2024-11-18,true,0.1908,0,перевод в другой отдел,corporate
100935,45.4,UNKNOWN,70513.86,17054.05,partner,sales,2025-05-04,true,0.2175,0,,retail
100936,37.2,SPB,,3283.55,partner,sales,2025-07-03,true,0.5025,0,клиент не отвечает,retail
100937,49.5,KZN,55134.21,6495.44,mobile,ml,2026-02-06,true,0.3484,0,повторное обращение,retail
2430,42.8,MSK,93487.71,18420.36,partner,ops,2025-07-15,false,0.3456,0,,sme
100939,35.0,KZN,90692.31,31471.9,web,legal,2025-07-02,true,0.7938,0,перевод в другой отдел,retail
100940,28.8,MSK,60375.58,10454.62,mobile,support,2025-10-18,false,0.3936,0,заявка принята,corporate
100941,38.6,SPB,92182.03,56164.92,mobile,growth,2026-02-24,true,0.3545,0,перевод в другой отдел,retail
100942,41.9,OTHER_17,55615.72,1220.49,partner,sales,2026-03-14,false,0.5129,0,,sme
100943,36.7,UNKNOWN,,4200.27,web,support,2026-03-09,false,0.3225,0,клиент не отвечает,retail
100944,35.9,KZN,99498.24,7526.32,mobile,ml,2026-05-10,false,0.6392,0,перевод в другой отдел,retail
328,29.1,EKB,151333.88,16791.64,mobile,risk,2026-02-28,true,0.9084,0,документы на проверке,corporate
100946,27.5,MSK,68469.86,3830.46,partner,growth,2024-12-18,false,0.6989,0,перевод в другой отдел,retail
100947,16.4,UNKNOWN,100497.37,7821.21,web,ops,2024-10-04,true,0.6752,0,перевод в другой отдел,sme
100948,31.3,NSK,42166.92,20770.27,mobile,legal,2026-01-10,false,0.7823,0,перевод в другой отдел,retail
100949,60.0,MSK,138221.46,7754.85,partner,legal,2025-12-18,false,0.708,0,клиент не отвечает,corporate
100950,26.9,NSK,64847.93,11001.99,mobile,risk,2024-12-18,true,0.1018,0,документы на проверке,corporate
100951,22.6,MSK,295183.52,12603.86,web,risk,2025-09-05,false,0.5918,0,заявка принята,corporate
1831,44.3,MSK,40086.94,12484.32,mobile,growth,2025-03-05,false,0.3819,0,,retail
100953,53.6,KZN,26043.35,5532.04,web,legal,2026-05-05,true,0.5049,0,документы на проверке,sme
100954,33.8,MSK,84874.51,1524.22,mobile,support,2026-03-14,true,0.6262,0,заявка принята,retail
100955,27.9,MSK,50744.37,2624.07,partner,support,2025-12-05,false,0.0926,0,перевод в другой отдел,corporate
100956,31.2,EKB,62173.47,2961.89,web,support,2024-10-19,false,0.5906,0,заявка принята,sme
100957,44.5,NSK,59358.7,32263.23,partner,legal,2025-11-29,true,0.8236,0,,corporate
100958,46.1,SPB,101055.07,4223.69,web,legal,2025-07-23,false,0.452,0,повторное обращение,sme
1691,37.4,MSK,24618.72,7785.76,partner,ops,2025-04-24,true,0.751,0,документы на проверке,retail
100960,40.7,MSK,65571.05,6822.1,offline,ml,2025-06-07,true,0.4603,0,заявка принята,corporate
100961,51.4,MSK,45192.22,3193.18,web,legal,2025-07-08,true,0.6482,0,повторное обращение,retail
100962,59.2,KZN,99567.76,5101.94,mobile,growth,2025-04-08,false,0.8435,0,клиент не отвечает,retail
100963,52.8,SPB,74117.93,8622.92,web,legal,2024-10-22,false,0.5848,0,перевод в другой отдел,retail
100964,34.0,EKB,63445.81,4648.62,offline,ops,2026-04-05,true,0.4686,0,заявка принята,sme
100965,29.4,OTHER_17,70171.92,37251.38,web,support,2025-05-01,false,0.7985,0,перевод в другой отдел,corporate
2992,2.8,MSK,26628.58,10972.44,partner,risk,2025-06-22,true,0.4484,0,перевод в другой отдел,sme
100967,64.0,EKB,193991.91,3556.36,mobile,risk,2024-07-31,true,0.6458,0,клиент не отвечает,retail
100968,40.9,UNKNOWN,63033.08,4086.02,web,ml,2025-05-01,true,0.6812,0,клиент не отвечает,retail
100969,56.6,MSK,98185.49,5168.6,partner,legal,2026-03-11,false,0.431,0,документы на проверке,retail
100970,66.6,MSK,77226.69,15837.61,web,ops,2024-11-28,false,0.5228,0,документы на проверке,corporate
100971,34.8,SPB,75405.53,2452.24,partner,legal,2025-06-04,true,0.8702,0,,corporate
100972,39.4,SPB,46421.35,7862.58,web,support,2025-07-03,false,0.5049,0,повторное обращение,corporate
1768,55.6,OTHER_17,54973.53,8181.61,mobile,sales,2025-12-16,true,0.6619,0,перевод в другой отдел,corporate
100974,35.9,KZN,68298.52,5353.74,web,ml,2026-05-07,true,0.8641,0,заявка принята,corporate
100975,40.3,NSK,30020.4,7110.88,partner,ops,2026-04-29,false,0.8635,0,клиент не отвечает,corporate
100976,36.3,NSK,,15001.95,mobile,ops,2024-12-21,false,0.57,0,перевод в другой отдел,retail
100977,48.1,SPB,39232.78,4596.95,web,ops,2025-04-23,false,0.7009,0,повторное обращение,retail
100978,54.1,MSK,,13331.92,partner,ops,2025-07-08,true,0.6622,0,повторное обращение,sme
100979,34.2,KZN,,1377.21,web,growth,2025-09-25,false,0.4822,0,,corporate
300,29.4,EKB,50146.62,5731.55,mobile,support,2025-08-13,false,0.1343,0,клиент не отвечает,sme
100981,57.5,SPB,178154.59,5076.1,mobile,ml,2025-12-11,true,0.6826,0,заявка принята,corporate
100982,34.6,UNKNOWN,26938.18,1920.68,mobile,ops,2025-01-01,false,0.7401,0,заявка принята,retail
100983,23.8,UNKNOWN,44032.67,13614.63,partner,risk,2026-05-29,false,0.5544,0,документы на проверке,corporate
100984,42.9,MSK,72929.75,4441.82,mobile,growth,2025-11-14,false,0.6491,0,документы на проверке,corporate
100985,42.3,SPB,,8416.3,web,growth,2026-03-12,true,0.7051,0,документы на проверке,retail
100986,30.7,SPB,58085.64,2255.92,partner,ops,2025-12-31,true,0.5796,0,,sme
2528,53.9,SPB,126290.94,571.7,partner,risk,2025-11-25,true,0.4749,0,,retail
100988,40.6,KZN,37943.57,34971.75,web,sales,2024-09-20,true,0.4628,0,перевод в другой отдел,corporate
100989,39.3,MSK,132627.2,5952.94,web,sales,2025-08-24,false,0.5455,0,документы на проверке,sme
100990,52.3,MSK,146791.5,2799.05,partner,sales,2025-08-16,true,0.3323,0,перевод в другой отдел,corporate
100991,17.3,MSK,52433.32,6028.02,mobile,support,2026-02-23,true,0.1303,0,документы на проверке,sme
100992,47.0,MSK,75365.1,3571.93,offline,sales,2025-11-19,true,0.4043,0,повторное обращение,sme
100993,54.8,OTHER_17,34303.94,27359.64,web,ops,2025-04-04,true,0.5398,0,,retail
1689,35.2,SPB,,9248.23,web,growth,2024-09-27,true,0.8843,0,клиент не отвечает,sme
100995,40.6,KZN,107276.95,3581.77,web,ops,2024-11-20,false,0.3185,0,документы на проверке,sme
100996,38.4,EKB,56631.45,14680.38,web,growth,2026-04-23,false,0.5146,0,клиент не отвечает,corporate
100997,39.4,EKB,27601.74,7689.49,mobile,risk,2024-12-08,false,0.5811,0,,corporate
100998,26.7,UNKNOWN,38393.6,6927.44,web,support,2025-10-27,false,0.6858,0,,sme
100999,29.7,KZN,53569.42,5421.66,web,ops,2024-11-07,true,0.7123,0,заявка принята,corporate
101000,47.3,OTHER_17,74718.88,6269.6,mobile,risk,2025-02-27,true,0.8183,0,перевод в другой отдел,retail
1971,39.3,MSK,75206.22,6658.36,mobile,risk,2026-02-06,false,0.3243,0,перевод в другой отдел,sme
101002,59.3,NSK,73113.7,4613.52,mobile,ml,2025-04-03,true,0.6872,0,,sme
101003,57.4,NSK,26909.84,4801.25,web,legal,2026-03-26,false,0.4724,0,заявка принята,corporate
101004,46.3,SPB,55992.93,7796.4,web,risk,2025-09-06,false,0.6575,0,документы на проверке,retail
101005,29.1,SPB,101861.51,4613.77,web,support,2025-12-13,false,0.4248,0,документы на проверке,corporate
101006,43.7,NSK,58058.46,5030.28,web,growth,2025-07-19,true,0.3575,0,документы на проверке,sme
101007,18.7,MSK,58848.24,5561.62,offline,sales,2025-02-11,false,0.5365,0,,retail
98,29.2,SPB,,2181.11,partner,sales,2026-03-27,true,0.6138,0,,retail
101009,58.4,EKB,51567.12,2837.33,web,ml,2024-09-17,true,0.7125,0,документы на проверке,retail
101010,39.6,OTHER_17,82437.84,24754.22,web,support,2025-09-14,true,0.6085,0,документы на проверке,corporate
101011,36.0,UNKNOWN,129351.87,4922.76,mobile,growth,2025-09-02,false,0.3363,0,повторное обращение,retail
101012,39.4,SPB,43642.88,4610.95,web,legal,2025-09-06,false,0.505,0,,retail
101013,45.7,OTHER_17,117104.97,4100.48,mobile,sales,2025-01-11,true,0.6415,0,документы на проверке,corporate
101014,36.1,OTHER_17,,3581.14,web,risk,2024-12-09,true,0.6756,0,повторное обращение,retail
800,45.4,KZN,60193.63,7217.56,mobile,legal,2025-07-31,true,0.4777,0,клиент не отвечает,retail
101016,30.1,MSK,124839.48,9740.89,partner,ml,2025-04-28,true,0.7144,0,документы на проверке,corporate
101017,53.3,MSK,20896.53,8644.86,web,sales,2025-01-22,true,0.3975,0,документы на проверке,corporate
101018,42.2,SPB,121900.71,9177.22,web,legal,2025-03-01,false,0.4573,0,перевод в другой отдел,corporate
101019,56.6,MSK,83537.04,6249.64,mobile,ops,2025-01-01,true,0.5229,0,перевод в другой отдел,sme
101020,53.0,NSK,67823.47,4481.75,web,sales,2026-06-11,true,0.4682,0,перевод в другой отдел,corporate
101021,34.6,MSK,39534.53,2350.85,mobile,ml,2024-10-01,true,0.5666,0,,corporate
835,39.8,EKB,107099.38,19343.6,mobile,legal,2026-02-01,true,0.603,0,,retail
101023,34.6,OTHER_17,78355.55,3981.44,mobile,support,2025-10-30,false,0.7097,0,,retail
101024,33.6,MSK,56827.13,2242.97,mobile,support,2025-12-19,false,0.678,0,документы на проверке,corporate
101025,46.8,MSK,58014.78,19948.92,web,risk,2025-12-16,true,0.484,0,перевод в другой отдел,retail
101026,53.5,UNKNOWN,94480.64,7131.5,partner,growth,2024-07-28,true,0.5073,0,клиент не отвечает,corporate
101027,21.9,KZN,,14786.52,web,ops,2024-09-19,true,0.7265,0,заявка принята,sme
101028,51.5,SPB,99263.4,4251.74,web,sales,2025-10-02,true,1.0882,0,,corporate
1480,43.9,UNKNOWN,96586.28,10080.67,web,growth,2024-08-12,false,0.4832,0,перевод в другой отдел,corporate
101030,34.8,UNKNOWN,151824.17,6914.04,partner,ml,2026-01-27,true,0.437,0,заявка принята,retail
101031,23.0,MSK,45878.63,2626.42,web,risk,2025-07-23,true,0.801,0,повторное обращение,sme
101032,26.3,EKB,64377.36,2487.82,mobile,risk,2025-11-08,true,0.2566,0,перевод в другой отдел,retail
101033,60.0,MSK,67397.01,12298.35,web,ops,2025-05-16,false,0.6291,0,перевод в другой отдел,corporate
101034,72.5,MSK,66883.79,14027.14,mobile,risk,2024-09-16,false,0.7581,0,документы на проверке,retail
101035,43.4,OTHER_17,26799.49,3038.46,mobile,growth,2024-10-26,false,0.0465,0,перевод в другой отдел,sme
1198,36.4,UNKNOWN,86295.99,7105.6,web,legal,2025-09-29,true,0.7079,0,повторное обращение,retail
101037,38.0,MSK,70292.73,4742.37,partner,risk,2026-03-04,true,0.6604,0,документы на проверке,retail
101038,68.7,SPB,77521.59,2314.53,partner,sales,2025-08-04,false,0.7682,0,клиент не отвечает,sme
101039,48.9,NSK,108237.81,4818.59,mobile,risk,2025-01-12,false,0.1902,0,,corporate
101040,25.7,OTHER_17,149511.05,2164.83,web,ml,2025-12-30,true,0.2599,0,,retail
101041,24.5,OTHER_17,56777.84,19916.96,partner,growth,2026-04-13,true,0.4601,0,документы на проверке,retail
101042,40.2,SPB,41546.7,3236.11,web,risk,2025-11-23,false,0.7168,0,документы на проверке,sme
1790,53.5,OTHER_17,37785.42,4864.77,web,sales,2024-10-29,false,0.7828,0,заявка принята,corporate
101044,43.2,MSK,110135.11,5756.75,partner,sales,2024-08-14,false,0.393,0,документы на проверке,corporate
101045,23.7,SPB,36639.85,23164.56,mobile,risk,2024-11-26,true,0.6243,0,заявка принята,retail
101046,55.8,KZN,69032.84,6264.97,web,growth,2025-02-15,true,0.6013,0,перевод в другой отдел,corporate
101047,45.9,KZN,61394.12,13375.52,mobile,risk,2026-03-23,true,0.4946,0,документы на проверке,sme
101048,47.8,NSK,42176.77,11996.3,mobile,ops,2025-04-06,true,0.1887,0,заявка принята,corporate
101049,15.2,MSK,40648.15,6732.8,mobile,support,2025-08-18,true,0.4802,0,,retail
432,51.1,MSK,46546.05,3793.47,offline,sales,2025-12-19,true,0.2642,0,документы на проверке,sme
101051,49.9,SPB,65742.5,1164.08,web,support,2025-07-19,true,0.4876,0,,corporate
101052,52.6,EKB,26123.97,16472.18,web,ml,2026-04-22,true,0.7312,0,повторное обращение,corporate
101053,56.3,SPB,73586.57,4988.02,mobile,support,2026-03-19,false,0.6652,0,перевод в другой отдел,corporate
101054,44.4,UNKNOWN,70816.31,6622.88,mobile,legal,2025-09-15,false,0.7109,0,документы на проверке,retail
101055,33.0,OTHER_17,22780.31,3257.1,mobile,support,2026-02-06,true,0.6646,0,документы на проверке,corporate
101056,50.7,SPB,38150.41,9450.49,web,ops,2024-11-21,false,0.8116,0,клиент не отвечает,sme
2646,40.3,SPB,48729.76,10024.09,web,growth,2024-11-30,false,0.4743,0,повторное обращение,retail
101058,44.1,KZN,179270.67,18241.26,web,growth,2026-05-31,true,0.6089,0,клиент не отвечает,corporate
101059,54.8,MSK,64286.81,7169.74,partner,sales,2024-11-13,true,0.2879,0,,retail
101060,53.9,MSK,38426.85,2308.25,offline,growth,2024-08-17,false,0.5253,0,документы на проверке,retail
101061,31.3,MSK,130991.47,2316.69,mobile,ops,2026-04-19,false,0.5043,0,клиент не отвечает,retail
101062,62.0,EKB,,10437.56,web,ml,2025-08-14,true,0.3507,0,документы на проверке,corporate
101063,42.9,SPB,93395.54,29966.19,web,support,2026-04-02,true,0.7161,0,перевод в другой отдел,corporate
957,58.0,EKB,97626.36,16873.76,offline,support,2024-07-30,false,0.4079,0,,sme
101065,51.7,UNKNOWN,76223.11,2427.9,web,sales,2025-02-20,true,0.4971,0,клиент не отвечает,corporate
101066,29.2,UNKNOWN,,2592.39,partner,ml,2025-12-11,true,0.3874,0,,sme
101067,34.3,NSK,74993.09,20773.25,offline,ops,2025-04-04,true,0.4885,0,клиент не отвечает,corporate
101068,35.4,OTHER_17,30523.12,2134.35,web,growth,2025-02-21,false,0.7933,0,,corporate
101069,34.0,OTHER_17,175878.34,920.87,web,growth,2025-10-30,false,0.2522,0,,sme
101070,48.6,MSK,59402.34,22077.1,mobile,ml,2025-05-20,false,0.3033,0,заявка принята,retail
2392,52.8,SPB,161016.42,2018.37,mobile,support,2026-03-23,false,0.804,0,клиент не отвечает,corporate
101072,27.4,UNKNOWN,46890.65,4793.01,mobile,risk,2025-05-30,false,0.3673,0,заявка принята,sme
101073,47.0,MSK,,1997.2,web,legal,2026-04-08,true,0.5538,0,перевод в другой отдел,sme
101074,27.4,SPB,,16794.15,web,support,2025-05-09,true,0.4073,0,перевод в другой отдел,retail
101075,49.9,NSK,101650.21,51193.4,mobile,legal,2024-07-27,false,0.7655,0,документы на проверке,corporate
101076,51.9,NSK,,3878.49,partner,sales,2025-05-11,true,0.4083,0,перевод в другой отдел,retail
101077,30.6,SPB,,3210.64,mobile,growth,2025-09-19,true,0.2341,0,заявка принята,corporate
2775,39.6,MSK,38553.03,4995.69,offline,growth,2025-07-21,true,0.4181,0,заявка принята,sme
101079,47.4,MSK,188661.39,2554.44,mobile,risk,2025-02-26,false,0.6286,0,заявка принята,retail
101080,53.2,OTHER_17,58198.06,2554.65,web,ops,2026-02-26,false,0.3941,0,повторное обращение,retail
101081,71.0,SPB,51998.98,1199.3,web,growth,2026-02-10,false,0.1966,0,заявка принята,retail
101082,40.2,NSK,77168.96,11113.01,mobile,risk,2025-06-16,false,0.83,0,заявка принята,retail
101083,54.8,SPB,35916.03,9036.66,offline,sales,2025-03-13,true,0.4713,0,повторное обращение,corporate
101084,31.5,MSK,63216.44,4559.04,mobile,sales,2025-11-09,true,0.4114,0,документы на проверке,corporate
2112,56.0,OTHER_17,101440.26,8879.62,partner,ml,2024-09-18,false,0.8702,0,перевод в другой отдел,sme
101086,18.1,UNKNOWN,40259.53,12712.03,offline,risk,2025-04-24,false,0.6358,0,перевод в другой отдел,sme
101087,45.5,KZN,45641.42,11989.59,partner,legal,2026-02-28,true,0.4483,0,клиент не отвечает,retail
101088,30.5,UNKNOWN,36110.79,6004.23,mobile,ml,2026-05-07,true,0.8526,0,заявка принята,corporate
101089,30.3,SPB,117306.31,7650.13,web,risk,2026-02-28,false,0.5218,0,перевод в другой отдел,corporate
101090,38.9,MSK,,1722.88,web,growth,2025-08-11,true,0.4933,0,клиент не отвечает,corporate
101091,49.6,EKB,55539.69,3476.35,partner,ml,2025-04-14,true,0.7435,0,перевод в другой отдел,retail
958,45.1,SPB,129490.75,2339.29,web,legal,2025-04-04,true,0.2942,0,заявка принята,corporate
101093,64.3,SPB,67961.11,7289.89,partner,legal,2025-10-26,true,0.809,0,документы на проверке,retail
101094,32.5,NSK,88326.68,5196.37,mobile,risk,2025-03-21,true,0.3184,0,перевод в другой отдел,sme
101095,44.6,MSK,43534.14,5981.28,web,sales,2026-04-20,true,0.4437,0,перевод в другой отдел,retail
101096,21.2,UNKNOWN,66722.39,5439.73,web,ml,2026-06-09,true,0.4493,0,заявка принята,retail
101097,36.4,OTHER_17,87471.39,7805.29,web,legal,2025-09-28,true,0.7486,0,клиент не отвечает,sme
101098,61.9,MSK,71148.05,7455.95,mobile,support,2025-06-16,true,0.5722,0,повторное обращение,corporate
1403,40.4,OTHER_17,,6544.6,mobile,risk,2025-07-20,true,0.4188,0,,sme
101100,53.5,KZN,92773.64,2099.15,web,sales,2024-11-26,false,0.7417,0,клиент не отвечает,retail
101101,32.1,EKB,37402.73,10437.01,web,ops,2025-05-11,false,0.4141,0,перевод в другой отдел,retail
101102,64.2,MSK,58840.06,11383.34,web,support,2025-11-15,true,0.786,0,перевод в другой отдел,sme
101103,60.3,MSK,,19501.56,web,support,2024-10-15,true,0.4202,0,,retail
101104,57.6,OTHER_17,46542.42,7068.81,web,ops,2024-08-10,true,0.2752,0,перевод в другой отдел,retail
101105,29.1,MSK,62600.55,10089.29,web,ml,2025-10-30,true,0.4775,0,клиент не отвечает,sme
1425,30.7,OTHER_17,73810.91,4915.07,web,sales,2024-08-24,false,0.7381,0,перевод в другой отдел,sme
101107,41.2,MSK,,6650.25,offline,sales,2025-11-26,true,0.6869,0,заявка принята,retail
101108,47.4,OTHER_17,166375.81,9559.65,mobile,growth,2024-11-15,false,0.0555,0,документы на проверке,corporate
101109,57.1,MSK,,3680.33,web,ml,2024-10-25,false,0.5506,0,документы на проверке,corporate
101110,63.7,SPB,53703.32,6409.65,web,growth,2025-03-29,false,0.7698,0,повторное обращение,retail
101111,55.1,MSK,54863.25,10321.67,partner,ml,2026-02-03,false,0.5829,0,клиент не отвечает,retail
101112,52.4,MSK,72164.51,33466.63,web,support,2026-02-12,false,0.6173,0,повторное обращение,retail
550,35.7,OTHER_17,,25079.78,web,sales,2026-06-17,false,0.714,0,повторное обращение,retail
101114,55.0,UNKNOWN,113459.62,8012.51,mobile,sales,2026-04-26,true,0.3519,0,повторное обращение,sme
101115,47.8,MSK,66808.47,2315.27,web,legal,2025-12-18,false,0.7166,0,перевод в другой отдел,sme
101116,49.5,UNKNOWN,31779.36,19187.36,partner,ml,2025-10-26,false,0.2565,0,повторное обращение,corporate
101117,45.2,OTHER_17,99367.0,4475.12,mobile,ml,2024-11-20,true,0.6306,0,документы на проверке,corporate
101118,42.5,KZN,79915.01,5925.4,mobile,ops,2024-08-01,false,0.4033,0,документы на проверке,sme
101119,44.7,MSK,86171.23,13780.67,web,sales,2025-05-24,false,0.5426,0,,retail
79,9.8,UNKNOWN,32840.28,8888.45,mobile,sales,2025-05-17,true,0.6164,0,,sme
101121,40.9,OTHER_17,91747.95,16948.91,web,risk,2025-01-15,false,0.4501,0,перевод в другой отдел,retail
101122,33.4,NSK,57613.66,6161.64,mobile,sales,2025-05-19,false,-0.0872,0,документы на проверке,sme
101123,36.1,MSK,101341.94,7222.8,web,ml,2025-05-21,true,0.6626,0,заявка принята,corporate
101124,34.7,EKB,,6860.22,web,legal,2025-12-06,false,0.8053,0,документы на проверке,corporate
101125,65.1,MSK,53793.58,9529.32,offline,risk,2025-10-12,true,0.7104,0,,sme
101126,44.2,SPB,,8479.5,web,ops,2024-11-12,false,0.7006,0,повторное обращение,sme
2414,34.0,OTHER_17,44709.91,1582.42,web,risk,2025-11-26,false,0.8249,0,перевод в другой отдел,sme
101128,53.2,MSK,80657.32,42633.74,mobile,sales,2025-11-29,false,0.7005,0,заявка принята,corporate
101129,37.1,UNKNOWN,60637.87,2439.64,mobile,support,2024-08-19,false,0.424,0,заявка принята,corporate
101130,32.5,NSK,169436.57,14412.25,web,support,2025-12-03,true,0.6677,0,клиент не отвечает,sme
101131,15.6,KZN,89394.62,10042.77,mobile,sales,2024-09-12,true,0.4157,0,документы на проверке,sme
101132,41.7,MSK,68873.19,1378.72,mobile,support,2024-10-05,true,0.6103,0,перевод в другой отдел,corporate
101133,17.7,MSK,62574.55,5590.56,web,risk,2026-06-01,true,0.5936,0,,retail
1107,31.3,EKB,26476.03,21023.67,web,risk,2024-11-24,false,0.146,0,клиент не отвечает,corporate
101135,33.5,SPB,135454.78,36221.81,web,support,2025-05-20,true,0.6087,0,клиент не отвечает,retail
101136,24.4,KZN,,6191.47,web,ops,2026-01-16,false,0.4102,0,,sme
101137,44.4,SPB,36157.97,14492.12,web,ops,2025-09-04,true,0.5357,0,повторное обращение,corporate
101138,52.2,UNKNOWN,66988.97,7942.55,mobile,growth,2024-11-06,true,0.5948,0,клиент не отвечает,retail
101139,58.3,NSK,52840.77,13678.94,mobile,support,2025-10-12,true,0.2266,0,клиент не отвечает,retail
101140,45.4,MSK,46602.5,14594.66,mobile,ops,2025-12-27,true,0.5361,0,повторное обращение,corporate
1973,70.2,NSK,65065.93,5380.68,partner,sales,2026-05-24,true,0.2181,0,повторное обращение,sme
101142,44.3,MSK,149559.07,8802.14,web,ops,2025-05-14,false,0.5583,0,,sme
101143,33.9,KZN,28414.9,16116.96,web,ml,2025-04-14,true,0.454,0,перевод в другой отдел,sme
101144,30.5,UNKNOWN,103285.72,21102.92,mobile,ml,2025-05-23,true,0.9123,0,заявка принята,retail
101145,58.6,EKB,47886.35,30524.65,web,support,2024-11-22,true,0.3922,0,клиент не отвечает,sme
101146,24.9,EKB,80280.61,39020.87,web,legal,2024-09-04,false,0.0675,0,заявка принята,corporate
101147,51.0,MSK,31508.96,3014.42,mobile,sales,2025-11-20,false,0.4917,0,,retail
2969,57.7,MSK,,6501.58,mobile,legal,2026-06-17,true,0.7892,0,документы на проверке,corporate
101149,35.6,MSK,56897.74,19210.86,offline,ops,2025-06-27,true,0.6127,0,заявка принята,sme
101150,17.5,MSK,95398.82,6919.9,web,support,2024-07-30,false,0.5621,0,заявка принята,corporate
101151,42.7,MSK,53548.61,5050.51,partner,ml,2026-05-13,true,0.2711,0,повторное обращение,retail
101152,32.8,EKB,44919.95,32272.67,web,growth,2025-03-31,false,0.5986,0,перевод в другой отдел,retail
101153,24.5,OTHER_17,39457.7,11625.48,mobile,support,2026-05-17,true,0.3336,0,документы на проверке,corporate
101154,46.1,UNKNOWN,69868.11,4995.16,partner,support,2026-02-25,true,0.5393,0,перевод в другой отдел,retail
1548,26.4,SPB,30830.1,11145.93,web,risk,2025-03-05,false,0.5635,0,,sme
101156,15.1,MSK,,1412.34,mobile,risk,2025-02-15,false,0.6554,0,,sme
101157,39.1,SPB,51688.85,4817.9,mobile,legal,2025-04-09,false,0.7584,0,заявка принята,sme
101158,52.2,OTHER_17,66150.75,2480.56,mobile,ops,2025-04-28,true,0.7486,0,,corporate
101159,31.5,MSK,106746.86,2193.79,offline,support,2025-08-08,true,0.4204,0,заявка принята,retail
101160,65.5,MSK,92051.48,6153.68,web,ml,2025-05-05,true,0.4832,0,документы на проверке,corporate
101161,34.6,KZN,38426.99,6864.46,web,ml,2025-11-02,true,0.442,0,документы на проверке,corporate
2014,47.6,MSK,123982.35,3153.21,mobile,ops,2024-10-08,false,0.2227,0,клиент не отвечает,retail
101163,68.6,SPB,173463.96,4248.89,partner,risk,2026-05-27,true,0.4751,0,повторное обращение,corporate
101164,46.5,MSK,60780.35,2985.01,web,sales,2026-01-25,true,0.383,0,,sme
101165,5.3,MSK,114342.41,16744.64,partner,risk,2026-03-21,false,0.5492,0,заявка принята,retail
101166,59.5,SPB,,37400.5,mobile,legal,2025-02-24,true,0.2521,0,повторное обращение,retail
101167,29.6,SPB,117577.07,17807.67,partner,risk,2025-05-07,true,0.3499,0,заявка принята,corporate
101168,17.8,KZN,52791.1,2377.99,offline,sales,2024-08-01,true,0.6615,0,перевод в другой отдел,corporate
2024,45.9,KZN,47884.2,2819.5,offline,ml,2025-04-03,true,0.38,0,,sme
101170,46.9,OTHER_17,205406.46,16630.59,web,legal,2024-11-05,false,0.5843,0,повторное обращение,corporate
101171,56.4,MSK,65071.33,6691.35,mobile,growth,2025-06-05,false,0.6022,0,,sme
101172,46.9,MSK,,7977.06,web,legal,2024-12-08,false,0.7086,0,заявка принята,sme
101173,55.4,KZN,31963.38,4396.32,web,sales,2026-05-12,true,0.3961,0,клиент не отвечает,retail
101174,45.9,SPB,88833.61,13649.15,web,support,2025-04-03,true,0.6483,0,документы на проверке,corporate
101175,28.3,SPB,,12927.84,web,legal,2025-12-12,false,0.5892,0,клиент не отвечает,sme
311,38.9,NSK,76763.89,1545.94,web,sales,2024-12-21,false,0.6609,0,клиент не отвечает,corporate
101177,41.1,OTHER_17,59604.8,20353.1,partner,support,2024-08-26,true,0.4224,0,клиент не отвечает,sme
101178,45.1,UNKNOWN,,3236.71,mobile,risk,2025-06-12,false,0.7227,0,заявка принята,retail
101179,45.7,UNKNOWN,,11710.44,mobile,sales,2025-01-17,false,0.7751,0,повторное обращение,retail
101180,37.7,MSK,13381.0,15793.36,partner,ml,2026-05-04,true,0.453,0,,sme
101181,38.9,OTHER_17,43528.27,2836.36,mobile,ops,2025-06-05,true,0.4273,0,повторное обращение,corporate
101182,57.8,OTHER_17,76740.26,9833.43,mobile,support,2025-01-13,false,0.6745,0,перевод в другой отдел,corporate
1445,44.4,SPB,79904.73,3932.46,offline,ops,2025-07-01,true,0.652,0,клиент не отвечает,retail
101184,44.0,UNKNOWN,116631.73,9159.97,web,legal,2024-07-28,true,0.2972,0,повторное обращение,retail
101185,30.5,UNKNOWN,53098.79,14512.73,mobile,risk,2025-01-17,true,0.3315,0,перевод в другой отдел,retail
101186,33.4,SPB,57737.21,8567.45,web,ops,2026-03-26,false,0.4154,0,заявка принята,corporate
101187,62.3,SPB,118327.62,4432.03,mobile,support,2026-05-11,false,0.7112,0,документы на проверке,corporate
101188,55.4,MSK,61017.63,3934.27,web,sales,2025-11-09,true,0.4048,0,перевод в другой отдел,corporate
101189,57.2,UNKNOWN,58499.14,12879.7,web,ml,2025-01-25,true,0.4181,0,повторное обращение,sme
2506,47.8,NSK,29722.78,3980.25,mobile,risk,2024-09-10,true,0.7263,0,клиент не отвечает,sme
101191,47.0,MSK,69617.89,2655.13,web,legal,2025-02-03,false,0.3555,0,заявка принята,retail
101192,31.4,UNKNOWN,42978.0,1393.72,mobile,ml,2024-10-26,false,0.5577,0,документы на проверке,sme
101193,43.1,KZN,62728.61,325.6,partner,support,2025-10-25,true,0.6144,0,,retail
101194,17.9,UNKNOWN,37741.15,5156.48,mobile,legal,2026-02-04,true,0.7479,0,перевод в другой отдел,sme
101195,56.2,NSK,33509.28,9616.75,web,legal,2025-07-19,false,0.6851,0,клиент не отвечает,retail
101196,57.9,EKB,99287.61,6023.75,mobile,ops,2025-09-01,true,0.5942,0,перевод в другой отдел,retail
889,26.5,UNKNOWN,38285.75,1973.02,web,support,2025-10-29,true,0.6783,0,повторное обращение,corporate
101198,37.9,MSK,45725.85,78551.27,mobile,sales,2025-06-29,false,0.7031,0,повторное обращение,corporate
101199,60.4,UNKNOWN,44846.82,38540.03,web,ops,2026-03-27,false,0.342,0,перевод в другой отдел,sme
101200,29.0,NSK,114576.77,8965.8,mobile,ml,2025-11-05,true,0.5821,0,заявка принята,retail
101201,34.0,MSK,,19868.16,partner,growth,2025-04-07,false,0.6415,0,клиент не отвечает,retail
101202,42.9,NSK,41097.89,3138.39,web,growth,2025-07-16,true,0.493,0,документы на проверке,corporate
101203,22.2,SPB,,8358.76,web,risk,2024-09-23,true,0.4338,0,заявка принята,corporate
738,34.6,SPB,,10456.07,web,sales,2025-12-24,false,0.5823,0,повторное обращение,sme
101205,29.7,UNKNOWN,50127.98,7180.61,mobile,growth,2024-09-06,true,0.9395,0,перевод в другой отдел,retail
101206,59.7,OTHER_17,44633.54,8427.59,web,legal,2024-09-10,false,0.6714,0,,sme
101207,39.0,SPB,239350.41,8123.59,mobile,risk,2025-04-09,true,0.375,0,документы на проверке,corporate
101208,30.7,UNKNOWN,164778.42,4336.16,web,sales,2025-07-07,true,0.6164,0,клиент не отвечает,sme
101209,51.7,NSK,22009.17,13081.38,web,ml,2024-12-02,false,0.4197,0,документы на проверке,retail
101210,47.4,OTHER_17,,11210.83,partner,risk,2025-02-26,true,0.0107,0,перевод в другой отдел,sme
593,58.4,UNKNOWN,31445.21,6335.09,partner,ml,2026-01-06,false,0.5365,0,заявка принята,corporate
101212,51.6,KZN,110893.02,9533.15,web,risk,2025-02-09,true,0.4834,0,перевод в другой отдел,sme
101213,20.2,UNKNOWN,47232.51,4869.84,web,support,2026-03-12,true,0.6732,0,повторное обращение,sme
101214,58.3,EKB,65769.65,6422.5,mobile,support,2026-01-28,true,0.7209,0,,sme
101215,52.3,MSK,41606.49,6136.59,web,support,2026-01-26,false,0.4465,0,повторное обращение,corporate
101216,10.7,SPB,40956.1,2041.15,offline,risk,2025-04-14,true,0.2866,0,,retail
101217,48.3,MSK,47059.71,11988.08,offline,ml,2025-07-12,true,0.5219,0,заявка принята,retail
2692,41.7,NSK,,14186.06,web,ops,2025-03-21,false,0.6726,0,перевод в другой отдел,corporate
101219,42.0,EKB,,8314.39,offline,legal,2024-11-21,true,0.4856,0,клиент не отвечает,retail
101220,61.9,MSK,68700.01,23060.39,web,support,2025-02-24,false,0.5824,0,документы на проверке,retail
101221,37.0,SPB,18133.37,11515.51,mobile,support,2024-11-23,false,0.5049,0,клиент не отвечает,corporate
101222,36.1,OTHER_17,64167.5,17419.06,mobile,legal,2025-05-16,true,0.418,0,,retail
101223,34.6,MSK,61769.1,13368.09,mobile,growth,2026-05-06,false,0.6848,0,перевод в другой отдел,sme
101224,9.7,UNKNOWN,108692.69,12500.94,partner,risk,2024-12-12,true,0.5602,0,заявка принята,retail
1224,47.0,SPB,47708.51,5198.12,web,sales,2024-11-09,true,0.1741,0,документы на проверке,retail
101226,53.1,UNKNOWN,117528.2,4656.78,web,growth,2026-04-23,true,0.3871,0,,sme
101227,32.6,OTHER_17,121548.98,2947.86,mobile,legal,2026-06-09,true,0.3044,0,,sme
101228,44.5,SPB,108282.44,1844.21,offline,growth,2025-03-09,true,0.3828,0,,retail
101229,29.7,UNKNOWN,,8587.83,web,sales,2024-09-04,false,0.3679,0,,corporate
101230,61.3,EKB,79680.81,6554.42,mobile,ml,2024-10-26,false,0.4642,0,заявка принята,sme
101231,46.0,KZN,41589.9,4922.02,web,ml,2025-03-27,true,0.3969,0,документы на проверке,sme
1686,50.1,SPB,60657.86,4827.44,mobile,growth,2025-08-13,false,0.7342,0,заявка принята,corporate
101233,39.5,EKB,,7355.65,mobile,sales,2024-08-09,true,0.5962,0,перевод в другой отдел,corporate
101234,21.5,SPB,36592.65,7078.91,web,support,2026-05-25,false,0.4431,0,повторное обращение,corporate
101235,39.6,KZN,49164.13,3493.46,partner,sales,2025-03-16,true,0.16,0,,retail
101236,33.7,OTHER_17,,7096.35,partner,support,2025-08-20,true,0.5603,0,документы на проверке,sme
101237,21.8,SPB,58188.6,12255.68,web,growth,2025-06-02,true,0.3536,0,клиент не отвечает,sme
101238,45.7,NSK,112155.36,14548.07,offline,ops,2025-04-02,false,0.4932,0,заявка принята,retail
3165,57.8,NSK,103753.62,23381.0,mobile,support,2025-08-30,true,0.8723,0,перевод в другой отдел,sme
101240,45.5,UNKNOWN,84620.3,9449.05,mobile,support,2024-10-10,true,0.4308,0,документы на проверке,sme
101241,51.0,SPB,67359.76,17538.8,mobile,legal,2025-07-04,true,0.447,0,,corporate
101242,42.6,MSK,19755.69,4466.98,mobile,legal,2025-06-25,false,0.9837,0,заявка принята,sme
101243,33.0,SPB,27341.87,21447.32,web,risk,2026-01-29,true,0.6301,0,перевод в другой отдел,sme
101244,55.9,MSK,23702.49,31091.09,mobile,support,2025-08-14,true,0.7612,0,документы на проверке,corporate
101245,50.3,UNKNOWN,127074.73,5302.37,mobile,legal,2025-10-11,true,0.6508,0,документы на проверке,sme
2412,34.9,NSK,79778.64,4615.0,web,legal,2025-05-04,false,0.381,0,,corporate
101247,45.0,MSK,207983.05,9358.4,mobile,growth,2026-03-10,true,0.5907,0,,retail
101248,49.6,UNKNOWN,75241.07,1175.29,mobile,ops,2025-06-14,true,0.029,0,документы на проверке,retail
101249,26.7,UNKNOWN,30827.17,58704.25,offline,risk,2026-06-01,false,0.3391,0,клиент не отвечает,sme
101250,30.9,KZN,,868.74,partner,risk,2025-08-30,true,0.2981,0,,retail
101251,35.2,MSK,179502.18,4544.83,partner,risk,2025-07-05,false,0.7246,0,клиент не отвечает,sme
101252,47.1,MSK,256758.98,4562.23,offline,sales,2025-12-11,false,0.5805,0,документы на проверке,retail
3109,31.8,KZN,173134.86,7144.86,web,ml,2025-03-10,true,0.7886,0,клиент не отвечает,retail
101254,33.4,SPB,,8048.26,mobile,growth,2025-05-20,false,0.3938,0,клиент не отвечает,corporate
101255,22.4,NSK,40364.91,5341.12,web,growth,2025-03-22,true,0.5117,0,повторное обращение,sme
101256,39.8,NSK,59781.83,14314.72,mobile,sales,2024-08-15,true,0.5864,0,клиент не отвечает,corporate
101257,50.8,MSK,25341.82,9248.95,partner,sales,2026-05-26,true,0.4275,0,заявка принята,retail
101258,37.8,MSK,11818.67,5996.93,offline,support,2025-11-18,false,0.6353,0,,sme
101259,50.0,KZN,110568.08,4430.13,mobile,ml,2025-11-13,true,0.1049,0,заявка принята,sme
237,36.5,EKB,129449.9,12401.39,offline,sales,2025-01-15,false,0.7128,0,документы на проверке,retail
101261,44.4,UNKNOWN,55213.64,5581.98,offline,risk,2025-07-22,true,0.2159,0,перевод в другой отдел,retail
101262,32.0,UNKNOWN,,5406.24,mobile,ml,2026-02-17,false,0.507,0,перевод в другой отдел,retail
101263,21.5,EKB,44916.13,34832.27,web,legal,2025-02-10,true,0.1341,0,клиент не отвечает,retail
101264,16.1,UNKNOWN,27627.04,17889.11,mobile,support,2026-06-09,false,0.488,0,повторное обращение,retail
101265,42.1,SPB,40288.94,4782.11,web,growth,2025-12-03,false,0.2602,0,клиент не отвечает,corporate
101266,59.5,OTHER_17,127288.78,6837.52,mobile,support,2026-02-06,true,0.321,0,перевод в другой отдел,retail
2543,40.1,MSK,82573.72,11681.23,mobile,growth,2025-02-08,false,0.7782,0,перевод в другой отдел,sme
101268,41.8,KZN,40284.5,29268.86,mobile,legal,2024-08-19,false,0.6233,0,заявка принята,corporate
101269,51.9,MSK,68080.97,15109.66,offline,legal,2026-04-24,true,0.8054,0,заявка принята,corporate
101270,44.9,MSK,,18816.91,web,growth,2024-10-06,true,0.6358,0,,sme
101271,51.0,UNKNOWN,17001.5,8497.21,mobile,ops,2024-10-29,true,0.3743,0,перевод в другой отдел,sme
101272,60.9,UNKNOWN,156164.21,11641.74,mobile,sales,2025-10-26,false,0.5033,0,клиент не отвечает,sme
101273,30.9,MSK,129268.33,9959.7,web,legal,2025-02-26,false,0.7244,0,повторное обращение,retail
2842,47.3,OTHER_17,175340.69,10023.88,web,ops,2024-12-24,false,0.6685,0,клиент не отвечает,corporate
101275,30.9,EKB,,3349.65,web,risk,2026-05-18,true,0.3265,0,документы на проверке,retail
101276,28.6,KZN,152413.77,16107.57,mobile,ops,2025-08-20,false,0.5906,0,повторное обращение,retail
101277,23.9,MSK,,11990.08,web,legal,2025-08-20,true,0.5885,0,перевод в другой отдел,retail
101278,44.3,OTHER_17,62975.58,15836.87,web,sales,2025-10-23,false,0.9785,0,заявка принята,sme
101279,55.9,MSK,57003.16,7676.96,partner,legal,2025-04-07,false,0.5418,0,документы на проверке,retail
101280,31.6,MSK,49531.87,11374.4,mobile,sales,2025-12-04,true,0.7411,0,клиент не отвечает,retail
2692,41.8,SPB,,17035.35,mobile,ops,2024-10-05,false,0.5999,0,заявка принята,corporate
101282,47.1,UNKNOWN,94576.76,1261.15,mobile,ml,2024-09-08,false,0.8199,0,документы на проверке,sme
101283,45.6,OTHER_17,,5615.87,mobile,ml,2025-09-19,true,0.3904,0,клиент не отвечает,sme
101284,27.7,SPB,189872.11,6851.01,web,ml,2024-10-08,false,0.2534,0,клиент не отвечает,corporate
101285,52.0,SPB,45045.24,1902.95,web,growth,2025-01-30,false,0.3866,0,повторное обращение,corporate
101286,52.5,UNKNOWN,37348.21,10849.71,mobile,ml,2025-08-10,false,0.8278,0,перевод в другой отдел,sme
101287,59.3,EKB,53776.04,9880.66,web,growth,2025-11-24,false,0.4735,0,документы на проверке,corporate
1018,36.2,MSK,36375.4,14638.23,web,legal,2026-02-21,true,0.3395,0,перевод в другой отдел,sme
101289,46.5,EKB,,8958.7,partner,legal,2026-01-03,false,0.6145,0,заявка принята,retail
101290,41.9,MSK,47762.27,2515.81,mobile,risk,2024-09-12,false,0.6615,0,документы на проверке,corporate
101291,58.3,MSK,29681.47,8312.86,mobile,growth,2026-02-24,false,0.6874,0,документы на проверке,retail
101292,29.6,SPB,82256.14,19941.07,partner,legal,2026-03-31,false,0.5181,0,заявка принята,retail
101293,43.7,UNKNOWN,,3294.83,web,risk,2024-10-17,false,0.4477,0,перевод в другой отдел,retail
101294,46.8,SPB,51999.64,10022.72,mobile,sales,2024-09-16,false,0.3656,0,повторное обращение,retail
589,35.2,SPB,68282.02,31066.11,offline,legal,2025-02-10,true,0.5219,0,,corporate
101296,31.0,NSK,169195.99,16262.45,web,ml,2025-07-29,false,0.5449,0,документы на проверке,retail
101297,40.0,MSK,111585.32,4621.21,web,sales,2025-04-09,true,0.7877,0,,sme
101298,23.1,NSK,55792.42,21913.37,web,ops,2024-07-24,true,0.5921,0,перевод в другой отдел,corporate
101299,60.8,SPB,,15347.93,web,legal,2026-01-08,true,0.8464,0,,retail
101300,25.1,EKB,,8394.63,web,growth,2025-07-15,true,0.3722,0,клиент не отвечает,sme
101301,38.1,NSK,120547.65,16267.49,mobile,sales,2024-09-15,false,0.5357,0,,corporate
886,46.7,SPB,111614.18,40734.06,web,growth,2026-05-31,false,0.145,0,перевод в другой отдел,corporate
101303,33.0,KZN,122063.6,15800.27,web,ml,2024-08-05,true,0.3959,0,документы на проверке,corporate
101304,37.7,UNKNOWN,130202.55,1443.15,offline,legal,2026-01-15,false,0.4696,0,повторное обращение,corporate
101305,28.3,SPB,43635.42,9543.19,mobile,sales,2026-05-02,false,0.4491,0,перевод в другой отдел,sme
101306,34.3,MSK,92052.47,6357.23,mobile,risk,2025-02-09,false,0.3899,0,заявка принята,sme
101307,45.6,EKB,71953.54,13903.79,web,legal,2024-11-12,false,0.5133,0,,retail
101308,34.9,UNKNOWN,65655.58,11289.82,partner,sales,2025-03-29,true,0.8136,0,перевод в другой отдел,sme
1759,17.8,NSK,84088.56,6241.42,web,legal,2024-09-12,false,0.4324,0,клиент не отвечает,retail
101310,38.4,MSK,66859.53,2438.74,offline,sales,2026-02-05,true,0.3483,0,клиент не отвечает,sme
101311,55.5,SPB,183717.49,2200.05,mobile,legal,2025-01-06,true,0.4451,0,перевод в другой отдел,retail
101312,47.9,OTHER_17,108792.89,3296.32,offline,legal,2025-10-10,true,0.3998,0,,corporate
101313,38.4,SPB,,5249.42,offline,ops,2025-08-29,true,1.0432,0,повторное обращение,sme
101314,37.0,OTHER_17,,23252.55,web,support,2025-08-14,false,0.2629,0,клиент не отвечает,corporate
101315,51.5,EKB,,2632.52,mobile,risk,2026-03-23,false,0.4715,0,документы на проверке,sme
2473,40.5,EKB,58393.03,6443.42,mobile,ml,2025-04-06,true,0.3125,0,перевод в другой отдел,corporate
101317,21.0,SPB,25638.2,7423.38,web,sales,2024-12-13,false,0.6994,0,перевод в другой отдел,corporate
101318,55.3,SPB,48987.64,1500.11,partner,support,2024-12-11,true,0.5637,0,повторное обращение,retail
101319,5.8,SPB,89016.7,3499.18,mobile,support,2024-08-12,true,0.3279,0,заявка принята,sme
101320,35.7,MSK,36136.47,15998.0,web,support,2024-12-10,false,0.5064,0,заявка принята,sme
101321,37.7,KZN,61114.37,21105.07,web,growth,2026-04-02,false,0.7893,0,клиент не отвечает,sme
101322,42.8,MSK,,2675.57,offline,risk,2026-02-27,true,0.584,0,клиент не отвечает,sme
2348,18.8,KZN,91817.83,16877.69,mobile,legal,2025-09-21,false,0.4702,0,перевод в другой отдел,retail
101324,46.2,SPB,44159.55,46711.7,mobile,ops,2025-11-05,true,0.2147,0,перевод в другой отдел,retail
101325,36.5,OTHER_17,184935.16,20745.0,web,ops,2024-10-29,true,0.5374,0,клиент не отвечает,retail
101326,35.1,EKB,56055.85,24662.54,web,support,2025-08-04,false,0.3458,0,клиент не отвечает,corporate
101327,38.5,EKB,168052.58,9835.52,mobile,growth,2024-11-04,true,0.6249,0,повторное обращение,retail
101328,49.7,SPB,51977.69,2716.15,mobile,legal,2024-12-06,false,0.8627,0,клиент не отвечает,corporate
101329,35.9,MSK,31364.21,2646.82,offline,sales,2024-08-05,true,0.4305,0,перевод в другой отдел,retail
1694,51.3,OTHER_17,,7942.0,mobile,ops,2024-08-13,true,0.6509,0,клиент не отвечает,retail
101331,38.8,NSK,138221.55,10319.08,web,legal,2026-03-19,true,0.771,0,документы на проверке,sme
101332,7.0,SPB,66797.75,5961.65,web,legal,2026-05-12,false,0.3761,0,документы на проверке,corporate
101333,43.1,EKB,83691.53,13663.43,web,support,2024-08-16,true,0.6426,0,,sme
101334,58.2,SPB,61202.3,1997.63,mobile,support,2026-01-23,false,0.591,0,заявка принята,retail
101335,45.6,EKB,158069.89,13342.37,partner,support,2025-04-08,true,0.1883,0,документы на проверке,retail
101336,26.1,UNKNOWN,54306.6,10741.64,web,growth,2026-04-08,false,0.3132,0,клиент не отвечает,corporate
1289,66.3,EKB,83710.68,13101.15,mobile,sales,2026-05-18,true,0.5593,0,заявка принята,retail
101338,28.7,MSK,70908.51,30232.23,offline,legal,2025-03-20,true,0.2887,0,повторное обращение,retail
101339,30.1,SPB,21743.99,1236.46,mobile,ml,2025-02-02,true,0.5126,0,документы на проверке,corporate
101340,25.0,NSK,36210.97,4375.94,partner,ml,2025-08-22,true,0.849,0,перевод в другой отдел,retail
101341,53.4,UNKNOWN,49444.62,12545.43,partner,support,2024-11-05,false,0.793,0,,retail
101342,31.9,SPB,38924.22,4333.9,web,risk,2024-11-22,false,0.2176,0,,retail
101343,38.1,MSK,,1900.27,mobile,legal,2025-04-04,false,0.401,0,документы на проверке,sme
1217,49.4,NSK,203588.84,4377.72,web,ml,2024-08-31,false,0.1756,0,документы на проверке,retail
101345,24.0,UNKNOWN,81687.42,8567.58,mobile,sales,2024-10-26,false,0.7976,0,перевод в другой отдел,corporate
101346,46.5,UNKNOWN,84177.99,10483.44,web,legal,2026-05-21,false,0.2938,0,документы на проверке,retail
101347,37.1,MSK,67991.99,36969.38,offline,risk,2025-08-06,true,0.4579,0,заявка принята,corporate
101348,32.0,OTHER_17,59917.98,2956.14,web,ops,2026-01-30,true,0.8493,0,заявка принята,corporate
101349,55.1,UNKNOWN,67138.71,8410.54,web,growth,2025-03-28,true,0.2974,0,документы на проверке,retail
101350,43.6,NSK,111493.99,10837.76,partner,ops,2025-08-22,true,0.559,0,клиент не отвечает,sme
1022,34.2,OTHER_17,39714.9,10367.02,mobile,risk,2025-08-19,true,0.7527,0,повторное обращение,sme
101352,43.7,UNKNOWN,242937.23,18165.26,web,growth,2024-11-24,false,1.0175,0,клиент не отвечает,sme
101353,43.5,NSK,81988.44,6819.92,mobile,legal,2026-03-01,true,0.3114,0,,sme
101354,34.3,UNKNOWN,129007.68,8420.44,mobile,ops,2024-12-19,false,0.6176,0,документы на проверке,corporate
101355,17.7,OTHER_17,,17698.93,web,ml,2025-08-06,false,0.5365,0,документы на проверке,retail
101356,77.9,UNKNOWN,36950.46,5772.9,mobile,ops,2025-03-29,false,0.3777,0,заявка принята,sme
101357,31.7,OTHER_17,,10261.65,partner,risk,2025-04-21,false,0.5906,0,заявка принята,sme
1425,41.6,UNKNOWN,46280.61,20238.65,web,growth,2026-01-29,false,0.0817,0,повторное обращение,corporate
101359,39.9,UNKNOWN,64044.18,42837.48,web,legal,2024-07-21,false,0.8943,0,перевод в другой отдел,corporate
101360,41.2,SPB,48975.88,10023.49,mobile,risk,2026-03-21,true,0.2635,0,клиент не отвечает,corporate
101361,41.7,EKB,38091.19,4459.47,partner,growth,2024-10-14,true,0.3169,0,повторное обращение,corporate
101362,29.4,KZN,173390.34,5760.93,offline,ops,2024-10-31,false,0.6312,0,,retail
101363,37.1,NSK,,4576.49,offline,growth,2024-11-25,true,0.5804,0,клиент не отвечает,retail
101364,55.7,MSK,67205.06,28688.34,mobile,ops,2025-03-05,false,0.905,0,повторное обращение,corporate
3102,53.2,SPB,,7828.4,partner,support,2025-05-28,false,0.4204,0,документы на проверке,sme
101366,49.6,UNKNOWN,58689.85,2753.53,offline,support,2025-06-18,true,0.3196,0,перевод в другой отдел,sme
101367,12.2,UNKNOWN,47224.85,4472.33,mobile,ml,2026-03-31,true,0.6324,0,заявка принята,retail
101368,41.6,SPB,40269.83,5445.01,web,support,2026-04-02,false,0.487,0,заявка принята,retail
101369,36.7,MSK,,7811.84,partner,ops,2025-05-12,true,0.6264,0,заявка принята,sme
101370,50.4,SPB,109588.35,34152.21,web,risk,2025-01-27,false,0.4517,0,повторное обращение,retail
101371,29.4,MSK,31245.83,6695.54,partner,ml,2026-01-25,false,0.6029,0,документы на проверке,sme
976,26.4,EKB,32702.86,7152.28,partner,sales,2025-09-22,true,0.5012,0,заявка принята,sme
101373,34.6,UNKNOWN,125321.12,1839.53,web,growth,2024-11-22,true,0.5093,0,,corporate
101374,46.6,MSK,90138.7,42885.63,offline,legal,2024-11-22,true,0.4284,0,клиент не отвечает,corporate
101375,29.1,MSK,101691.23,14490.61,mobile,sales,2026-02-24,false,0.1,0,заявка принята,corporate
101376,43.8,OTHER_17,163167.18,13158.47,offline,ml,2025-04-13,false,0.6618,0,,retail
101377,55.2,OTHER_17,152164.41,6699.04,web,growth,2025-06-26,false,0.568,0,заявка принята,corporate
101378,45.0,UNKNOWN,57439.67,8734.21,web,legal,2025-01-21,false,0.6263,0,повторное обращение,sme
1208,36.7,MSK,50062.03,5048.34,web,legal,2026-06-09,false,0.6886,0,,corporate
101380,36.9,MSK,44935.76,2165.44,web,ml,2025-08-17,true,0.7149,0,клиент не отвечает,sme
101381,52.5,UNKNOWN,35748.45,4918.81,mobile,growth,2024-07-22,true,0.5203,0,,retail
101382,31.3,NSK,16179.73,2730.2,web,ops,2024-08-08,false,0.377,0,перевод в другой отдел,sme
101383,52.2,EKB,48432.03,28611.93,mobile,support,2026-04-11,true,0.566,0,заявка принята,retail
101384,43.0,MSK,,2518.95,mobile,sales,2025-04-20,true,0.5468,0,документы на проверке,sme
101385,17.7,EKB,80257.15,751.09,mobile,sales,2026-03-23,false,0.8235,0,клиент не отвечает,corporate
2207,68.6,UNKNOWN,61155.15,6319.83,mobile,ops,2026-02-06,false,0.7057,0,клиент не отвечает,corporate
101387,48.4,OTHER_17,,4965.52,partner,legal,2024-12-18,false,0.4908,0,перевод в другой отдел,corporate
101388,32.6,MSK,94733.72,7172.23,web,sales,2026-04-21,false,0.3619,0,клиент не отвечает,retail
101389,57.6,EKB,103452.44,9652.75,web,ops,2026-04-18,false,0.4329,0,повторное обращение,retail
101390,55.5,MSK,,9719.7,web,sales,2025-10-12,true,0.5965,0,перевод в другой отдел,corporate
101391,49.6,NSK,,3861.88,web,risk,2024-08-16,true,0.3896,0,перевод в другой отдел,retail
101392,43.6,EKB,49905.35,2320.7,web,growth,2026-04-21,false,0.5187,0,перевод в другой отдел,corporate
433,36.3,SPB,111370.85,5414.47,web,risk,2026-04-05,true,0.3477,0,повторное обращение,corporate
101394,50.0,EKB,,1227.59,mobile,support,2025-07-03,true,0.5134,0,повторное обращение,retail
101395,47.3,OTHER_17,96987.34,2648.41,web,sales,2025-09-06,true,0.382,0,,corporate
101396,55.9,OTHER_17,46063.38,8320.29,mobile,legal,2024-08-19,false,0.2234,0,,retail
101397,42.9,MSK,46564.58,7144.5,partner,sales,2024-11-26,false,0.4983,0,повторное обращение,sme
101398,64.4,NSK,63447.76,2025.81,offline,sales,2026-04-29,false,0.6583,0,перевод в другой отдел,sme
101399,25.3,NSK,214165.01,7002.53,web,ml,2024-10-02,true,0.7898,0,заявка принята,corporate
2770,44.4,NSK,66006.25,17178.98,partner,legal,2025-05-22,false,0.2428,0,повторное обращение,sme
101401,31.5,NSK,75644.0,11047.33,web,risk,2025-12-21,true,0.5185,0,заявка принята,sme
101402,26.8,NSK,46665.83,1952.52,mobile,ml,2026-05-14,true,0.4801,0,,retail
101403,37.8,NSK,,6245.68,web,ops,2024-12-18,true,0.4076,0,документы на проверке,sme
101404,35.2,SPB,37216.91,3149.52,web,ops,2025-08-07,false,0.6661,0,,sme
101405,45.7,NSK,144149.49,20286.65,partner,sales,2024-12-30,true,0.711,0,заявка принята,sme
101406,47.6,SPB,62435.63,4461.73,web,sales,2024-08-17,false,0.5387,0,документы на проверке,corporate
2139,34.9,NSK,48197.64,6571.16,offline,sales,2024-09-01,true,0.3561,0,,sme
101408,76.5,UNKNOWN,72388.61,7610.79,web,risk,2024-11-27,false,0.4404,0,документы на проверке,sme
101409,47.6,SPB,105646.16,16684.28,web,growth,2024-12-31,true,0.7065,0,клиент не отвечает,retail
101410,45.8,MSK,71683.9,2627.3,mobile,support,2025-10-02,true,0.7073,0,документы на проверке,retail
101411,25.4,SPB,25736.52,6107.28,mobile,ml,2026-03-24,false,0.3018,0,перевод в другой отдел,retail
101412,34.7,EKB,74839.32,35091.28,web,legal,2025-08-30,false,0.2583,0,документы на проверке,retail
101413,26.5,OTHER_17,82449.83,2752.88,mobile,support,2024-10-17,true,0.6616,0,документы на проверке,retail
153,31.2,SPB,150837.58,6979.54,mobile,legal,2024-10-11,false,0.6917,0,документы на проверке,retail
101415,41.9,UNKNOWN,,10763.5,web,growth,2025-01-10,true,0.4654,0,заявка принята,corporate
101416,40.7,UNKNOWN,,1269.09,partner,legal,2025-08-23,false,0.6143,0,повторное обращение,corporate
101417,30.7,UNKNOWN,102739.3,2351.3,partner,ml,2025-03-10,false,0.7351,0,документы на проверке,retail
101418,68.7,EKB,,2725.09,mobile,risk,2025-01-09,false,0.7912,0,перевод в другой отдел,sme
101419,53.5,UNKNOWN,45733.92,9132.69,web,legal,2024-08-28,true,0.3712,0,повторное обращение,retail
101420,19.5,KZN,21404.68,14281.56,web,risk,2026-02-11,false,0.4661,0,перевод в другой отдел,sme
1083,34.7,MSK,62575.37,3010.45,mobile,ml,2025-06-23,false,0.8308,0,,corporate
101422,60.7,NSK,43643.65,1899.44,mobile,legal,2024-09-20,true,0.3851,0,клиент не отвечает,corporate
101423,46.5,NSK,48017.39,6524.05,web,sales,2026-05-23,false,0.3867,0,,sme
101424,66.0,KZN,,2781.42,mobile,legal,2025-07-08,true,0.6495,0,повторное обращение,retail
101425,45.1,OTHER_17,,4298.79,mobile,ml,2026-06-14,false,0.3161,0,,retail
101426,37.8,NSK,95929.1,4540.44,web,support,2025-07-07,true,0.2733,0,заявка принята,corporate
101427,57.7,EKB,66042.67,11714.75,partner,growth,2026-05-20,true,0.7516,0,,corporate
1010,71.0,NSK,41733.14,1428.25,mobile,ops,2026-06-16,false,0.3308,0,клиент не отвечает,corporate
101429,55.9,KZN,56531.24,9175.21,web,growth,2025-08-09,false,0.6255,0,повторное обращение,sme
101430,18.3,NSK,25185.83,7938.59,partner,risk,2026-02-06,true,0.6695,0,клиент не отвечает,retail
101431,46.2,MSK,72074.97,5726.42,web,legal,2025-11-05,true,0.457,0,клиент не отвечает,corporate
101432,34.0,UNKNOWN,82564.84,15744.52,web,legal,2025-02-25,true,0.8225,0,документы на проверке,corporate
101433,73.8,OTHER_17,31388.74,3214.58,mobile,legal,2024-12-11,false,0.7021,0,заявка принята,retail
101434,43.8,MSK,83781.19,9234.91,web,support,2025-04-06,false,0.5642,0,перевод в другой отдел,corporate
283,40.8,UNKNOWN,53270.77,2851.11,mobile,growth,2026-02-20,false,0.5159,0,клиент не отвечает,sme
101436,60.7,MSK,33026.88,2160.28,web,growth,2026-02-04,true,0.3814,0,повторное обращение,corporate
101437,29.8,OTHER_17,153644.7,22156.49,web,ml,2024-08-12,true,0.5206,0,перевод в другой отдел,corporate
101438,53.6,MSK,,7550.85,web,sales,2025-05-25,false,0.7893,0,заявка принята,corporate
101439,31.4,KZN,38249.65,1917.04,web,support,2026-06-05,true,0.6438,0,документы на проверке,sme
101440,42.2,NSK,34948.94,12355.34,offline,legal,2025-11-20,true,0.3577,0,повторное обращение,corporate
101441,26.8,OTHER_17,34190.63,6493.49,offline,growth,2025-04-01,true,0.661,0,,corporate
1358,72.8,NSK,81042.97,4630.02,mobile,ml,2025-03-30,true,0.7192,0,документы на проверке,sme
101443,38.4,OTHER_17,73878.33,24118.66,partner,risk,2026-03-14,false,0.6186,0,клиент не отвечает,retail
101444,34.1,EKB,69949.0,12224.79,mobile,ml,2024-11-07,false,0.4544,0,повторное обращение,sme
101445,66.0,KZN,90971.39,3657.79,partner,risk,2026-02-14,false,0.7234,0,клиент не отвечает,sme
101446,28.8,KZN,52184.73,43497.9,partner,support,2025-12-28,true,0.4556,0,заявка принята,sme
101447,20.5,SPB,55729.16,10602.1,offline,ops,2024-11-27,true,0.5368,0,заявка принята,sme
101448,47.6,MSK,60303.97,3661.7,partner,support,2025-07-16,false,0.5784,0,документы на проверке,corporate
207,54.5,UNKNOWN,231097.33,22219.18,web,legal,2025-09-10,true,0.6109,0,документы на проверке,retail
101450,67.9,MSK,257396.58,3372.07,web,ml,2025-10-04,false,0.4662,0,повторное обращение,retail
101451,20.9,SPB,75368.07,12021.85,web,risk,2025-03-10,false,0.5314,0,клиент не отвечает,sme
101452,52.3,UNKNOWN,59311.28,12831.31,mobile,support,2025-11-26,true,0.6604,0,,retail
101453,59.2,MSK,41542.23,8606.66,offline,growth,2025-06-18,true,0.4523,0,заявка принята,retail
101454,38.3,MSK,,4539.05,partner,ops,2025-02-17,false,0.5474,0,документы на проверке,sme
101455,46.4,MSK,,5164.68,web,legal,2024-09-13,false,0.6681,0,повторное обращение,retail
3172,49.2,OTHER_17,127904.39,6982.52,mobile,legal,2025-06-10,false,0.6289,0,заявка принята,corporate
101457,39.4,SPB,53672.82,6459.14,web,ops,2024-12-07,false,0.7903,0,,retail
101458,20.8,MSK,38112.49,12766.52,web,growth,2024-10-02,true,0.522,0,перевод в другой отдел,retail
101459,33.5,UNKNOWN,117515.08,3427.17,mobile,risk,2026-04-08,false,0.439,0,документы на проверке,corporate
101460,47.8,MSK,78856.03,2364.48,web,growth,2026-02-13,true,0.6059,0,,corporate
101461,42.6,MSK,30392.96,3012.21,web,support,2026-02-12,false,0.1635,0,клиент не отвечает,corporate
101462,33.4,MSK,58799.8,7540.35,web,support,2025-11-03,true,0.2113,0,перевод в другой отдел,sme
2970,31.6,SPB,167984.07,13712.73,mobile,legal,2025-02-05,false,0.3887,0,документы на проверке,sme
101464,46.0,MSK,62250.36,8168.05,mobile,support,2026-02-12,false,0.5296,0,заявка принята,sme
101465,56.6,SPB,90053.84,10773.69,partner,support,2024-11-10,true,0.3707,0,клиент не отвечает,sme
101466,55.7,MSK,194745.62,16737.52,offline,sales,2025-04-18,true,0.4048,0,перевод в другой отдел,retail
101467,47.2,KZN,39026.7,7566.58,mobile,risk,2024-12-18,true,0.6479,0,перевод в другой отдел,sme
101468,33.2,SPB,,1947.8,web,sales,2024-08-22,true,0.8896,0,повторное обращение,sme
101469,30.6,SPB,25555.89,8943.48,mobile,growth,2026-06-01,false,0.5776,0,перевод в другой отдел,retail
2916,32.0,UNKNOWN,,73985.02,web,ops,2024-10-13,false,0.7194,0,клиент не отвечает,retail
101471,36.9,MSK,65277.38,3887.97,partner,ml,2026-03-23,true,0.6045,0,перевод в другой отдел,corporate
101472,37.1,SPB,50063.13,5682.27,mobile,support,2025-06-04,false,0.4998,0,перевод в другой отдел,retail
101473,43.5,UNKNOWN,,3162.76,web,support,2024-12-26,true,0.3901,0,клиент не отвечает,sme
101474,49.6,SPB,92366.85,34694.21,web,legal,2025-09-18,false,0.1702,0,,sme
101475,57.0,SPB,32458.58,4614.06,mobile,ops,2026-04-13,true,0.8883,0,клиент не отвечает,sme
101476,51.9,NSK,41434.04,12378.5,mobile,sales,2026-03-28,false,0.2241,0,,retail
297,67.3,UNKNOWN,72834.12,3350.22,mobile,growth,2026-01-28,true,0.3772,0,клиент не отвечает,retail
101478,45.5,SPB,76654.36,23638.51,web,legal,2025-05-01,true,0.5129,0,документы на проверке,sme
101479,36.2,UNKNOWN,54458.98,1663.04,web,growth,2025-07-03,true,0.3201,0,документы на проверке,sme
101480,41.5,EKB,46715.82,56245.32,offline,ops,2025-09-14,true,0.8127,0,перевод в другой отдел,sme
101481,32.4,EKB,63090.17,6794.86,mobile,sales,2024-09-10,false,0.3992,0,документы на проверке,sme
101482,50.5,UNKNOWN,64543.17,32116.41,mobile,sales,2025-11-16,true,0.5097,0,заявка принята,sme
101483,14.1,OTHER_17,99412.64,9280.8,web,sales,2026-06-01,false,0.6429,0,,retail
3163,29.8,MSK,153775.84,4518.35,mobile,growth,2026-03-07,true,0.6599,0,,corporate
101485,44.0,MSK,55366.58,1164.66,web,legal,2025-02-05,true,0.6983,0,заявка принята,retail
101486,47.3,OTHER_17,73463.45,3470.2,web,ops,2026-01-15,true,0.3986,0,документы на проверке,retail
101487,67.1,EKB,28921.51,19105.81,web,legal,2025-06-06,true,0.4989,0,повторное обращение,sme
101488,49.4,UNKNOWN,,9537.75,mobile,growth,2025-05-20,false,0.1441,0,заявка принята,corporate
101489,31.3,UNKNOWN,46735.3,4886.04,partner,ml,2025-02-19,true,0.5337,0,клиент не отвечает,sme
101490,24.9,MSK,82783.72,12538.17,mobile,support,2024-10-07,true,0.1914,0,,retail
49,64.2,OTHER_17,69837.91,6871.75,partner,legal,2024-08-09,true,0.71,0,документы на проверке,retail
101492,35.1,EKB,,50861.78,offline,ops,2024-08-09,false,0.4232,0,,retail
101493,37.4,KZN,41717.13,50216.05,mobile,growth,2024-11-01,true,0.6275,0,клиент не отвечает,retail
101494,16.5,NSK,102774.63,5170.57,offline,growth,2024-11-03,true,0.711,0,повторное обращение,retail
101495,45.4,NSK,104135.97,3539.3,web,growth,2025-09-20,false,0.4298,0,документы на проверке,sme
101496,35.7,NSK,,16116.42,partner,growth,2025-08-04,false,0.5298,0,заявка принята,retail
101497,42.1,KZN,76234.52,3173.6,web,risk,2025-12-17,false,0.7217,0,перевод в другой отдел,sme
2126,51.9,MSK,,9264.04,mobile,growth,2025-07-20,true,0.8231,0,заявка принята,corporate
101499,44.6,MSK,32793.04,4101.67,mobile,ml,2025-09-04,false,0.5613,0,повторное обращение,sme
101500,67.1,SPB,204080.99,5421.6,web,support,2025-01-14,false,0.6604,0,документы на проверке,sme
101501,54.5,OTHER_17,185237.67,27676.08,mobile,ops,2025-12-05,false,0.6773,0,документы на проверке,sme
101502,41.7,MSK,365802.17,2450.29,mobile,support,2024-10-10,false,0.5483,0,документы на проверке,sme
101503,32.4,MSK,93999.85,1945.01,web,support,2025-04-24,false,0.7233,0,повторное обращение,retail
101504,53.6,MSK,,12579.67,mobile,risk,2024-12-31,true,0.4847,0,заявка принята,corporate
2167,23.9,OTHER_17,36303.68,3270.0,mobile,growth,2024-09-18,true,0.8869,0,заявка принята,retail
101506,39.0,EKB,93834.09,6394.49,web,sales,2025-03-12,true,0.191,0,заявка принята,sme
101507,41.8,OTHER_17,94913.17,30264.68,web,legal,2024-07-26,true,0.6192,0,заявка принята,corporate
101508,37.3,KZN,167752.58,7263.75,mobile,ops,2025-01-23,false,0.6636,0,документы на проверке,retail
101509,54.1,MSK,32024.2,27514.0,offline,sales,2026-02-22,true,0.6183,0,заявка принята,corporate
101510,52.8,KZN,26445.64,13260.48,mobile,support,2024-12-08,true,0.6751,0,заявка принята,corporate
101511,48.0,SPB,118702.83,11395.2,web,support,2025-08-21,false,0.6881,0,,retail
308,53.7,OTHER_17,53712.57,3889.26,web,ml,2025-06-19,false,0.1548,0,клиент не отвечает,sme
101513,48.3,MSK,53290.11,5591.73,offline,legal,2025-09-21,true,0.1426,0,повторное обращение,corporate
101514,50.8,SPB,61771.12,18242.64,mobile,risk,2025-06-07,false,0.5144,0,повторное обращение,corporate
101515,46.7,UNKNOWN,56818.98,5603.39,web,growth,2024-11-19,true,0.228,0,документы на проверке,sme
101516,36.3,MSK,37370.49,3234.36,mobile,legal,2026-03-22,true,0.5256,0,повторное обращение,corporate
101517,45.1,UNKNOWN,,15534.16,web,legal,2025-10-22,false,0.267,0,перевод в другой отдел,retail
101518,39.3,MSK,50960.48,6828.45,web,legal,2025-08-20,true,0.4473,0,повторное обращение,sme
1542,62.3,NSK,98020.13,5069.96,mobile,ops,2024-12-21,true,0.6979,0,документы на проверке,corporate
101520,38.3,KZN,212292.93,15314.14,mobile,legal,2024-08-16,true,0.6186,0,перевод в другой отдел,retail
101521,32.3,NSK,19790.34,5058.75,mobile,risk,2026-01-12,false,0.2942,0,перевод в другой отдел,sme
101522,29.5,EKB,49729.73,3807.78,mobile,sales,2025-03-18,false,0.6332,0,перевод в другой отдел,corporate
101523,28.0,NSK,67407.45,7147.6,mobile,ops,2025-02-10,false,0.7336,0,перевод в другой отдел,retail
101524,33.2,SPB,,9033.89,web,sales,2024-08-25,false,0.3884,0,повторное обращение,retail
101525,52.7,MSK,72285.45,4121.72,web,sales,2025-12-21,true,0.7258,0,повторное обращение,corporate
2328,61.3,MSK,104345.02,14628.1,web,support,2024-08-21,false,0.9417,0,клиент не отвечает,sme
101527,40.7,MSK,104953.72,10955.35,partner,ops,2024-10-03,true,0.4662,0,заявка принята,corporate
101528,81.6,KZN,78217.53,4275.24,offline,support,2024-11-25,true,0.2168,0,заявка принята,corporate
101529,30.3,NSK,94634.04,31693.3,partner,risk,2024-08-05,false,0.7135,0,клиент не отвечает,corporate
101530,59.5,MSK,42337.9,15370.76,mobile,support,2024-09-04,false,0.6157,0,заявка принята,corporate
101531,29.4,OTHER_17,40110.25,3565.44,mobile,growth,2026-05-27,false,0.5628,0,повторное обращение,corporate
101532,63.4,SPB,,14470.16,web,legal,2025-09-21,false,0.5143,0,клиент не отвечает,corporate
57,22.7,EKB,34125.3,28933.77,web,support,2024-12-25,true,0.2312,0,повторное обращение,retail
101534,36.8,OTHER_17,,18844.14,web,ops,2025-12-27,true,0.6708,0,заявка принята,sme
101535,76.1,SPB,110600.98,6521.37,web,legal,2024-12-11,false,0.5506,0,повторное обращение,sme
101536,21.9,OTHER_17,,795.56,web,sales,2026-02-22,false,0.4735,0,повторное обращение,sme
101537,13.2,OTHER_17,89764.66,4000.94,partner,ops,2025-03-17,true,0.395,0,документы на проверке,sme
101538,52.3,KZN,52533.08,3121.91,partner,sales,2026-01-04,false,0.54,0,клиент не отвечает,retail
101539,21.2,MSK,99413.28,4013.62,web,legal,2025-05-07,true,0.6769,0,заявка принята,retail
1115,36.4,NSK,49673.98,8581.78,mobile,risk,2024-07-31,false,0.6092,0,,retail
101541,46.3,SPB,64737.37,14390.65,web,ml,2026-03-23,true,0.52,0,,corporate
101542,58.5,SPB,60754.02,2541.08,web,risk,2025-08-22,true,0.3998,0,клиент не отвечает,retail
101543,21.5,OTHER_17,84103.52,3678.36,web,sales,2024-12-14,false,0.5967,0,клиент не отвечает,retail
101544,37.6,MSK,58545.29,8747.71,partner,support,2025-06-16,true,0.3204,0,документы на проверке,retail
101545,40.3,MSK,29217.63,5845.14,mobile,support,2025-08-04,false,0.5958,0,повторное обращение,corporate
101546,31.0,SPB,70222.17,12444.78,partner,sales,2025-09-22,true,0.8227,0,,corporate
1941,47.6,KZN,87461.74,1043.38,web,sales,2025-12-15,true,0.5904,0,заявка принята,sme
101548,37.2,OTHER_17,89655.93,3204.61,web,legal,2026-04-26,true,0.2846,0,заявка принята,corporate
101549,32.3,UNKNOWN,42407.76,5396.09,web,growth,2025-03-20,false,0.7355,0,клиент не отвечает,sme
101550,47.9,MSK,64970.16,2262.68,web,risk,2026-02-13,true,0.3426,0,клиент не отвечает,retail
101551,56.5,EKB,46121.19,13182.88,partner,ml,2025-10-06,true,0.6572,0,перевод в другой отдел,corporate
101552,42.1,EKB,165226.33,3717.74,partner,legal,2025-12-17,true,0.4536,0,повторное обращение,corporate
101553,43.8,SPB,69208.09,5217.41,web,support,2025-11-23,false,0.8637,0,клиент не отвечает,sme
2336,40.9,KZN,62737.3,4795.42,web,legal,2025-01-27,false,0.7695,0,документы на проверке,retail
101555,40.3,SPB,26142.73,4522.19,partner,legal,2026-03-28,true,0.8287,0,,corporate
101556,57.2,NSK,,5676.18,web,growth,2024-11-12,true,0.6686,0,повторное обращение,sme
101557,42.8,MSK,95468.18,5855.98,mobile,support,2024-08-18,false,0.6413,0,заявка принята,corporate
101558,34.4,UNKNOWN,140389.92,2438.98,mobile,legal,2025-10-29,true,0.7167,0,,corporate
101559,28.3,OTHER_17,91212.08,28034.13,web,risk,2024-12-18,true,0.6513,0,документы на проверке,corporate
101560,23.1,SPB,101883.03,18982.69,partner,sales,2024-11-10,true,0.3893,0,клиент не отвечает,retail
2592,53.5,SPB,102687.4,15333.05,web,risk,2025-06-29,true,0.5151,0,документы на проверке,corporate
101562,49.8,KZN,83356.84,3914.2,mobile,ml,2026-01-29,false,0.7448,0,клиент не отвечает,corporate
101563,44.3,SPB,86419.25,844.83,web,ops,2026-06-07,true,0.6211,0,повторное обращение,sme
101564,38.0,KZN,38484.05,8922.38,web,support,2025-05-25,true,0.8395,0,перевод в другой отдел,sme
101565,9.2,EKB,176221.16,1376.55,mobile,legal,2025-02-15,false,0.7591,0,,sme
101566,15.7,MSK,68252.74,2803.15,partner,legal,2026-04-17,true,0.5975,0,клиент не отвечает,sme
101567,26.1,SPB,105028.54,4678.06,mobile,ops,2024-11-05,true,0.2987,0,клиент не отвечает,corporate
178,57.0,UNKNOWN,93431.41,44382.18,partner,sales,2025-02-24,false,0.2148,0,повторное обращение,corporate
101569,30.0,OTHER_17,43316.68,10470.22,mobile,growth,2025-06-11,false,0.8277,0,заявка принята,corporate
101570,59.5,SPB,84675.5,12274.91,offline,ops,2025-09-24,false,0.3904,0,,sme
101571,57.5,MSK,51764.61,19597.64,partner,legal,2025-11-30,false,0.6675,0,заявка принята,sme
101572,32.2,SPB,36548.15,8041.02,web,sales,2024-12-16,false,0.3509,0,документы на проверке,retail
101573,19.5,KZN,34273.16,45259.56,web,ml,2025-05-10,true,0.3732,0,клиент не отвечает,corporate
101574,34.7,UNKNOWN,59747.04,17305.92,mobile,sales,2026-01-25,true,0.6761,0,,sme
2880,30.5,OTHER_17,,3479.05,partner,support,2025-08-12,true,0.5506,0,документы на проверке,retail
101576,57.6,KZN,79446.26,9578.79,offline,growth,2025-07-29,true,0.3606,0,клиент не отвечает,sme
101577,39.0,SPB,28381.28,8309.05,mobile,support,2025-07-27,true,0.6152,0,документы на проверке,sme
101578,43.0,SPB,,28618.29,mobile,risk,2025-05-12,true,0.4576,0,повторное обращение,sme
101579,40.2,KZN,97729.96,13528.56,mobile,risk,2025-12-28,false,0.3922,0,заявка принята,retail
101580,27.5,MSK,45955.76,12255.71,web,risk,2025-06-17,false,0.6605,0,повторное обращение,corporate
101581,42.3,MSK,84729.52,4290.41,web,risk,2025-06-28,true,0.4842,0,,retail
2765,40.3,NSK,48036.41,5779.53,partner,growth,2025-10-07,false,0.605,0,повторное обращение,corporate
101583,36.9,MSK,49166.23,4602.11,web,sales,2026-05-15,false,0.6481,0,заявка принята,retail
101584,38.4,MSK,87504.2,13264.36,mobile,growth,2026-05-24,true,0.6484,0,клиент не отвечает,corporate
101585,54.8,EKB,94367.86,8515.3,mobile,ml,2026-05-02,false,0.6015,0,,corporate
101586,21.5,UNKNOWN,234431.5,1975.37,web,legal,2025-01-27,true,0.5129,0,,corporate
101587,53.6,UNKNOWN,40319.97,1593.1,partner,support,2025-08-29,true,0.0548,0,перевод в другой отдел,sme
101588,39.2,KZN,107507.32,3052.89,partner,ops,2026-06-17,true,0.2594,0,,corporate
2616,50.7,MSK,58457.6,2421.56,partner,ops,2026-04-27,false,0.6261,0,клиент не отвечает,retail
101590,47.3,OTHER_17,61226.93,15213.94,web,risk,2025-09-16,false,0.5196,0,перевод в другой отдел,retail
101591,41.2,UNKNOWN,,9851.99,mobile,ops,2024-07-26,false,0.6823,0,перевод в другой отдел,corporate
101592,32.6,MSK,66148.21,8316.57,partner,risk,2025-06-08,false,0.816,0,заявка принята,corporate
101593,41.4,UNKNOWN,62979.89,3544.05,mobile,support,2025-05-14,false,0.5682,0,перевод в другой отдел,retail
101594,38.9,UNKNOWN,62462.03,7977.56,web,legal,2025-01-06,false,0.2322,0,перевод в другой отдел,corporate
101595,54.1,UNKNOWN,56567.0,10647.08,partner,legal,2025-12-17,true,0.7498,0,заявка принята,retail
1799,24.4,OTHER_17,36992.26,8683.37,web,legal,2026-04-29,true,0.4208,0,клиент не отвечает,corporate
101597,56.6,UNKNOWN,73715.39,7594.28,mobile,growth,2025-03-14,true,0.4718,0,перевод в другой отдел,corporate
101598,57.3,MSK,,6349.99,web,risk,2025-04-14,true,0.7499,0,заявка принята,retail
101599,44.3,OTHER_17,71742.6,8536.16,partner,ml,2025-07-30,false,0.7297,0,заявка принята,sme
101600,59.2,SPB,111919.87,4852.92,mobile,growth,2024-11-11,true,0.6336,0,,retail
101601,37.3,NSK,70333.84,9303.76,offline,growth,2024-11-09,true,0.7719,0,повторное обращение,corporate
101602,55.9,SPB,51767.61,1162.16,web,ops,2026-01-27,true,0.4121,0,повторное обращение,retail
1602,37.1,EKB,125057.75,4301.4,web,ml,2025-10-30,false,0.2242,0,документы на проверке,retail
101604,42.4,NSK,60476.16,6201.94,mobile,legal,2025-12-22,true,0.4174,0,клиент не отвечает,retail
101605,40.7,NSK,93909.6,10656.09,mobile,ops,2026-03-13,true,0.599,0,повторное обращение,sme
101606,30.8,SPB,79989.91,11481.91,partner,legal,2024-10-28,false,0.4082,0,перевод в другой отдел,sme
101607,41.2,MSK,38816.13,30416.49,web,ops,2025-05-13,false,0.8798,0,документы на проверке,sme
101608,20.9,MSK,,9333.09,web,support,2025-04-27,true,0.6231,0,перевод в другой отдел,corporate
101609,21.0,MSK,42841.8,3389.04,web,sales,2025-05-15,true,0.6423,0,повторное обращение,retail
171,49.9,EKB,21079.08,15878.85,partner,legal,2025-11-01,false,0.3585,0,перевод в другой отдел,corporate
101611,41.3,UNKNOWN,,5323.34,partner,sales,2026-06-18,true,0.0685,0,документы на проверке,corporate
101612,28.0,UNKNOWN,105805.63,4412.26,offline,risk,2025-09-16,true,0.5914,0,,sme
101613,69.0,UNKNOWN,93452.14,20151.11,mobile,support,2025-11-13,false,0.4203,0,,sme
101614,39.3,KZN,89656.23,17265.51,web,ops,2024-09-02,true,0.3919,0,документы на проверке,retail
101615,48.6,OTHER_17,120668.13,8764.86,mobile,ops,2024-12-11,true,0.2236,0,клиент не отвечает,corporate
101616,7.2,MSK,103980.49,7004.05,partner,support,2025-01-28,true,0.9763,0,заявка принята,corporate
295,39.6,UNKNOWN,80588.61,2169.3,web,ml,2026-02-15,true,0.4813,0,документы на проверке,sme
101618,48.2,EKB,142724.15,1311.78,web,legal,2026-04-27,true,0.6237,0,клиент не отвечает,sme
101619,51.2,UNKNOWN,40946.83,6204.32,web,sales,2026-06-07,false,0.4288,0,,corporate
101620,32.4,UNKNOWN,95209.48,5236.88,mobile,risk,2024-12-26,true,0.2504,0,клиент не отвечает,retail
101621,35.4,UNKNOWN,103431.02,10914.98,web,ml,2025-04-20,false,0.0957,0,повторное обращение,corporate
101622,36.5,UNKNOWN,38298.81,8235.82,mobile,ops,2026-05-01,false,0.7428,0,повторное обращение,sme
101623,41.4,KZN,38550.34,1145.08,partner,sales,2026-02-04,false,0.529,0,,sme
1995,11.1,UNKNOWN,184517.36,5009.06,partner,ops,2024-12-30,false,0.642,0,перевод в другой отдел,sme
101625,37.1,OTHER_17,46085.18,27040.81,web,sales,2025-08-27,false,0.7491,0,документы на проверке,sme
101626,43.3,UNKNOWN,,27048.4,mobile,support,2024-09-19,true,0.7145,0,документы на проверке,sme
101627,42.6,UNKNOWN,76418.96,10743.59,mobile,ops,2025-04-15,true,0.5096,0,клиент не отвечает,retail
101628,27.9,UNKNOWN,20626.16,4440.32,mobile,support,2025-08-02,false,0.6572,0,повторное обращение,corporate
101629,57.7,UNKNOWN,21379.94,2196.49,web,ml,2025-02-03,true,0.5862,0,перевод в другой отдел,sme
101630,65.1,MSK,50464.56,15979.01,web,ml,2026-04-03,false,0.512,0,заявка принята,retail
2131,48.0,MSK,15079.46,16883.34,web,ops,2025-06-20,true,0.3003,0,клиент не отвечает,corporate
101632,48.0,MSK,62243.79,5404.31,offline,risk,2024-10-08,true,0.4313,0,,corporate
101633,58.4,MSK,52133.53,13911.06,partner,risk,2025-07-18,true,0.6464,0,перевод в другой отдел,sme
101634,52.6,MSK,25747.23,26397.24,mobile,risk,2024-12-29,true,0.1935,0,повторное обращение,sme
101635,39.3,MSK,118313.99,11037.75,partner,risk,2025-05-30,true,0.3473,0,заявка принята,corporate
101636,38.1,UNKNOWN,65403.62,24161.61,mobile,risk,2026-06-19,false,0.2351,0,,retail
101637,35.0,EKB,63255.01,19652.58,mobile,ml,2025-11-13,true,0.6303,0,документы на проверке,retail
1535,35.2,KZN,44316.53,1758.65,mobile,risk,2025-11-27,false,0.5901,0,документы на проверке,retail
101639,56.6,MSK,39651.09,26246.55,web,risk,2025-05-18,false,0.4,0,,sme
101640,34.5,MSK,32597.03,44749.01,partner,risk,2025-04-17,false,0.4215,0,,retail
101641,37.3,MSK,57929.35,35498.3,partner,legal,2025-04-23,true,0.5674,0,,retail
101642,39.4,MSK,121567.56,3128.78,mobile,sales,2026-02-24,false,0.1595,0,заявка принята,corporate
101643,75.6,KZN,74898.36,10750.6,partner,risk,2026-04-17,true,0.6278,0,перевод в другой отдел,sme
101644,35.4,KZN,37192.39,15785.89,partner,risk,2025-02-01,true,0.3079,0,заявка принята,corporate
421,29.0,UNKNOWN,44706.45,15096.08,offline,support,2025-12-10,true,0.5822,0,документы на проверке,sme
101646,45.1,MSK,39641.91,2952.22,web,growth,2024-08-15,true,0.2204,0,документы на проверке,retail
101647,40.1,SPB,104843.91,3164.73,web,support,2025-06-19,true,0.563,0,заявка принята,corporate
101648,56.3,KZN,,6008.29,web,ml,2024-08-29,false,0.4615,0,заявка принята,corporate
101649,24.2,MSK,,10308.44,mobile,sales,2026-05-12,false,0.4845,0,документы на проверке,retail
101650,24.9,MSK,51708.03,1772.11,web,ops,2024-12-08,false,0.9374,0,,sme
101651,37.4,MSK,34758.32,8656.76,web,sales,2026-04-23,false,0.8031,0,документы на проверке,corporate
161,29.9,OTHER_17,87534.56,6218.33,web,support,2025-01-08,false,0.5156,0,повторное обращение,sme
101653,53.8,NSK,60910.09,2866.21,web,sales,2024-12-03,true,0.412,0,заявка принята,retail
101654,22.5,OTHER_17,,6930.92,mobile,support,2025-05-11,true,0.5949,0,,corporate
101655,32.2,KZN,69726.31,6209.81,mobile,ml,2024-12-07,false,0.7096,0,клиент не отвечает,sme
101656,38.3,SPB,26003.92,23500.74,mobile,ops,2026-01-19,false,0.4646,0,заявка принята,retail
101657,30.9,OTHER_17,115066.23,17476.75,mobile,support,2025-11-09,false,0.6101,0,заявка принята,sme
101658,54.7,MSK,49982.38,2575.43,mobile,growth,2025-03-13,false,0.7544,0,,corporate
2788,63.2,EKB,77429.9,4917.41,mobile,legal,2025-10-05,false,0.3028,0,перевод в другой отдел,retail
101660,42.1,NSK,,2820.44,web,ml,2025-07-19,false,0.1975,0,заявка принята,sme
101661,43.1,UNKNOWN,16456.49,4595.56,offline,ml,2026-03-16,false,0.7604,0,клиент не отвечает,sme
101662,37.9,NSK,131003.52,12488.58,mobile,risk,2024-10-19,false,0.2238,0,документы на проверке,retail
101663,44.4,MSK,89369.68,2543.97,mobile,ml,2025-08-12,false,0.8654,0,перевод в другой отдел,retail
101664,57.2,OTHER_17,35099.99,4558.75,mobile,risk,2024-11-07,true,0.3534,0,перевод в другой отдел,sme
101665,31.3,SPB,47794.8,26574.21,mobile,ops,2025-10-26,false,0.4343,0,перевод в другой отдел,retail
2668,63.9,MSK,108534.62,26414.18,partner,ml,2026-05-15,true,0.7064,0,заявка принята,retail
101667,35.7,SPB,37064.67,5098.39,offline,ml,2025-11-17,true,0.7453,0,перевод в другой отдел,retail
101668,29.8,MSK,142376.98,21130.57,mobile,support,2024-09-26,true,0.3734,0,клиент не отвечает,corporate
101669,40.3,SPB,38243.41,4983.09,partner,growth,2026-03-24,false,0.4457,0,документы на проверке,corporate
101670,40.5,SPB,,4253.57,mobile,ops,2025-11-03,true,0.4003,0,повторное обращение,sme
101671,32.7,UNKNOWN,54137.69,10850.68,mobile,legal,2025-07-23,false,0.397,0,повторное обращение,sme
101672,57.5,SPB,39527.84,9154.33,web,risk,2025-01-12,false,0.7848,0,клиент не отвечает,retail
2517,43.4,EKB,94309.64,11550.06,web,support,2026-03-30,false,0.5042,0,повторное обращение,corporate
101674,36.2,MSK,90058.51,3687.46,partner,ml,2024-09-02,false,0.4933,0,,retail
101675,42.1,UNKNOWN,,4836.83,mobile,growth,2025-02-28,true,0.7326,0,заявка принята,sme
101676,37.6,OTHER_17,47231.79,8275.75,mobile,ml,2026-04-17,true,0.609,0,,retail
101677,51.5,UNKNOWN,,13366.56,mobile,legal,2024-07-26,false,0.7422,0,заявка принята,corporate
101678,51.5,SPB,82676.61,5618.25,web,ops,2025-03-04,true,0.5845,0,,retail
101679,23.6,OTHER_17,112084.09,5822.99,mobile,growth,2025-02-27,false,0.658,0,повторное обращение,sme
1707,32.2,UNKNOWN,,5161.49,mobile,sales,2026-01-07,false,0.0885,0,клиент не отвечает,corporate
101681,31.5,NSK,48613.41,10234.02,mobile,ops,2025-01-10,true,0.7873,0,повторное обращение,sme
101682,55.3,UNKNOWN,139439.66,4516.33,offline,growth,2025-10-02,true,0.5377,0,перевод в другой отдел,corporate
101683,54.0,MSK,,5324.87,mobile,support,2025-09-03,true,0.4865,0,документы на проверке,corporate
101684,20.0,UNKNOWN,59565.6,27226.83,partner,sales,2024-08-15,true,0.303,0,заявка принята,retail
101685,62.5,SPB,23385.97,43724.84,mobile,legal,2026-02-10,true,0.8247,0,,retail
101686,34.7,MSK,,14978.56,web,ml,2024-12-26,true,0.3306,0,клиент не отвечает,corporate
1453,37.6,NSK,57219.61,11351.95,web,ops,2024-10-04,true,0.5495,0,документы на проверке,corporate
101688,39.2,EKB,53555.14,5752.75,partner,support,2025-01-28,true,0.4421,0,,retail
101689,53.1,MSK,37215.29,13481.58,web,ml,2024-08-09,false,0.1949,0,,retail
101690,54.1,SPB,49496.73,5849.27,web,legal,2025-02-27,true,0.7122,0,клиент не отвечает,sme
101691,36.9,NSK,85473.44,4781.35,offline,ml,2024-11-07,true,0.6042,0,повторное обращение,corporate
101692,33.8,NSK,21578.93,16432.87,web,ml,2025-12-31,false,0.573,0,заявка принята,corporate
101693,35.7,NSK,105863.06,10496.64,mobile,sales,2026-02-15,true,0.4633,0,,retail
643,26.8,EKB,35748.79,26148.79,mobile,sales,2026-02-18,false,0.3479,0,повторное обращение,corporate
101695,43.2,KZN,38299.72,17070.69,web,growth,2026-02-28,true,0.5011,0,,corporate
101696,30.6,EKB,51764.93,14324.08,web,sales,2025-04-05,true,0.4524,0,документы на проверке,sme
101697,37.8,SPB,99044.05,2617.61,offline,sales,2026-01-19,false,0.4461,0,заявка принята,corporate
101698,39.5,UNKNOWN,68340.96,36358.17,web,risk,2026-05-22,false,0.4347,0,,corporate
101699,45.0,EKB,25601.18,20202.71,mobile,ml,2024-10-02,true,0.9202,0,,retail
101700,49.8,SPB,,2762.25,web,legal,2025-06-07,false,0.7186,0,клиент не отвечает,retail
671,48.8,MSK,196102.91,6044.75,partner,growth,2026-05-19,false,0.4051,0,перевод в другой отдел,retail
101702,42.6,SPB,67824.95,20792.79,mobile,support,2024-08-03,true,0.5434,0,повторное обращение,corporate
101703,48.3,UNKNOWN,75384.84,8658.55,web,growth,2025-04-18,false,0.1729,0,перевод в другой отдел,sme
101704,20.4,OTHER_17,91271.63,2596.05,mobile,sales,2024-07-26,true,0.7631,0,заявка принята,retail
101705,37.9,EKB,98078.78,9881.35,mobile,sales,2024-10-12,false,0.3662,0,заявка принята,sme
101706,21.9,SPB,41265.26,6533.92,offline,legal,2025-04-20,true,0.648,0,,corporate
101707,36.7,EKB,23310.39,4048.67,mobile,support,2026-02-05,false,0.5985,0,повторное обращение,sme
372,55.6,EKB,44662.27,4457.66,web,risk,2025-10-29,false,0.5287,0,повторное обращение,sme
101709,32.0,NSK,47566.62,7395.3,web,risk,2025-11-21,true,0.3304,0,повторное обращение,corporate
101710,47.9,EKB,130834.42,3508.15,mobile,sales,2024-08-16,false,0.5762,0,клиент не отвечает,sme
101711,55.6,UNKNOWN,,4571.58,mobile,risk,2026-05-12,true,0.3628,0,повторное обращение,sme
101712,19.1,EKB,81956.65,10929.64,web,sales,2025-11-11,false,0.6278,0,документы на проверке,sme
101713,56.9,NSK,31138.19,11975.35,mobile,support,2024-08-27,true,0.3601,0,,corporate
101714,42.3,MSK,87952.94,3836.25,offline,legal,2025-01-07,true,0.5886,0,документы на проверке,corporate
2950,22.5,UNKNOWN,118649.32,1571.24,partner,ml,2026-06-01,true,0.4728,0,документы на проверке,retail
101716,44.7,UNKNOWN,69343.36,5400.95,mobile,support,2025-06-02,true,0.4161,0,повторное обращение,sme
101717,33.0,NSK,136294.41,8627.85,partner,legal,2026-02-07,false,0.4512,0,,sme
101718,52.5,UNKNOWN,63044.05,6470.43,partner,growth,2024-12-08,false,0.103,0,клиент не отвечает,retail
101719,44.5,EKB,105815.44,4023.23,mobile,ops,2025-08-02,false,0.4717,0,клиент не отвечает,corporate
101720,28.1,SPB,55909.5,20379.8,offline,ml,2026-01-20,true,0.6233,0,заявка принята,corporate
101721,25.9,UNKNOWN,41014.33,11001.68,partner,support,2026-04-02,false,0.2036,0,документы на проверке,retail
1081,30.1,EKB,48219.73,438.22,offline,ops,2024-09-21,false,0.6537,0,,sme
101723,38.2,MSK,32001.14,15172.53,partner,ops,2024-08-27,false,0.4878,0,заявка принята,retail
101724,72.7,EKB,,2289.66,mobile,sales,2026-05-23,true,0.4522,0,клиент не отвечает,retail
101725,50.0,NSK,77451.8,18864.42,mobile,ops,2026-02-03,true,0.6063,0,,sme
101726,35.0,MSK,,1400.63,web,support,2025-07-25,true,0.4286,0,повторное обращение,sme
101727,41.4,MSK,94927.33,6481.96,web,support,2025-01-12,false,0.4668,0,перевод в другой отдел,sme
101728,34.2,MSK,59282.76,13415.52,web,legal,2024-12-27,true,0.7587,0,документы на проверке,retail
3092,40.5,SPB,254346.25,9156.82,mobile,support,2025-07-20,false,0.5919,0,,retail
101730,38.5,SPB,159196.08,4780.16,web,support,2024-09-25,false,0.7415,0,заявка принята,corporate
101731,43.1,UNKNOWN,171299.07,12755.04,web,legal,2026-05-18,false,0.7134,0,,corporate
101732,63.8,MSK,73339.88,25234.17,mobile,legal,2025-03-22,true,0.8325,0,,retail
101733,39.5,OTHER_17,63934.94,11497.42,mobile,sales,2026-01-16,false,0.8267,0,повторное обращение,retail
101734,40.3,NSK,47512.56,4299.08,partner,ml,2025-01-02,true,0.4026,0,повторное обращение,retail
101735,60.5,MSK,84717.04,10166.21,web,sales,2024-11-13,false,0.5738,0,повторное обращение,retail
2331,57.9,SPB,127388.24,7013.85,partner,ops,2024-09-08,false,0.4973,0,документы на проверке,retail
101737,41.9,MSK,54990.09,15490.58,web,ml,2026-02-25,true,0.7603,0,,corporate
101738,43.8,OTHER_17,,2975.33,partner,support,2025-04-23,true,0.3787,0,,retail
101739,54.2,OTHER_17,81925.48,6039.21,web,risk,2026-04-26,true,0.3538,0,перевод в другой отдел,corporate
101740,24.6,SPB,227259.9,1454.9,mobile,growth,2025-12-13,false,0.7227,0,повторное обращение,retail
101741,31.2,SPB,103761.12,3165.8,web,ops,2025-03-29,true,0.6039,0,заявка принята,corporate
101742,44.3,MSK,64709.14,12402.01,web,growth,2025-01-24,true,0.903,0,заявка принята,corporate
530,52.7,NSK,82060.43,1000.89,mobile,risk,2026-03-05,false,0.6121,0,клиент не отвечает,corporate
101744,42.5,SPB,65587.73,12617.35,offline,growth,2025-02-24,false,0.5606,0,перевод в другой отдел,corporate
101745,38.2,MSK,34375.11,2756.36,web,legal,2025-12-20,true,0.4543,0,перевод в другой отдел,retail
101746,27.0,SPB,,4306.02,partner,growth,2024-10-07,true,0.7543,0,заявка принята,corporate
101747,48.5,OTHER_17,61820.96,16355.69,web,legal,2025-09-17,false,0.6559,0,заявка принята,retail
101748,54.3,UNKNOWN,140021.95,7924.37,web,legal,2026-03-01,true,0.6456,0,повторное обращение,retail
101749,42.4,EKB,35463.26,8898.83,offline,ml,2025-05-10,true,0.4239,0,,corporate
466,31.1,KZN,41670.01,1705.58,web,ml,2025-04-06,true,0.722,0,заявка принята,retail
101751,40.8,UNKNOWN,24109.17,17639.01,mobile,sales,2026-06-11,true,0.5716,0,клиент не отвечает,retail
101752,43.2,MSK,12590.48,16387.09,web,growth,2025-11-27,false,0.4033,0,перевод в другой отдел,retail
101753,17.2,UNKNOWN,,19014.42,web,ops,2025-10-11,false,0.8414,0,документы на проверке,retail
101754,47.7,MSK,21527.5,7598.01,partner,ml,2024-07-20,true,0.4637,0,клиент не отвечает,retail
101755,48.3,UNKNOWN,,4746.82,offline,sales,2025-01-05,true,0.5551,0,документы на проверке,corporate
101756,43.7,MSK,72205.18,11772.97,web,risk,2025-07-28,true,0.3841,0,,retail
680,64.7,UNKNOWN,57225.59,6841.81,partner,ops,2025-01-01,true,0.7002,0,повторное обращение,sme
101758,54.2,SPB,57093.58,21698.37,web,risk,2025-12-27,false,0.4822,0,перевод в другой отдел,sme
101759,59.9,UNKNOWN,60262.1,5997.64,web,ml,2025-08-28,false,0.709,0,,retail
101760,51.5,MSK,45716.61,4627.49,web,ops,2024-09-27,false,0.5337,0,клиент не отвечает,retail
101761,62.1,SPB,97335.32,3594.71,partner,ml,2026-03-28,true,0.5757,0,повторное обращение,retail
101762,52.6,UNKNOWN,,26085.57,offline,ml,2025-05-22,true,0.7361,0,документы на проверке,corporate
101763,66.0,KZN,74437.36,547.98,mobile,ml,2025-10-27,false,0.6742,0,перевод в другой отдел,sme
1007,22.5,MSK,,2340.76,offline,risk,2025-06-09,true,0.5995,0,повторное обращение,retail
101765,21.4,UNKNOWN,95841.65,10850.51,web,ops,2025-04-03,false,0.5172,0,клиент не отвечает,sme
101766,37.1,NSK,33455.7,25605.51,web,ops,2025-04-08,true,0.137,0,повторное обращение,corporate
101767,43.9,NSK,69656.9,4154.49,mobile,risk,2025-03-29,false,0.6501,0,,retail
101768,61.7,UNKNOWN,60176.49,8088.27,partner,sales,2025-05-01,true,0.4819,0,,corporate
101769,33.2,OTHER_17,38589.58,9761.91,mobile,ops,2024-09-17,false,0.7904,0,заявка принята,sme
101770,34.5,OTHER_17,87334.41,13739.39,mobile,ml,2024-07-19,false,0.7884,0,документы на проверке,corporate
1879,18.7,SPB,,3118.74,mobile,risk,2025-09-18,false,0.5282,0,заявка принята,corporate
101772,31.9,SPB,,3273.14,web,ml,2024-11-28,false,0.7,0,документы на проверке,retail
101773,63.1,OTHER_17,64614.04,10804.16,offline,growth,2026-03-30,true,0.3556,0,перевод в другой отдел,corporate
101774,45.6,UNKNOWN,,13339.88,mobile,legal,2024-12-31,true,0.475,0,документы на проверке,sme
101775,39.0,MSK,75628.12,23253.22,mobile,legal,2025-06-04,true,0.5226,0,заявка принята,corporate
101776,21.5,UNKNOWN,42782.78,5342.84,mobile,growth,2024-07-22,true,0.4264,0,клиент не отвечает,corporate
101777,34.3,UNKNOWN,231499.89,2128.14,mobile,sales,2025-12-16,true,0.6707,0,повторное обращение,retail
2768,34.3,MSK,53737.17,6662.66,mobile,support,2026-01-11,true,0.4647,0,заявка принята,sme
101779,49.9,SPB,28429.74,3604.33,mobile,legal,2025-04-24,true,0.6045,0,перевод в другой отдел,corporate
101780,51.3,UNKNOWN,58576.03,13616.28,web,ops,2025-05-23,false,0.3752,0,повторное обращение,retail
101781,69.7,MSK,41453.8,5784.79,mobile,growth,2025-10-11,true,0.5838,0,заявка принята,retail
101782,53.5,NSK,108700.81,2763.2,partner,legal,2026-03-31,true,0.4421,0,документы на проверке,sme
101783,62.5,NSK,89249.25,6927.22,web,risk,2026-04-15,true,0.6008,0,,retail
101784,42.5,UNKNOWN,30542.33,3333.35,mobile,ml,2025-03-14,true,0.3814,0,документы на проверке,sme
2982,45.1,EKB,50921.32,13048.03,mobile,ops,2025-05-21,true,0.3598,0,документы на проверке,sme
101786,23.9,OTHER_17,59771.56,6106.16,offline,ml,2025-01-05,true,0.8306,0,клиент не отвечает,sme
101787,56.3,NSK,37334.51,15039.55,web,support,2025-01-12,false,0.4585,0,,retail
101788,37.3,KZN,137844.39,11381.01,mobile,ml,2025-08-07,true,0.8416,0,,retail
101789,28.4,KZN,71296.83,16122.6,web,ops,2026-01-25,true,-0.0263,0,клиент не отвечает,retail
101790,51.1,SPB,225051.0,4543.49,partner,support,2025-06-11,true,0.3927,0,повторное обращение,retail
101791,45.0,UNKNOWN,165883.25,7735.46,web,ops,2025-12-19,false,0.8388,0,повторное обращение,retail
201,28.2,MSK,51491.25,8482.4,mobile,legal,2025-04-09,true,0.2483,0,документы на проверке,corporate
101793,39.4,SPB,88103.11,2027.59,mobile,legal,2025-11-27,true,0.7241,0,перевод в другой отдел,retail
101794,34.3,MSK,70383.07,7930.82,mobile,sales,2025-09-12,false,0.4744,0,перевод в другой отдел,corporate
101795,53.3,MSK,97052.42,54264.26,web,ops,2025-01-16,true,0.5045,0,клиент не отвечает,retail
101796,52.0,OTHER_17,56120.54,2416.07,mobile,support,2024-10-27,false,0.6588,0,документы на проверке,sme
101797,35.3,NSK,77965.74,14430.39,mobile,growth,2025-11-04,true,0.6612,0,перевод в другой отдел,retail
101798,41.5,NSK,76783.56,16514.98,web,sales,2026-01-22,true,0.7233,0,повторное обращение,corporate
1698,35.9,NSK,,3909.76,web,ml,2024-10-15,false,0.4734,0,заявка принята,retail
101800,56.3,SPB,35535.7,6998.16,web,support,2025-01-13,false,0.5823,0,клиент не отвечает,sme
101801,33.9,NSK,64587.99,12858.98,mobile,risk,2024-10-14,true,0.5853,0,заявка принята,retail
101802,36.4,KZN,61191.5,4069.82,mobile,legal,2024-12-06,true,0.1906,0,перевод в другой отдел,sme
101803,47.5,MSK,80290.04,6566.58,web,ml,2025-07-21,true,0.6685,0,перевод в другой отдел,sme
101804,42.4,KZN,119266.12,8518.85,partner,ops,2025-08-20,false,0.6146,0,клиент не отвечает,retail
101805,38.2,SPB,104100.01,5415.55,web,risk,2025-05-28,true,0.4337,0,документы на проверке,sme
1746,15.9,UNKNOWN,213131.75,8394.25,mobile,legal,2024-09-18,false,0.4689,0,повторное обращение,sme
101807,65.0,MSK,33890.9,14114.08,web,legal,2025-09-03,false,0.7509,0,перевод в другой отдел,retail
101808,42.4,NSK,93359.73,7079.09,partner,growth,2024-08-08,true,0.5248,0,заявка принята,retail
101809,50.7,KZN,,13473.01,web,support,2025-04-13,true,0.5647,0,перевод в другой отдел,sme
101810,47.7,MSK,63843.72,5335.45,web,support,2025-07-05,true,0.4469,0,,corporate
101811,48.2,EKB,93973.16,11640.39,web,support,2026-02-03,false,0.6879,0,,corporate
101812,50.5,MSK,38031.8,9912.17,offline,growth,2025-08-17,false,0.4679,0,заявка принята,sme
2150,29.6,KZN,85236.95,7664.57,offline,ml,2025-02-27,true,0.5457,0,повторное обращение,sme
101814,50.9,SPB,,29646.66,mobile,support,2025-05-22,false,0.9151,0,документы на проверке,retail
101815,45.3,MSK,59519.71,21716.66,mobile,legal,2024-07-28,true,0.473,0,документы на проверке,corporate
101816,44.3,MSK,125225.24,7403.12,mobile,support,2024-09-25,true,0.5698,0,документы на проверке,sme
101817,51.0,MSK,44273.82,23948.21,web,legal,2025-07-26,true,0.4909,0,клиент не отвечает,retail
101818,51.9,UNKNOWN,58853.45,112361.27,web,support,2026-03-09,true,0.3019,0,перевод в другой отдел,retail
101819,32.9,EKB,91662.86,6628.55,web,legal,2024-08-11,true,0.4326,0,повторное обращение,sme
2957,46.7,MSK,25622.68,17279.84,mobile,ml,2025-07-24,true,0.2515,0,перевод в другой отдел,corporate
101821,48.7,EKB,,9940.94,mobile,legal,2024-09-19,true,0.733,0,заявка принята,sme
101822,27.6,NSK,59859.95,17679.15,web,risk,2025-09-10,false,0.8793,0,повторное обращение,sme
101823,47.0,MSK,79015.58,6278.97,partner,sales,2025-12-21,false,0.3648,0,повторное обращение,retail
101824,48.0,KZN,45111.22,19478.45,mobile,sales,2025-09-07,true,0.6205,0,документы на проверке,corporate
101825,40.5,KZN,56668.55,37473.84,mobile,ops,2025-11-29,true,0.5719,0,клиент не отвечает,corporate
101826,48.2,SPB,36513.58,7320.43,mobile,ops,2026-01-31,true,0.4891,0,документы на проверке,sme
2211,50.4,EKB,39503.76,15367.07,mobile,ml,2025-12-20,true,0.7503,0,повторное обращение,retail
101828,46.9,SPB,26956.11,13709.25,offline,ml,2025-10-10,false,0.6055,0,документы на проверке,retail
101829,22.6,NSK,28966.73,8588.64,web,sales,2025-05-24,false,0.7414,0,клиент не отвечает,sme
101830,48.0,MSK,43296.34,3762.96,mobile,growth,2025-07-03,false,0.5368,0,перевод в другой отдел,corporate
101831,50.9,SPB,156280.17,6268.51,mobile,sales,2024-12-23,true,0.3707,0,клиент не отвечает,sme
101832,63.7,OTHER_17,113666.59,20388.42,partner,sales,2024-11-17,false,0.2962,0,перевод в другой отдел,retail
101833,52.1,SPB,45657.72,46076.52,mobile,risk,2026-04-28,false,0.8578,0,клиент не отвечает,retail
141,28.4,MSK,,47133.81,mobile,ml,2025-08-29,false,0.5805,0,перевод в другой отдел,corporate
101835,52.7,KZN,,8061.49,web,legal,2024-09-30,false,0.3622,0,повторное обращение,sme
101836,59.4,MSK,154249.2,8321.19,web,growth,2025-11-22,false,0.6581,0,перевод в другой отдел,corporate
101837,43.2,SPB,,14419.08,web,ml,2026-04-06,true,0.8275,0,,corporate
101838,52.0,NSK,46822.0,6021.63,mobile,ml,2026-04-09,false,0.5662,0,заявка принята,retail
101839,43.9,MSK,83616.78,9244.39,web,ops,2025-11-23,false,0.5876,0,документы на проверке,retail
101840,30.5,SPB,59110.43,7632.44,offline,sales,2024-10-05,false,0.603,0,перевод в другой отдел,sme
10,73.4,UNKNOWN,96093.35,55028.44,offline,support,2026-06-16,false,0.7146,0,повторное обращение,sme
101842,38.1,SPB,23059.28,2235.84,mobile,risk,2025-04-04,false,0.7298,0,заявка принята,corporate
101843,45.5,UNKNOWN,275229.38,5803.86,web,sales,2024-12-06,true,0.4074,0,повторное обращение,sme
101844,68.7,MSK,96592.97,7974.71,mobile,legal,2024-11-01,false,0.4809,0,документы на проверке,corporate
101845,43.0,KZN,80296.21,4750.13,partner,ops,2025-10-24,true,0.3068,0,документы на проверке,retail
101846,53.2,UNKNOWN,44407.41,8734.83,web,legal,2026-05-13,false,0.7167,0,документы на проверке,sme
101847,31.3,SPB,58458.46,7102.04,mobile,ml,2025-01-12,true,0.6863,0,,corporate
1077,14.4,SPB,55817.79,11543.32,mobile,growth,2025-04-19,false,0.5619,0,повторное обращение,corporate
101849,31.8,EKB,91948.68,10784.82,mobile,ops,2024-08-15,false,0.5089,0,заявка принята,sme
101850,45.2,OTHER_17,35828.89,7343.34,web,sales,2024-11-08,false,0.6403,0,заявка принята,corporate
101851,59.9,SPB,102770.68,3281.02,mobile,growth,2025-10-21,true,0.5983,0,повторное обращение,retail
101852,18.9,NSK,51454.45,4649.63,offline,ml,2026-05-08,true,0.6687,0,заявка принята,retail
101853,58.9,OTHER_17,28584.16,34026.66,mobile,growth,2025-04-23,false,0.212,0,перевод в другой отдел,sme
101854,39.1,NSK,,2676.28,web,ops,2025-04-28,true,0.1048,0,повторное обращение,corporate
2304,6.6,OTHER_17,53073.24,22333.53,web,ml,2025-09-24,false,1.0051,0,повторное обращение,corporate
101856,28.4,UNKNOWN,115262.0,4695.14,web,support,2024-09-17,false,0.3353,0,,retail
101857,26.7,SPB,46583.23,19172.88,web,sales,2026-04-14,true,0.3563,0,перевод в другой отдел,retail
101858,41.0,MSK,87032.01,13684.93,partner,growth,2025-04-05,true,0.734,0,заявка принята,corporate
101859,49.5,UNKNOWN,85974.94,8779.95,web,risk,2025-08-10,true,0.935,0,клиент не отвечает,sme
101860,51.8,KZN,86807.85,5177.35,partner,sales,2026-06-10,true,0.6819,0,документы на проверке,retail
101861,31.2,EKB,55458.98,10958.98,web,sales,2025-03-07,true,0.3844,0,документы на проверке,corporate
1005,64.9,MSK,48831.47,4482.01,offline,ops,2025-02-10,true,0.7341,0,повторное обращение,corporate
101863,46.4,NSK,85534.36,9263.02,web,legal,2026-06-01,false,0.6815,0,заявка принята,retail
101864,43.9,MSK,50856.94,9110.83,mobile,support,2025-03-06,true,0.6975,0,перевод в другой отдел,corporate
101865,31.8,NSK,104355.43,7749.05,web,support,2026-04-01,true,0.4012,0,клиент не отвечает,corporate
101866,56.4,NSK,33056.79,16791.99,mobile,risk,2025-03-25,true,0.5798,0,заявка принята,sme
101867,53.2,SPB,55219.89,22309.27,mobile,support,2024-12-03,false,0.4774,0,повторное обращение,sme
101868,25.9,EKB,,9360.78,partner,sales,2024-09-28,false,0.6649,0,повторное обращение,retail
398,55.1,NSK,,3485.0,web,sales,2025-12-01,false,0.3512,0,повторное обращение,corporate
101870,44.9,UNKNOWN,,4139.62,web,sales,2026-01-06,false,0.5754,0,перевод в другой отдел,sme
101871,42.9,NSK,53453.24,8558.67,offline,growth,2026-06-19,false,0.7089,0,клиент не отвечает,sme
101872,41.3,KZN,47662.13,5113.51,web,ops,2024-11-26,true,0.7305,0,,retail
101873,43.9,EKB,,11564.86,web,legal,2025-11-22,true,1.0026,0,повторное обращение,sme
101874,71.7,EKB,54885.66,2873.8,web,ops,2026-06-12,true,0.3371,0,перевод в другой отдел,sme
101875,44.8,MSK,76363.43,1348.22,mobile,sales,2026-05-05,false,0.5565,0,,sme
1648,66.9,NSK,26104.6,4686.73,partner,ml,2025-02-18,true,0.5077,0,клиент не отвечает,retail
101877,55.8,EKB,24318.06,3827.99,mobile,support,2025-04-10,true,0.8967,0,документы на проверке,sme
101878,30.8,UNKNOWN,41890.16,3186.14,partner,ops,2025-10-02,false,0.5755,0,клиент не отвечает,corporate
101879,48.8,MSK,50043.37,1271.97,offline,ml,2026-05-13,true,0.599,0,,sme
101880,31.4,MSK,,5360.57,partner,support,2024-12-09,true,0.5108,0,клиент не отвечает,sme
101881,23.9,UNKNOWN,64625.36,2514.77,web,support,2025-02-27,true,0.1994,0,перевод в другой отдел,sme
101882,55.8,EKB,72877.91,14901.83,mobile,risk,2024-12-26,true,0.6232,0,повторное обращение,corporate
1385,29.8,MSK,28807.11,12003.61,mobile,sales,2026-01-03,true,0.8901,0,документы на проверке,sme
101884,35.7,EKB,37140.82,4337.89,web,support,2024-09-13,false,0.5094,0,клиент не отвечает,corporate
101885,51.2,SPB,47279.75,19285.49,offline,support,2025-10-31,true,0.6259,0,клиент не отвечает,retail
101886,39.2,MSK,52922.95,4697.37,mobile,growth,2026-05-01,false,0.5779,0,клиент не отвечает,sme
101887,60.8,NSK,43454.41,5073.08,offline,sales,2025-05-20,false,0.2714,0,заявка принята,sme
101888,55.8,KZN,32871.74,494.6,offline,legal,2025-05-12,false,0.6029,0,документы на проверке,corporate
101889,35.1,SPB,24514.92,24681.68,offline,risk,2025-06-27,true,0.9659,0,клиент не отвечает,corporate
1488,47.1,NSK,46632.39,4930.69,partner,ml,2025-06-29,true,0.5307,0,заявка принята,retail
101891,30.4,KZN,91447.58,15721.35,partner,legal,2025-06-02,true,0.6054,0,клиент не отвечает,retail
101892,57.0,KZN,28112.12,12823.69,web,sales,2025-02-05,true,0.3169,0,повторное обращение,corporate
101893,44.5,SPB,18622.88,1340.78,offline,risk,2025-05-19,true,0.5799,0,заявка принята,sme
101894,23.7,NSK,64388.61,6722.77,web,support,2024-11-02,true,0.2502,0,документы на проверке,sme
101895,29.4,OTHER_17,,3633.98,web,ops,2025-08-28,true,0.5727,0,повторное обращение,retail
101896,53.4,SPB,40093.62,10446.6,web,sales,2024-12-05,true,0.5437,0,перевод в другой отдел,corporate
3105,37.1,KZN,28771.98,32272.04,web,support,2024-08-09,false,0.7938,0,заявка принята,retail
101898,56.8,KZN,62433.48,7669.37,mobile,sales,2026-05-05,false,0.4711,0,,retail
101899,49.1,UNKNOWN,31203.64,11725.67,partner,sales,2025-06-26,true,0.3052,0,заявка принята,corporate
101900,44.1,SPB,89341.97,11930.98,mobile,sales,2026-05-24,true,0.8344,0,повторное обращение,sme
101901,60.1,SPB,30231.68,19406.59,web,sales,2024-12-25,false,0.3375,0,клиент не отвечает,sme
101902,47.2,KZN,33684.79,2836.94,partner,ops,2025-07-28,false,0.2129,0,клиент не отвечает,retail
101903,44.2,SPB,25618.08,4437.7,web,legal,2025-03-01,true,0.4999,0,перевод в другой отдел,sme
727,31.0,EKB,28304.0,8729.57,mobile,support,2024-11-02,false,0.6998,0,заявка принята,corporate
101905,49.4,SPB,79529.52,5262.62,mobile,ops,2025-09-08,false,0.7543,0,повторное обращение,retail
101906,6.8,MSK,23781.14,4494.42,partner,legal,2026-03-02,false,0.4809,0,документы на проверке,sme
101907,22.5,NSK,45433.18,2609.09,mobile,growth,2024-10-24,true,0.6004,0,,retail
101908,44.2,OTHER_17,,1540.05,web,sales,2025-11-08,false,0.7523,0,клиент не отвечает,retail
101909,50.6,UNKNOWN,73616.69,11211.89,partner,legal,2026-03-12,true,0.6621,0,заявка принята,corporate
101910,28.9,MSK,42037.96,13166.59,mobile,support,2025-06-10,false,0.4881,0,,corporate
1638,44.0,UNKNOWN,115226.52,5641.14,web,ops,2025-04-09,false,0.3623,0,документы на проверке,corporate
101912,52.5,EKB,66982.75,4938.59,web,ops,2024-11-04,true,0.5031,0,,retail
101913,38.2,NSK,93900.65,16879.8,mobile,ops,2025-03-07,true,0.6067,0,заявка принята,corporate
101914,36.5,KZN,37227.55,5369.08,mobile,ops,2024-08-08,false,0.3679,0,повторное обращение,sme
101915,54.0,NSK,74485.89,4216.98,partner,ops,2024-10-09,true,0.796,0,перевод в другой отдел,sme
101916,38.4,KZN,35953.64,11598.21,offline,ops,2025-12-20,false,0.8702,0,перевод в другой отдел,retail
101917,45.8,MSK,85956.69,15061.54,partner,sales,2026-02-02,true,0.466,0,,sme
884,55.0,UNKNOWN,97565.93,8488.56,mobile,support,2024-07-28,false,0.1963,0,клиент не отвечает,retail
101919,12.6,MSK,80736.34,10211.9,web,risk,2025-02-11,true,0.7532,0,заявка принята,sme
101920,67.2,EKB,23750.8,2546.62,mobile,legal,2024-12-06,true,0.5261,0,заявка принята,retail
101921,33.9,UNKNOWN,71962.77,8701.83,offline,support,2024-08-02,true,0.4973,0,клиент не отвечает,sme
101922,12.6,NSK,171847.01,2979.43,web,ml,2025-11-10,true,0.4122,0,,sme
101923,42.5,MSK,80212.65,4561.99,partner,risk,2026-04-08,false,0.6377,0,клиент не отвечает,retail
101924,68.2,UNKNOWN,53473.61,11280.77,mobile,support,2025-03-21,true,0.6758,0,клиент не отвечает,sme
2841,50.3,SPB,57496.83,26618.14,web,sales,2024-09-03,false,0.3659,0,документы на проверке,sme
101926,54.5,KZN,60554.05,14586.24,web,ml,2025-06-25,true,0.6318,0,,sme
101927,47.7,MSK,28667.63,15139.59,mobile,support,2024-12-08,false,0.4169,0,документы на проверке,corporate
101928,25.2,KZN,75016.13,33188.95,mobile,sales,2025-08-10,false,0.4478,0,повторное обращение,retail
101929,41.4,UNKNOWN,50471.89,6617.45,mobile,sales,2024-08-03,false,0.6009,0,документы на проверке,retail
101930,54.0,NSK,116741.33,52159.05,web,risk,2025-09-09,true,0.6815,0,документы на проверке,corporate
101931,50.7,SPB,64304.7,7866.45,mobile,ops,2025-02-19,true,0.574,0,заявка принята,corporate
1788,59.4,MSK,47101.38,4103.56,partner,legal,2026-06-19,true,0.2087,0,перевод в другой отдел,sme
101933,42.7,SPB,54273.36,13787.82,mobile,sales,2025-01-21,true,0.7842,0,документы на проверке,sme
101934,32.0,EKB,157497.68,13038.64,web,growth,2026-01-06,false,0.3611,0,документы на проверке,sme
101935,38.0,MSK,57372.85,23465.3,mobile,legal,2025-01-03,true,0.8268,0,документы на проверке,retail
101936,26.6,MSK,43008.91,9329.12,web,legal,2026-06-15,false,0.4999,0,заявка принята,retail
101937,33.5,KZN,103427.63,1193.78,offline,sales,2024-09-17,true,0.5482,0,клиент не отвечает,retail
101938,44.2,MSK,96069.4,5074.66,mobile,legal,2025-02-08,false,0.2973,0,повторное обращение,sme
2249,14.5,NSK,48950.81,9769.0,web,legal,2025-07-27,true,0.937,0,документы на проверке,corporate
101940,19.8,OTHER_17,42331.58,2420.36,partner,support,2025-08-05,false,0.1038,0,документы на проверке,retail
101941,45.7,OTHER_17,71508.99,4928.5,web,ml,2025-09-16,true,0.5828,0,документы на проверке,sme
101942,43.3,UNKNOWN,60633.29,18640.55,partner,risk,2024-11-09,true,0.4383,0,заявка принята,corporate
101943,36.2,MSK,41902.06,18899.32,mobile,growth,2025-12-14,true,0.3093,0,документы на проверке,retail
101944,39.9,OTHER_17,94503.72,3661.71,offline,ml,2025-06-02,true,0.7831,0,клиент не отвечает,retail
101945,41.4,KZN,,15041.85,mobile,growth,2025-01-26,true,0.7441,0,клиент не отвечает,retail
2800,51.8,NSK,185292.64,15219.27,mobile,risk,2024-11-12,false,0.6949,0,перевод в другой отдел,retail
101947,64.3,KZN,36407.59,27740.24,mobile,risk,2025-10-07,false,0.5574,0,клиент не отвечает,retail
101948,3.9,OTHER_17,57377.74,18188.39,mobile,growth,2024-11-20,true,0.3271,0,повторное обращение,retail
101949,32.0,SPB,48825.13,10862.58,partner,legal,2026-04-29,true,0.8193,0,клиент не отвечает,sme
101950,36.4,EKB,66801.33,14283.34,web,risk,2024-10-08,false,0.4489,0,клиент не отвечает,corporate
101951,47.2,EKB,,9508.67,offline,growth,2025-02-25,false,0.3954,0,клиент не отвечает,sme
101952,34.8,NSK,42443.81,7038.56,mobile,ml,2025-07-24,false,0.6281,0,документы на проверке,sme
528,45.5,UNKNOWN,,5422.89,mobile,support,2024-09-24,true,0.5934,0,,retail
101954,53.2,EKB,18368.92,1287.55,web,sales,2024-11-27,true,0.4865,0,повторное обращение,retail
101955,33.9,MSK,104220.95,2816.21,web,risk,2025-07-15,true,0.4695,0,,corporate
101956,45.0,SPB,69332.88,15455.37,web,ops,2025-05-03,false,0.5136,0,клиент не отвечает,corporate
101957,65.1,NSK,28988.37,21393.07,partner,risk,2025-10-22,true,0.5798,0,заявка принята,retail
101958,21.0,MSK,103113.54,8472.07,web,sales,2025-06-04,false,0.6028,0,перевод в другой отдел,retail
101959,54.7,MSK,63079.04,5569.54,offline,support,2026-04-12,true,0.6321,0,заявка принята,retail
95,33.8,NSK,46017.47,2637.63,mobile,ops,2024-10-31,true,0.3552,0,документы на проверке,corporate
101961,48.2,EKB,150531.77,5788.8,web,growth,2025-11-19,false,0.6076,0,повторное обращение,retail
101962,35.1,EKB,96195.82,4223.34,mobile,support,2025-03-06,true,0.7771,0,документы на проверке,sme
101963,47.7,OTHER_17,57737.48,6649.12,web,growth,2025-03-11,false,0.7035,0,повторное обращение,retail
101964,50.7,SPB,40665.15,2624.27,web,ops,2026-06-12,true,0.2811,0,повторное обращение,retail
101965,48.5,SPB,,24961.44,web,growth,2026-06-03,true,0.6044,0,перевод в другой отдел,retail
101966,53.3,KZN,47378.49,2418.29,offline,ops,2025-06-06,false,0.394,0,,corporate
1514,27.1,OTHER_17,,10513.78,offline,ops,2025-04-16,true,0.5076,0,,corporate
101968,50.3,SPB,130688.84,7423.32,mobile,ml,2025-04-29,false,0.6949,0,документы на проверке,corporate
101969,42.0,UNKNOWN,132362.85,18519.56,partner,ml,2025-08-24,true,0.4248,0,повторное обращение,retail
101970,32.8,SPB,118948.09,9106.75,web,risk,2025-12-05,false,0.4874,0,,sme
101971,36.3,OTHER_17,110480.87,4259.87,offline,legal,2025-11-21,true,0.4834,0,клиент не отвечает,retail
101972,35.1,EKB,107266.74,11298.28,mobile,risk,2026-05-24,false,0.2856,0,заявка принята,retail
101973,63.1,SPB,39215.95,7046.8,mobile,ml,2025-11-11,true,0.7283,0,клиент не отвечает,retail
2142,52.3,SPB,92588.46,1141.18,web,ops,2026-05-06,true,0.5293,0,заявка принята,sme
101975,38.4,MSK,67976.79,17009.18,mobile,legal,2026-01-31,true,0.5656,0,повторное обращение,corporate
101976,44.3,MSK,59776.67,8308.63,partner,growth,2024-12-03,false,0.4839,0,заявка принята,corporate
101977,23.9,MSK,27130.52,9392.56,web,sales,2025-09-13,true,0.51,0,заявка принята,sme
101978,54.8,EKB,57294.74,11854.74,mobile,ops,2025-04-10,true,0.6515,0,повторное обращение,corporate
101979,40.3,MSK,120721.57,33809.29,mobile,ml,2025-08-01,false,0.6647,0,заявка принята,corporate
101980,21.6,UNKNOWN,40414.65,6961.43,partner,ops,2024-08-10,false,0.4495,0,клиент не отвечает,corporate
1026,30.7,OTHER_17,,6694.27,web,sales,2025-09-05,false,0.5028,0,заявка принята,retail
101982,45.0,MSK,,3269.58,mobile,sales,2026-03-08,true,0.9203,0,клиент не отвечает,corporate
101983,42.3,UNKNOWN,34139.66,520.34,mobile,legal,2025-08-05,true,0.8319,0,,corporate
101984,45.1,EKB,37630.79,10950.58,offline,legal,2024-12-22,true,0.6064,0,повторное обращение,retail
101985,42.7,MSK,,15485.48,web,risk,2026-02-19,true,0.6757,0,клиент не отвечает,retail
101986,29.1,EKB,158940.0,13164.22,mobile,legal,2024-11-12,false,0.5467,0,перевод в другой отдел,sme
101987,64.7,SPB,42333.09,5049.03,mobile,sales,2025-04-10,false,0.3683,0,,retail
1756,40.6,SPB,118545.57,1988.54,web,sales,2026-05-04,true,0.6859,0,перевод в другой отдел,corporate
101989,78.9,MSK,55880.55,3326.81,mobile,legal,2026-05-22,true,0.5885,0,клиент не отвечает,sme
101990,32.9,SPB,85514.39,5573.75,mobile,sales,2025-06-28,false,0.4137,0,повторное обращение,retail
101991,21.7,SPB,,8022.73,partner,ml,2025-08-10,false,0.5242,0,перевод в другой отдел,retail
101992,42.7,UNKNOWN,69880.34,11392.45,partner,ml,2026-02-24,true,0.4742,0,документы на проверке,retail
101993,41.1,MSK,70771.22,5546.1,mobile,ml,2024-12-13,true,0.4316,0,перевод в другой отдел,retail
101994,69.7,UNKNOWN,232353.36,6238.23,web,ml,2025-08-03,true,0.3726,0,заявка принята,sme
1481,68.4,SPB,72099.49,18736.42,offline,sales,2026-05-17,true,0.3829,0,клиент не отвечает,sme
101996,54.1,MSK,,9569.21,mobile,legal,2025-10-05,true,0.0916,0,,sme
101997,37.1,MSK,65160.64,17781.58,mobile,legal,2026-01-28,true,0.8298,0,повторное обращение,corporate
101998,59.1,OTHER_17,,8146.93,partner,risk,2026-04-20,false,0.4026,0,повторное обращение,corporate
101999,26.4,MSK,81455.64,18762.34,partner,growth,2026-03-12,true,0.9385,0,заявка принята,retail
102000,34.0,OTHER_17,75749.32,6455.42,mobile,ops,2024-11-21,true,0.9122,0,заявка принята,corporate
102001,26.0,KZN,77372.6,2847.78,offline,ops,2025-04-09,true,0.5348,0,перевод в другой отдел,sme
1335,31.8,OTHER_17,159740.67,29139.56,web,sales,2024-09-28,true,0.4655,0,заявка принята,sme
102003,33.7,SPB,41646.52,6093.9,offline,risk,2025-06-04,false,0.7299,0,повторное обращение,corporate
102004,21.8,KZN,107095.74,10767.72,web,ml,2026-05-26,false,0.5857,0,повторное обращение,retail
102005,57.7,OTHER_17,,868.3,web,ml,2025-02-28,true,0.6264,0,заявка принята,retail
102006,37.6,MSK,54217.95,12131.91,offline,sales,2024-11-21,true,0.6975,0,перевод в другой отдел,sme
102007,48.8,SPB,61085.91,12605.07,mobile,ops,2024-11-24,false,0.3822,0,заявка принята,sme
102008,41.4,UNKNOWN,82397.86,1928.02,web,support,2025-10-01,false,0.6512,0,клиент не отвечает,corporate
857,12.9,MSK,50405.77,10839.19,partner,legal,2026-03-25,true,0.8309,0,повторное обращение,sme
102010,46.8,EKB,,31564.7,web,support,2024-08-22,true,0.5692,0,клиент не отвечает,corporate
102011,40.9,SPB,,7134.64,web,risk,2025-08-22,false,1.047,0,заявка принята,retail
102012,51.1,MSK,67665.33,15781.47,mobile,growth,2024-10-08,true,0.4956,0,,corporate
102013,36.1,MSK,41619.07,14615.35,web,risk,2025-03-23,true,0.6623,0,документы на проверке,sme
102014,45.5,MSK,160769.14,16266.67,web,risk,2024-12-28,false,0.4443,0,заявка принята,retail
102015,57.7,MSK,100260.91,5073.89,web,sales,2026-02-02,true,0.7699,0,повторное обращение,retail
465,56.8,UNKNOWN,40236.51,7983.12,offline,support,2024-09-14,false,0.6419,0,повторное обращение,retail
102017,28.4,OTHER_17,176598.73,30304.28,web,legal,2024-10-31,false,0.6652,0,перевод в другой отдел,retail
102018,18.3,EKB,100923.24,1550.73,web,support,2025-12-29,false,0.6523,0,перевод в другой отдел,retail
102019,32.1,MSK,,15453.21,mobile,ml,2026-03-19,false,0.7178,0,,sme
102020,44.5,KZN,49102.89,21624.82,offline,legal,2024-11-07,false,0.6262,0,,corporate
102021,50.8,UNKNOWN,,13681.12,web,ops,2025-10-31,true,0.6944,0,заявка принята,retail
102022,46.8,SPB,55209.38,2538.01,web,support,2025-02-09,true,0.362,0,повторное обращение,retail
665,41.0,NSK,41936.82,1422.01,web,ops,2024-09-25,true,0.5041,0,документы на проверке,sme
102024,43.7,KZN,59910.9,6073.71,web,sales,2024-09-11,true,0.6175,0,повторное обращение,sme
102025,67.2,SPB,29877.41,5400.52,web,ops,2024-10-14,false,0.098,0,документы на проверке,corporate
102026,48.9,MSK,148317.43,2212.97,web,growth,2025-10-16,false,0.5327,0,перевод в другой отдел,sme
102027,40.1,UNKNOWN,61662.8,7330.18,partner,risk,2025-12-04,true,0.4934,0,клиент не отвечает,corporate
102028,51.6,KZN,39429.86,16103.06,web,growth,2026-03-14,false,0.2728,0,,sme
102029,44.5,NSK,65620.11,6129.41,mobile,sales,2025-01-11,false,0.6501,0,заявка принята,retail
1765,57.0,EKB,,640.35,mobile,ml,2026-02-09,true,0.179,0,перевод в другой отдел,retail
102031,49.4,SPB,119878.13,9426.14,partner,support,2025-04-06,false,0.4373,0,заявка принята,sme
102032,33.9,UNKNOWN,,18643.14,partner,legal,2024-10-28,true,0.99,0,клиент не отвечает,retail
102033,50.7,UNKNOWN,92350.29,7266.77,partner,support,2026-05-30,true,0.8656,0,перевод в другой отдел,sme
102034,9.9,MSK,64743.88,9632.06,mobile,support,2025-03-11,true,0.6861,0,заявка принята,sme
102035,36.4,MSK,104202.51,14834.28,partner,growth,2026-01-07,true,0.7716,0,перевод в другой отдел,corporate
102036,56.7,MSK,,4155.46,web,risk,2024-09-04,false,0.329,0,документы на проверке,corporate
1861,66.1,UNKNOWN,54564.04,31489.11,web,sales,2026-03-03,true,0.3864,0,перевод в другой отдел,sme
102038,50.3,KZN,127612.04,2559.66,web,growth,2025-03-05,true,0.6375,0,повторное обращение,sme
102039,54.3,KZN,42267.18,3415.87,mobile,growth,2024-11-24,true,0.7081,0,,sme
102040,65.1,MSK,117743.29,6462.86,mobile,risk,2026-06-08,true,0.5207,0,,sme
102041,43.7,MSK,68426.43,5139.71,mobile,sales,2025-09-27,true,0.6949,0,перевод в другой отдел,sme
102042,66.4,OTHER_17,48755.89,6145.58,web,legal,2026-04-05,false,0.0447,0,заявка принята,retail
102043,48.5,NSK,125920.24,21223.58,web,sales,2024-10-08,true,0.3178,0,заявка принята,sme
3188,43.5,SPB,55033.32,3372.48,mobile,growth,2025-02-14,false,0.2863,0,документы на проверке,corporate
102045,31.3,EKB,46371.11,9012.76,partner,support,2025-05-11,false,0.749,0,клиент не отвечает,retail
102046,66.5,MSK,43057.94,8866.64,offline,ml,2025-06-10,true,0.691,0,клиент не отвечает,sme
102047,27.9,EKB,111663.73,20915.5,partner,ops,2026-06-04,true,0.555,0,перевод в другой отдел,retail
102048,35.7,MSK,90136.68,5850.05,web,support,2025-03-16,true,0.553,0,клиент не отвечает,sme
102049,51.8,MSK,,4540.92,partner,support,2024-10-29,false,0.3966,0,,retail
102050,42.2,MSK,79185.69,9290.09,mobile,growth,2025-12-03,true,0.815,0,повторное обращение,corporate
1518,37.1,MSK,114620.38,11818.09,partner,ml,2025-11-05,true,0.3892,0,клиент не отвечает,retail
102052,34.1,OTHER_17,79697.56,2453.03,web,sales,2026-03-06,false,0.6188,0,,retail
102053,35.6,OTHER_17,33015.19,2378.41,partner,growth,2025-09-13,false,0.5389,0,повторное обращение,retail
102054,30.7,MSK,,12643.02,web,growth,2024-09-23,true,0.5389,0,заявка принята,corporate
102055,20.1,NSK,75800.32,19275.91,mobile,legal,2026-04-10,false,0.8727,0,клиент не отвечает,corporate
102056,46.7,UNKNOWN,60073.94,957.17,mobile,sales,2025-07-25,true,0.6043,0,перевод в другой отдел,sme
102057,52.1,OTHER_17,46454.95,2959.4,web,growth,2024-09-16,true,0.5805,0,клиент не отвечает,sme
2763,21.3,UNKNOWN,20216.68,1775.22,mobile,risk,2026-05-19,false,0.9281,0,повторное обращение,corporate
102059,25.1,SPB,83935.18,27255.74,web,legal,2025-01-18,true,0.6295,0,перевод в другой отдел,corporate
102060,45.4,EKB,17853.01,7288.46,web,legal,2025-08-28,true,0.7282,0,повторное обращение,retail
102061,41.2,MSK,55259.28,12624.9,mobile,sales,2025-04-16,true,0.388,0,заявка принята,corporate
102062,36.1,MSK,96129.09,4725.69,mobile,risk,2025-12-19,false,0.4371,0,перевод в другой отдел,corporate
102063,32.0,UNKNOWN,,4370.09,offline,risk,2024-09-16,false,0.4795,0,повторное обращение,retail
102064,44.7,SPB,89393.98,8864.49,web,legal,2025-12-26,false,0.7961,0,,corporate
1040,33.5,MSK,,9540.91,web,legal,2024-10-07,false,0.5446,0,заявка принята,sme
102066,46.2,OTHER_17,44595.65,14059.21,mobile,risk,2026-04-15,true,0.4196,0,документы на проверке,sme
102067,44.4,MSK,114224.74,6071.37,mobile,ml,2026-05-23,false,0.4559,0,клиент не отвечает,retail
102068,22.9,UNKNOWN,,9512.21,partner,risk,2026-04-05,false,0.6616,0,перевод в другой отдел,retail
102069,55.1,SPB,74457.02,34448.78,mobile,risk,2024-10-07,false,0.6564,0,повторное обращение,retail
102070,19.3,MSK,43772.96,7555.09,mobile,growth,2024-09-13,false,0.8809,0,клиент не отвечает,sme
102071,46.8,NSK,125414.33,12080.1,web,ml,2025-03-20,false,0.2783,0,повторное обращение,corporate
1164,39.4,KZN,80150.38,6438.56,web,risk,2025-03-24,true,0.5102,0,клиент не отвечает,retail
102073,47.1,UNKNOWN,28942.65,7419.43,web,growth,2025-09-29,true,0.529,0,заявка принята,corporate
102074,50.7,NSK,,9108.61,mobile,legal,2024-07-21,true,0.6869,0,клиент не отвечает,retail
102075,45.8,OTHER_17,53152.65,10736.12,partner,sales,2024-09-24,false,0.6844,0,,corporate
102076,53.5,MSK,60513.13,12262.12,mobile,ml,2024-09-07,false,0.6389,0,клиент не отвечает,sme
102077,29.8,MSK,34997.2,6555.42,web,legal,2025-08-19,false,0.4611,0,перевод в другой отдел,corporate
102078,39.6,MSK,74332.6,8864.03,offline,risk,2025-04-26,false,0.6819,0,перевод в другой отдел,retail
2843,38.4,MSK,,3599.07,mobile,risk,2025-12-20,true,0.3908,0,документы на проверке,retail
102080,33.8,MSK,53915.43,6410.71,web,ops,2026-04-11,false,0.5565,0,клиент не отвечает,corporate
102081,52.8,MSK,,8367.6,mobile,support,2025-01-12,true,0.5881,0,клиент не отвечает,retail
102082,55.2,MSK,52588.96,10991.5,mobile,risk,2025-03-28,false,0.2226,0,,sme
102083,17.1,EKB,92462.55,4012.57,offline,risk,2025-07-10,false,0.4092,0,,corporate
102084,56.7,SPB,48535.05,3834.98,offline,growth,2025-07-13,true,0.5083,0,документы на проверке,retail
102085,28.9,MSK,81717.39,2680.46,web,ops,2025-07-29,true,0.6838,0,перевод в другой отдел,sme
2332,50.8,UNKNOWN,66813.1,5155.45,partner,support,2026-03-12,true,0.5504,0,перевод в другой отдел,corporate
102087,42.6,KZN,112351.33,22625.83,partner,growth,2024-07-31,false,0.5159,0,заявка принята,corporate
102088,69.6,MSK,49974.57,16011.53,mobile,sales,2026-04-09,false,0.5572,0,,corporate
102089,42.2,UNKNOWN,39295.67,2146.38,partner,ops,2025-09-12,true,0.7222,0,документы на проверке,corporate
102090,40.5,MSK,77387.38,50846.69,offline,ml,2024-08-27,true,0.6182,0,перевод в другой отдел,sme
102091,36.8,SPB,155163.78,3599.18,mobile,growth,2025-01-18,true,0.2963,0,повторное обращение,retail
102092,27.3,UNKNOWN,48316.9,8812.47,web,ml,2025-02-27,true,0.571,0,перевод в другой отдел,retail
870,33.7,SPB,42816.22,7299.02,mobile,ops,2025-01-16,false,0.9081,0,документы на проверке,corporate
102094,43.6,KZN,76122.27,2096.97,partner,ops,2026-03-23,true,0.7699,0,перевод в другой отдел,retail
102095,49.3,SPB,59311.64,9395.45,mobile,risk,2025-03-29,false,0.6159,0,заявка принята,sme
102096,33.4,SPB,52980.65,1870.9,web,risk,2025-09-16,true,0.7386,0,клиент не отвечает,retail
102097,38.7,SPB,48282.79,5843.06,partner,risk,2025-01-27,false,0.47,0,повторное обращение,retail
102098,38.0,NSK,40887.08,9960.61,web,growth,2026-05-08,false,0.5113,0,документы на проверке,corporate
102099,45.8,NSK,,18761.44,mobile,ml,2025-04-18,true,0.5048,0,клиент не отвечает,corporate
2324,57.8,SPB,94448.72,3541.84,mobile,support,2025-07-27,true,0.5227,0,повторное обращение,corporate
102101,49.8,NSK,78333.97,7900.35,web,legal,2026-03-13,true,0.8397,0,перевод в другой отдел,corporate
102102,42.0,KZN,,3311.33,web,ops,2025-02-20,false,0.587,0,повторное обращение,corporate
102103,50.6,MSK,,6787.84,mobile,sales,2025-06-14,false,0.9766,0,документы на проверке,sme
102104,26.3,MSK,38370.63,4277.73,web,sales,2025-01-01,false,0.649,0,заявка принята,retail
102105,48.1,KZN,53988.57,12886.26,mobile,growth,2025-01-31,false,0.2428,0,документы на проверке,retail
102106,25.6,MSK,88158.74,11628.74,mobile,risk,2025-04-29,true,0.4122,0,клиент не отвечает,sme
1615,71.7,OTHER_17,,5230.54,offline,sales,2025-12-27,false,0.6604,0,перевод в другой отдел,retail
102108,27.8,UNKNOWN,43373.44,6414.62,web,legal,2024-11-14,false,0.5754,0,перевод в другой отдел,corporate
102109,45.4,UNKNOWN,40078.91,12331.71,offline,ops,2025-05-13,true,0.7115,0,,retail
102110,30.4,SPB,34962.05,5702.92,web,support,2024-08-23,true,0.714,0,,retail
102111,75.5,OTHER_17,,10820.57,mobile,risk,2026-06-11,true,0.6134,0,документы на проверке,corporate
102112,39.4,SPB,66658.24,3239.48,offline,risk,2025-05-27,true,0.1701,0,документы на проверке,sme
102113,52.7,OTHER_17,54418.95,14610.75,web,ops,2026-01-04,true,0.3074,0,клиент не отвечает,retail
1982,35.2,KZN,54017.03,10910.58,web,sales,2024-10-02,false,0.1022,0,клиент не отвечает,retail
102115,36.7,EKB,71317.5,10153.17,web,ml,2024-08-01,false,0.2998,0,повторное обращение,corporate
102116,44.4,EKB,,10011.87,web,support,2024-10-11,true,0.5869,0,,retail
102117,45.7,NSK,,6767.78,offline,growth,2024-12-28,true,0.3432,0,документы на проверке,corporate
102118,27.6,MSK,,1870.67,web,ops,2026-05-30,false,0.4474,0,,corporate
102119,35.0,SPB,57398.31,4732.94,mobile,sales,2025-01-18,false,0.4664,0,повторное обращение,retail
102120,40.0,EKB,45563.52,12287.68,partner,legal,2024-08-02,false,0.178,0,заявка принята,retail
2592,36.5,MSK,107737.42,3028.73,offline,growth,2026-03-18,false,0.5688,0,повторное обращение,sme
102122,62.8,OTHER_17,48903.0,1071.06,offline,ops,2026-06-07,true,0.7856,0,повторное обращение,sme
102123,37.8,SPB,46723.87,1120.35,offline,risk,2026-04-18,true,0.5967,0,заявка принята,sme
102124,19.3,UNKNOWN,41492.76,9286.88,partner,support,2025-11-10,false,0.5855,0,повторное обращение,sme
102125,37.8,UNKNOWN,,4384.83,mobile,ops,2026-03-19,true,0.8238,0,,corporate
102126,46.9,UNKNOWN,29458.75,2145.66,mobile,support,2026-05-20,false,0.9427,0,повторное обращение,sme
102127,37.4,UNKNOWN,95210.98,32060.85,partner,ops,2025-10-08,true,0.5122,0,документы на проверке,corporate
1453,22.7,KZN,120833.09,10865.01,web,sales,2025-11-09,false,0.5596,0,перевод в другой отдел,retail
102129,38.0,NSK,76040.92,4592.82,mobile,sales,2025-11-15,false,0.4134,0,перевод в другой отдел,retail
102130,37.1,MSK,158802.08,22460.4,web,legal,2024-10-14,false,0.3674,0,,retail
102131,44.9,MSK,,19447.15,mobile,support,2025-05-11,true,0.6067,0,повторное обращение,sme
102132,72.0,MSK,,4716.59,mobile,ml,2024-09-02,true,0.6252,0,перевод в другой отдел,sme
102133,46.2,EKB,85445.94,11634.03,mobile,legal,2025-03-25,false,0.2012,0,повторное обращение,retail
102134,28.5,SPB,86513.61,5970.78,web,ml,2025-04-14,false,0.7016,0,повторное обращение,retail
1421,55.0,SPB,90477.38,10236.82,web,sales,2024-09-30,true,0.7945,0,,corporate
102136,29.7,SPB,74931.8,4093.61,web,support,2025-03-19,false,0.5987,0,перевод в другой отдел,sme
102137,35.3,KZN,,7352.61,partner,ops,2026-04-28,true,0.6568,0,перевод в другой отдел,retail
102138,61.5,SPB,35638.0,9413.64,web,legal,2026-05-10,false,0.5565,0,перевод в другой отдел,corporate
102139,56.8,SPB,128786.06,559.7,web,risk,2025-01-23,true,0.5239,0,документы на проверке,retail
102140,37.6,UNKNOWN,63304.15,4104.26,web,sales,2024-08-20,false,0.6278,0,перевод в другой отдел,sme
102141,27.4,EKB,43485.78,5812.68,mobile,risk,2024-10-08,false,0.4519,0,документы на проверке,corporate
1763,52.4,EKB,49473.33,20931.22,mobile,risk,2025-12-21,false,0.6393,0,,retail
102143,35.1,SPB,45050.67,11803.75,mobile,ops,2024-10-26,true,0.896,0,перевод в другой отдел,corporate
102144,60.0,MSK,157673.91,1935.09,mobile,ops,2025-03-23,true,0.6727,0,клиент не отвечает,corporate
102145,50.9,KZN,143679.92,9342.95,web,sales,2024-07-27,true,0.5749,0,,retail
102146,38.9,SPB,91337.31,8954.03,mobile,support,2026-02-16,true,0.3133,0,повторное обращение,retail
102147,51.6,SPB,86875.57,5725.43,mobile,sales,2025-12-11,true,0.1431,0,,retail
102148,46.9,MSK,,4132.74,web,growth,2025-12-18,true,0.6297,0,клиент не отвечает,retail
1965,50.8,UNKNOWN,129115.6,2373.35,partner,ml,2025-03-08,true,0.6889,0,,sme
102150,46.0,NSK,63157.85,3193.37,mobile,ml,2025-12-17,false,0.3764,0,документы на проверке,sme
102151,36.5,MSK,179747.14,49848.25,mobile,ml,2026-01-17,false,0.7678,0,заявка принята,retail
102152,41.7,SPB,8660.85,13447.17,offline,growth,2026-01-13,true,0.9275,0,повторное обращение,corporate
102153,12.9,EKB,16501.02,4999.47,web,ops,2026-04-04,true,0.5259,0,заявка принята,corporate
102154,48.4,MSK,46841.23,6726.0,mobile,risk,2025-09-15,true,0.4905,0,клиент не отвечает,corporate
102155,21.4,SPB,43011.03,3231.33,mobile,risk,2024-09-02,false,0.5155,0,перевод в другой отдел,sme
950,39.4,MSK,43176.17,3219.96,mobile,ops,2025-08-20,false,0.5911,0,заявка принята,retail
102157,29.7,SPB,34718.23,27656.54,mobile,ml,2026-06-01,true,0.6521,0,повторное обращение,sme
102158,51.0,OTHER_17,46375.76,17682.68,mobile,risk,2025-12-02,false,0.6251,0,,sme
102159,36.7,SPB,125932.73,6249.09,mobile,risk,2024-12-10,true,1.0712,0,,retail
102160,27.0,NSK,91663.07,6210.27,mobile,growth,2024-12-28,false,0.5429,0,документы на проверке,retail
102161,27.6,MSK,52877.47,2969.51,mobile,ops,2024-10-21,false,0.465,0,перевод в другой отдел,retail
102162,44.7,SPB,,9952.5,mobile,ml,2024-09-20,false,0.4416,0,документы на проверке,retail
3126,19.2,SPB,42685.06,4687.49,web,ops,2026-05-30,true,0.6847,0,документы на проверке,sme
102164,41.4,UNKNOWN,20762.16,5042.89,partner,risk,2025-07-10,true,0.4511,0,повторное обращение,retail
102165,37.1,SPB,29326.99,16507.87,web,legal,2025-05-30,false,0.6181,0,клиент не отвечает,retail
102166,51.5,EKB,55797.08,4042.67,mobile,risk,2025-05-03,false,0.6952,0,,retail
102167,37.8,OTHER_17,27064.7,7443.73,offline,support,2024-07-19,true,0.7251,0,,corporate
102168,57.7,MSK,85991.17,4835.83,offline,risk,2025-01-30,false,0.4911,0,документы на проверке,retail
102169,64.4,NSK,36130.0,12322.35,mobile,sales,2026-04-05,true,0.448,0,клиент не отвечает,retail
2904,55.7,EKB,44251.34,9491.19,mobile,ops,2024-11-09,false,0.526,0,заявка принята,retail
102171,40.3,MSK,47169.66,13048.86,mobile,support,2025-03-09,true,0.7714,0,заявка принята,corporate
102172,26.5,MSK,62758.75,21001.88,web,growth,2024-09-18,false,0.4431,0,перевод в другой отдел,sme
102173,64.7,UNKNOWN,74119.34,11076.44,web,sales,2026-02-10,false,0.3724,0,документы на проверке,sme
102174,14.7,UNKNOWN,82325.0,10279.83,partner,sales,2025-08-21,true,0.5283,0,,corporate
102175,39.0,KZN,32960.75,3808.05,web,sales,2025-06-22,true,0.4549,0,повторное обращение,corporate
102176,64.8,MSK,87280.45,13797.07,partner,ml,2024-12-05,true,0.6889,0,перевод в другой отдел,corporate
2974,44.9,KZN,118492.64,18540.05,offline,support,2024-10-13,true,0.9003,0,повторное обращение,retail
102178,11.6,NSK,54227.97,4079.21,web,growth,2026-04-27,true,0.6964,0,документы на проверке,corporate
102179,29.4,UNKNOWN,136583.12,3118.81,mobile,legal,2024-11-22,true,0.4104,0,заявка принята,sme
102180,45.2,SPB,88760.41,3067.66,partner,growth,2026-01-15,false,0.4744,0,повторное обращение,retail
102181,49.1,MSK,75760.1,8028.27,mobile,ops,2025-12-16,true,0.6842,0,перевод в другой отдел,sme
102182,42.3,MSK,,4763.68,offline,growth,2025-11-08,true,0.366,0,,corporate
102183,66.5,UNKNOWN,58156.25,8692.31,mobile,ml,2026-04-03,false,0.8113,0,перевод в другой отдел,corporate
2963,42.0,MSK,66272.75,6509.4,mobile,ops,2025-09-14,false,0.4939,0,клиент не отвечает,corporate
102185,37.4,MSK,70454.86,2421.65,partner,risk,2025-08-21,true,0.5189,0,,corporate
102186,27.2,MSK,183268.54,5171.11,web,sales,2026-03-17,false,0.7908,0,,sme
102187,15.6,NSK,58758.07,35273.5,mobile,sales,2026-02-11,true,0.7981,0,документы на проверке,corporate
102188,35.8,NSK,81385.02,5097.58,web,support,2025-01-13,false,0.6122,0,перевод в другой отдел,corporate
102189,35.9,MSK,78288.14,14905.13,web,support,2026-04-21,true,0.7519,0,повторное обращение,sme
102190,20.2,MSK,36321.22,2654.84,mobile,ml,2024-08-02,false,0.4701,0,заявка принята,corporate
768,39.9,UNKNOWN,,30638.32,mobile,support,2026-06-09,true,0.3988,0,,corporate
102192,21.8,NSK,,3070.04,partner,ml,2025-11-20,false,0.5163,0,документы на проверке,retail
102193,33.8,MSK,125769.15,6403.82,offline,sales,2025-08-25,true,0.4558,0,перевод в другой отдел,sme
102194,31.9,EKB,73011.22,18045.85,partner,sales,2025-09-12,false,0.5917,0,клиент не отвечает,sme
102195,43.4,NSK,108786.48,7434.01,web,legal,2024-11-10,true,0.8063,0,перевод в другой отдел,corporate
102196,50.9,UNKNOWN,106188.0,24924.3,mobile,legal,2024-10-30,false,0.5541,0,перевод в другой отдел,corporate
102197,61.6,SPB,48147.48,2395.39,web,risk,2025-06-13,true,0.3986,0,заявка принята,retail
2821,39.7,MSK,26100.96,8897.89,web,ml,2025-03-09,false,0.6253,0,заявка принята,retail
102199,57.8,UNKNOWN,48897.07,2042.6,web,risk,2025-06-25,true,0.4727,0,клиент не отвечает,retail
102200,35.0,SPB,95756.7,2760.79,web,support,2025-09-09,false,0.1743,0,документы на проверке,retail
102201,43.5,MSK,,9495.5,web,growth,2026-05-22,false,0.5113,0,,sme
102202,35.0,UNKNOWN,74393.33,2369.78,web,support,2024-09-24,true,0.4993,0,клиент не отвечает,sme
102203,39.8,MSK,76078.65,23138.59,web,legal,2026-02-25,true,0.4851,0,перевод в другой отдел,retail
102204,37.1,MSK,69133.89,3961.54,web,ops,2026-06-03,true,0.6296,0,перевод в другой отдел,sme
1316,35.1,EKB,73634.92,9461.47,mobile,growth,2025-02-23,false,0.4331,0,повторное обращение,corporate
102206,44.4,OTHER_17,,11403.36,mobile,sales,2024-08-17,true,0.6808,0,документы на проверке,retail
102207,70.3,OTHER_17,159912.31,31654.19,mobile,support,2024-09-07,false,0.7697,0,клиент не отвечает,retail
102208,46.9,OTHER_17,44237.13,8429.11,mobile,legal,2024-12-10,false,0.4001,0,перевод в другой отдел,retail
102209,26.1,UNKNOWN,23309.74,8353.44,mobile,support,2026-01-24,true,0.5621,0,перевод в другой отдел,corporate
102210,57.7,MSK,88876.18,9161.99,web,ops,2026-02-17,false,0.2585,0,документы на проверке,retail
102211,40.3,OTHER_17,117629.22,4719.13,mobile,ops,2026-01-09,false,0.5528,0,,sme
302,50.6,MSK,54103.31,3347.61,mobile,ml,2026-04-20,true,0.7728,0,,corporate
102213,7.9,EKB,48402.82,3397.36,web,growth,2024-09-08,true,0.4629,0,перевод в другой отдел,corporate
102214,34.0,MSK,13839.23,12687.58,mobile,ops,2025-01-07,false,0.1986,0,перевод в другой отдел,retail
102215,39.6,EKB,28563.2,3977.68,mobile,sales,2024-08-11,false,0.6406,0,заявка принята,corporate
102216,56.4,MSK,89011.37,8096.37,web,risk,2024-10-18,false,0.5619,0,клиент не отвечает,retail
102217,42.3,SPB,,8838.26,web,growth,2024-11-09,false,0.8286,0,перевод в другой отдел,sme
102218,57.1,MSK,24718.68,7591.3,offline,ml,2025-04-27,true,0.8968,0,,sme
2636,42.5,UNKNOWN,51967.45,36961.8,web,sales,2025-09-30,true,0.7281,0,,corporate
102220,41.4,SPB,99480.63,4796.91,web,risk,2026-04-29,true,0.4518,0,перевод в другой отдел,corporate
102221,33.7,NSK,87955.18,6229.33,web,risk,2025-10-22,false,0.5934,0,повторное обращение,retail
102222,31.6,UNKNOWN,33339.86,3288.67,web,risk,2025-04-22,false,-0.0185,0,клиент не отвечает,corporate
102223,29.9,UNKNOWN,322346.22,3759.51,partner,ops,2025-05-09,false,0.4965,0,заявка принята,sme
102224,70.6,SPB,61562.61,2992.04,mobile,legal,2025-05-07,true,0.4688,0,клиент не отвечает,corporate
102225,8.6,KZN,102979.78,11838.77,mobile,risk,2025-12-28,true,0.7109,0,,retail
2451,14.5,MSK,50700.37,1940.27,web,support,2024-08-04,true,0.7897,0,,sme
102227,27.5,MSK,34828.29,2535.23,mobile,risk,2025-07-24,false,0.767,0,клиент не отвечает,sme
102228,26.5,MSK,41896.77,5834.3,mobile,growth,2024-09-30,false,0.7012,0,документы на проверке,corporate
102229,22.8,KZN,68479.38,11960.51,web,growth,2024-11-23,true,0.5603,0,перевод в другой отдел,corporate
102230,41.9,MSK,,9168.11,web,legal,2026-05-06,true,0.4562,0,перевод в другой отдел,retail
102231,55.3,OTHER_17,33682.22,7774.3,web,risk,2025-03-16,false,0.6117,0,клиент не отвечает,corporate
102232,33.7,OTHER_17,100284.17,13400.99,mobile,legal,2026-01-21,true,0.4875,0,повторное обращение,sme
2,43.4,MSK,57145.58,11519.21,offline,legal,2025-10-29,false,1.0011,0,клиент не отвечает,retail
102234,61.7,MSK,34132.4,5044.87,mobile,risk,2025-05-24,false,0.3712,0,,retail
102235,41.8,MSK,129886.74,2505.2,web,ops,2024-12-14,true,0.9142,0,повторное обращение,sme
102236,46.5,KZN,23395.05,3038.0,web,legal,2025-06-13,false,0.2982,0,клиент не отвечает,retail
102237,46.7,OTHER_17,49702.95,4297.28,web,ops,2025-05-14,false,0.4372,0,перевод в другой отдел,retail
102238,21.9,MSK,,27120.8,web,ml,2025-08-04,true,0.6066,0,повторное обращение,retail
102239,27.4,NSK,84870.85,4756.47,partner,sales,2025-08-20,false,0.8401,0,перевод в другой отдел,corporate
1140,24.1,UNKNOWN,79881.88,21933.19,mobile,growth,2024-10-31,true,0.6132,0,перевод в другой отдел,corporate
102241,22.9,MSK,87297.99,6407.87,mobile,risk,2025-07-06,true,0.5504,0,перевод в другой отдел,sme
102242,28.1,MSK,53229.08,1438.47,mobile,legal,2025-08-15,true,0.5726,0,повторное обращение,sme
102243,20.3,UNKNOWN,48615.67,5784.45,web,growth,2024-12-14,false,0.7567,0,перевод в другой отдел,corporate
102244,60.4,EKB,110672.47,7279.63,mobile,ml,2026-01-12,false,0.4455,0,заявка принята,corporate
102245,15.3,MSK,42360.87,13383.76,offline,sales,2026-03-05,false,0.5724,0,заявка принята,sme
102246,32.6,MSK,115016.58,3093.07,web,support,2024-12-26,true,0.5564,0,перевод в другой отдел,corporate
1465,50.3,NSK,46315.65,3911.82,mobile,legal,2024-10-04,true,0.2484,0,клиент не отвечает,sme
102248,16.4,EKB,,1318.71,mobile,ops,2024-12-09,true,0.6132,0,клиент не отвечает,retail
102249,31.9,KZN,44532.88,10897.42,mobile,sales,2026-04-16,false,0.4446,0,документы на проверке,retail
102250,43.9,NSK,28593.86,4663.11,mobile,risk,2025-11-20,true,0.6783,0,перевод в другой отдел,retail
102251,57.8,SPB,63758.83,27301.37,partner,legal,2025-02-13,false,0.3335,0,,corporate
102252,45.6,SPB,150669.61,7285.25,mobile,ml,2025-01-08,true,0.629,0,повторное обращение,retail
102253,42.7,MSK,85521.18,7023.61,partner,support,2025-05-05,true,0.5346,0,клиент не отвечает,sme
2419,43.7,EKB,76669.15,7791.96,mobile,ml,2025-12-31,false,0.6906,0,,retail
102255,48.4,SPB,86701.69,10024.51,web,ml,2025-02-20,false,0.331,0,заявка принята,sme
102256,37.2,UNKNOWN,,7388.44,partner,ml,2026-04-02,true,0.507,0,перевод в другой отдел,retail
102257,41.2,KZN,87180.91,2668.91,web,sales,2026-01-01,false,0.3901,0,клиент не отвечает,corporate
102258,53.1,KZN,118731.67,4695.57,mobile,legal,2024-09-29,false,0.5616,0,повторное обращение,sme
102259,21.9,OTHER_17,117367.72,45897.03,web,growth,2024-12-15,true,0.5892,0,документы на проверке,retail
102260,46.5,NSK,55903.14,12770.82,web,risk,2025-08-05,false,0.6428,0,,sme
2372,31.6,UNKNOWN,30470.51,7323.78,mobile,ops,2025-01-25,false,0.5075,0,клиент не отвечает,retail
102262,13.4,EKB,36831.72,5413.21,web,growth,2024-09-27,false,0.4836,0,клиент не отвечает,retail
102263,70.5,SPB,,3233.12,web,sales,2026-01-06,false,0.4129,0,,sme
102264,30.5,NSK,186655.66,3196.24,mobile,growth,2025-02-27,true,0.4878,0,клиент не отвечает,sme
102265,42.6,OTHER_17,,18135.57,mobile,ml,2025-05-05,true,0.1942,0,,retail
102266,42.1,EKB,31867.56,4700.81,mobile,sales,2025-09-12,true,0.5237,0,перевод в другой отдел,retail
102267,35.9,MSK,,10703.93,offline,ml,2026-02-28,false,0.5558,0,перевод в другой отдел,retail
1601,25.8,NSK,69465.25,9500.22,mobile,growth,2024-10-06,false,0.3105,0,документы на проверке,corporate
102269,23.9,SPB,27332.34,1499.64,mobile,support,2025-08-12,false,0.6118,0,,retail
102270,53.7,MSK,,17978.17,web,ops,2025-07-19,false,0.4103,0,заявка принята,retail
102271,39.1,UNKNOWN,88312.04,2049.27,web,sales,2025-02-25,true,0.4972,0,перевод в другой отдел,retail
102272,35.3,MSK,55154.41,14992.93,mobile,growth,2025-03-19,false,0.2585,0,,corporate
102273,22.4,MSK,128923.44,16173.1,mobile,ops,2025-10-13,true,0.4106,0,клиент не отвечает,corporate
102274,76.5,KZN,35486.41,3506.0,web,sales,2026-03-10,false,0.8115,0,клиент не отвечает,corporate
71,20.6,SPB,61464.95,5969.1,web,ops,2026-05-15,true,0.4982,0,перевод в другой отдел,retail
102276,67.0,NSK,80658.03,9522.95,mobile,growth,2024-09-08,false,0.7305,0,перевод в другой отдел,retail
102277,29.9,MSK,16542.4,10840.55,partner,ml,2025-12-04,false,0.6121,0,перевод в другой отдел,retail
102278,33.5,SPB,28780.52,9311.34,mobile,ml,2026-01-27,true,0.4073,0,документы на проверке,retail
102279,40.2,KZN,76576.55,9531.57,web,ops,2024-12-21,false,0.1837,0,клиент не отвечает,retail
102280,48.9,UNKNOWN,70820.98,3649.32,mobile,ops,2026-06-05,true,0.8578,0,повторное обращение,retail
102281,52.1,EKB,102387.26,11012.77,partner,sales,2024-12-23,false,0.6568,0,клиент не отвечает,corporate
2207,22.9,NSK,38933.18,5352.7,partner,ml,2025-05-26,true,0.4813,0,,retail
102283,22.3,MSK,73434.36,7509.0,web,risk,2025-12-03,false,0.3422,0,повторное обращение,corporate
102284,19.5,OTHER_17,41307.3,2370.22,web,support,2026-04-27,true,0.3409,0,,sme
102285,34.9,NSK,42441.84,4876.94,mobile,risk,2025-03-01,true,0.5696,0,заявка принята,retail
102286,49.0,KZN,,6617.64,web,growth,2025-03-04,true,0.2738,0,повторное обращение,retail
102287,52.7,MSK,180166.56,45243.17,web,ops,2026-02-12,false,0.6837,0,повторное обращение,retail
102288,46.7,UNKNOWN,45927.46,7129.33,partner,risk,2024-11-17,false,0.4172,0,повторное обращение,retail
156,32.9,MSK,19201.24,18271.68,partner,growth,2025-03-22,false,0.8396,0,повторное обращение,sme
102290,33.4,SPB,90580.86,3571.43,web,risk,2025-11-16,false,0.7494,0,перевод в другой отдел,sme
102291,44.1,UNKNOWN,46334.84,34789.8,mobile,legal,2025-08-18,false,0.3358,0,клиент не отвечает,retail
102292,57.5,MSK,,11144.27,offline,ops,2026-05-20,false,0.4541,0,документы на проверке,corporate
102293,53.9,EKB,53266.39,12587.9,partner,support,2025-11-19,false,0.3446,0,повторное обращение,corporate
102294,34.4,EKB,112234.42,5114.32,web,legal,2026-04-01,false,0.8482,0,повторное обращение,corporate
102295,34.0,OTHER_17,44949.04,2793.79,mobile,sales,2025-12-05,true,0.4688,0,повторное обращение,corporate
2907,69.6,SPB,55062.67,6559.9,web,risk,2026-02-28,false,0.4366,0,повторное обращение,retail
102297,25.7,MSK,,3312.13,web,support,2026-04-16,false,0.6107,0,клиент не отвечает,sme
102298,57.1,MSK,30253.4,8660.61,offline,ops,2024-09-18,true,0.7161,0,документы на проверке,corporate
102299,54.3,MSK,26583.48,13087.19,web,sales,2025-03-18,false,0.8453,0,клиент не отвечает,retail
102300,12.4,OTHER_17,,9005.02,web,risk,2026-01-16,false,0.5219,0,,retail
102301,59.2,SPB,34483.95,5145.08,partner,ops,2025-01-12,true,0.5998,0,перевод в другой отдел,retail
102302,17.7,MSK,63451.62,6320.88,partner,ops,2024-08-31,false,0.6302,0,документы на проверке,corporate
16,49.1,MSK,53007.68,2289.36,partner,sales,2024-11-11,false,0.644,0,,retail
102304,39.3,MSK,55898.6,8696.49,mobile,sales,2024-11-17,true,0.435,0,,sme
102305,49.4,KZN,79253.12,20894.5,mobile,support,2025-02-26,false,0.4896,0,клиент не отвечает,corporate
102306,41.3,SPB,83714.21,4845.44,partner,ops,2025-09-07,false,0.3686,0,перевод в другой отдел,retail
102307,35.7,UNKNOWN,28839.58,4063.47,mobile,risk,2024-11-05,false,0.9707,0,,corporate
102308,68.8,KZN,71066.18,11520.01,web,ops,2024-09-19,false,0.554,0,клиент не отвечает,corporate
102309,46.0,KZN,63114.2,33402.33,web,growth,2026-02-08,true,0.8073,0,повторное обращение,retail
1684,55.3,KZN,,14291.04,mobile,growth,2024-11-22,true,0.3818,0,документы на проверке,corporate
102311,33.2,OTHER_17,,15714.38,web,sales,2024-08-25,false,0.4762,0,документы на проверке,sme
102312,45.1,NSK,56186.12,3290.71,mobile,ml,2026-05-30,false,0.248,0,перевод в другой отдел,sme
102313,22.1,UNKNOWN,32640.55,12424.69,partner,support,2025-09-17,true,0.4936,0,,sme
102314,28.3,SPB,60104.22,3896.5,partner,support,2025-07-08,true,0.3033,0,документы на проверке,corporate
102315,55.8,UNKNOWN,89344.63,13290.21,web,support,2025-10-03,true,0.5635,0,документы на проверке,sme
102316,64.4,MSK,,14680.48,mobile,support,2026-01-16,true,0.8322,0,клиент не отвечает,sme
2006,23.3,MSK,83817.1,4658.59,mobile,ml,2026-03-04,true,0.4594,0,заявка принята,retail
102318,33.5,EKB,54065.45,7865.93,mobile,risk,2025-11-27,false,0.4574,0,,corporate
102319,39.8,UNKNOWN,15532.37,23486.21,mobile,ml,2024-12-11,true,0.4939,0,повторное обращение,sme
102320,47.3,UNKNOWN,65874.54,9468.26,web,ops,2026-02-16,false,0.6755,0,,retail
102321,28.8,MSK,50501.06,11607.11,web,sales,2024-10-22,true,0.6213,0,заявка принята,retail
102322,57.0,OTHER_17,48740.03,6056.3,offline,support,2026-05-26,true,0.2082,0,заявка принята,corporate
102323,47.0,UNKNOWN,39657.4,1709.54,web,ops,2025-07-01,false,0.5722,0,повторное обращение,sme
290,57.3,EKB,67804.69,2663.26,mobile,ml,2024-10-08,true,0.7762,0,заявка принята,retail
102325,34.7,SPB,22431.01,3058.64,web,support,2025-01-17,true,0.6228,0,перевод в другой отдел,retail
102326,43.1,MSK,57748.31,7175.12,mobile,sales,2026-05-03,false,0.37,0,повторное обращение,retail
102327,30.7,SPB,64895.49,6410.49,web,sales,2026-04-02,false,0.3708,0,,sme
102328,31.3,MSK,,21197.72,mobile,ops,2024-11-24,false,0.8396,0,клиент не отвечает,retail
102329,36.5,UNKNOWN,,14364.81,offline,support,2025-07-13,false,0.7162,0,документы на проверке,sme
102330,24.2,EKB,77570.34,13611.41,mobile,legal,2026-03-19,true,0.5258,0,клиент не отвечает,corporate
2230,31.5,MSK,15279.26,1449.54,web,support,2025-09-04,false,0.9161,0,клиент не отвечает,corporate
102332,55.7,MSK,109641.98,12318.87,mobile,growth,2025-08-26,true,0.4098,0,перевод в другой отдел,corporate
102333,59.7,EKB,139963.22,30219.81,mobile,legal,2025-01-24,true,0.4742,0,заявка принята,corporate
102334,45.1,MSK,75955.69,34626.36,mobile,support,2026-02-24,true,0.2212,0,,retail
102335,37.2,EKB,76802.5,7695.43,web,sales,2025-10-03,true,0.566,0,заявка принята,retail
102336,54.1,EKB,50572.45,2227.83,web,legal,2024-07-24,true,0.5896,0,клиент не отвечает,retail
102337,12.1,MSK,35814.59,4755.09,web,sales,2026-04-29,true,0.73,0,заявка принята,corporate
2822,57.5,UNKNOWN,55390.63,5071.66,mobile,legal,2026-01-05,true,0.7859,0,заявка принята,corporate
102339,41.9,KZN,58478.75,56783.9,partner,support,2024-12-11,false,0.4336,0,перевод в другой отдел,retail
102340,56.6,MSK,120110.61,46876.81,partner,ml,2025-05-22,false,0.2849,0,заявка принята,corporate
102341,27.2,NSK,63855.56,8588.37,mobile,ops,2024-08-01,false,0.3719,0,заявка принята,corporate
102342,44.7,MSK,46471.7,24114.7,mobile,support,2026-01-10,true,0.394,0,клиент не отвечает,retail
102343,50.8,OTHER_17,55015.67,3815.45,web,sales,2024-09-10,true,0.4102,0,,corporate
102344,49.4,KZN,111255.4,20854.13,mobile,ops,2025-02-26,true,0.4399,0,,sme
3050,51.2,SPB,44934.32,2524.11,partner,growth,2025-07-27,true,0.6096,0,перевод в другой отдел,corporate
102346,39.4,SPB,73484.04,19705.61,mobile,risk,2026-03-13,true,0.5288,0,повторное обращение,sme
102347,40.0,MSK,38929.48,1403.57,web,growth,2025-04-16,false,0.4283,0,клиент не отвечает,corporate
102348,41.9,UNKNOWN,37497.27,31313.02,mobile,risk,2025-06-20,true,0.6437,0,заявка принята,sme
102349,41.8,KZN,154848.17,6131.55,mobile,sales,2024-10-08,false,0.5948,0,повторное обращение,sme
102350,34.6,NSK,96406.55,5310.72,web,sales,2026-04-21,false,0.3469,0,заявка принята,corporate
102351,37.8,SPB,60364.47,3178.52,web,ops,2026-05-10,false,0.4827,0,документы на проверке,corporate
1714,27.6,EKB,56080.51,9166.78,web,support,2025-07-28,false,0.285,0,повторное обращение,corporate
102353,24.5,EKB,55425.72,3544.89,web,growth,2025-03-04,true,0.5916,0,заявка принята,sme
102354,40.8,NSK,23016.68,7314.48,web,legal,2025-05-31,true,0.619,0,,corporate
102355,27.9,KZN,141121.02,11299.52,mobile,support,2025-03-08,true,0.6348,0,заявка принята,retail
102356,43.0,MSK,62383.35,2122.82,mobile,growth,2025-02-07,true,0.5916,0,повторное обращение,corporate
102357,46.8,MSK,98132.19,5644.02,mobile,sales,2024-09-01,true,0.3799,0,заявка принята,retail
102358,34.2,MSK,37167.62,9823.17,offline,growth,2026-06-18,true,0.5113,0,документы на проверке,corporate
1972,39.5,EKB,113225.92,62783.92,partner,legal,2025-01-13,true,0.3755,0,клиент не отвечает,corporate
102360,44.8,MSK,,3220.62,offline,support,2025-02-01,true,0.753,0,клиент не отвечает,sme
102361,17.3,UNKNOWN,78086.55,14580.31,mobile,support,2025-03-01,false,0.7192,0,перевод в другой отдел,retail
102362,24.4,SPB,48332.3,4241.06,web,legal,2025-12-22,false,0.3615,0,перевод в другой отдел,corporate
102363,44.2,EKB,74950.88,3987.77,mobile,sales,2026-01-26,true,0.4601,0,клиент не отвечает,corporate
102364,54.9,SPB,53076.11,2152.31,web,legal,2024-11-08,true,0.4159,0,перевод в другой отдел,retail
102365,25.7,MSK,35692.04,10911.08,mobile,legal,2025-06-09,true,0.4727,0,перевод в другой отдел,corporate
1410,36.9,SPB,149907.93,2150.06,partner,ops,2025-05-06,false,0.3133,0,перевод в другой отдел,corporate
102367,52.7,NSK,109534.15,49846.68,web,ml,2025-12-23,true,0.4072,0,перевод в другой отдел,retail
102368,64.1,MSK,,5539.56,mobile,growth,2024-10-04,false,0.8682,0,заявка принята,sme
102369,47.5,SPB,85679.43,14050.57,web,ml,2025-01-08,true,0.0076,0,перевод в другой отдел,corporate
102370,33.7,UNKNOWN,,15709.2,web,support,2024-08-29,false,0.8207,0,документы на проверке,corporate
102371,36.2,SPB,48369.96,9970.23,web,ml,2025-07-31,false,0.5505,0,перевод в другой отдел,retail
102372,32.8,MSK,87961.74,19265.81,mobile,growth,2024-10-05,true,0.6245,0,заявка принята,retail
2790,54.2,UNKNOWN,45393.74,98718.15,mobile,ml,2024-10-12,false,0.6008,0,,retail
102374,48.9,KZN,,15184.34,web,ops,2024-10-22,false,0.515,0,перевод в другой отдел,sme
102375,41.9,SPB,44628.69,5677.35,mobile,sales,2024-11-25,false,0.7633,0,заявка принята,retail
102376,58.1,MSK,77385.5,23171.48,partner,growth,2026-01-01,true,0.8371,0,,retail
102377,38.4,MSK,88924.41,4397.52,offline,ml,2025-05-18,false,0.151,0,документы на проверке,retail
102378,17.7,KZN,,6489.47,web,support,2024-08-25,true,0.57,0,клиент не отвечает,sme
102379,60.5,UNKNOWN,81097.95,20649.8,partner,sales,2024-09-14,true,0.9185,0,клиент не отвечает,retail
1927,46.2,UNKNOWN,343178.74,4845.65,offline,risk,2024-12-22,false,0.1857,0,,retail
102381,18.1,KZN,61023.99,14126.43,web,risk,2025-04-28,false,0.7563,0,клиент не отвечает,retail
102382,32.1,MSK,51933.37,2874.88,mobile,sales,2024-09-29,true,0.5686,0,перевод в другой отдел,sme
102383,69.6,KZN,,8668.69,mobile,ops,2024-11-06,true,0.5424,0,,retail
102384,53.8,OTHER_17,,6305.61,partner,legal,2025-09-05,false,0.3166,0,документы на проверке,retail
102385,31.0,UNKNOWN,146663.54,1689.2,web,ml,2025-06-16,false,0.3408,0,заявка принята,corporate
102386,27.9,MSK,121516.63,15805.53,mobile,support,2025-10-06,true,0.3908,0,,retail
1941,33.2,NSK,,2221.43,mobile,legal,2024-07-26,false,0.3694,0,,sme
102388,57.9,SPB,37370.37,7216.79,mobile,ml,2026-02-04,false,0.5987,0,,corporate
102389,38.9,KZN,32257.92,7891.05,offline,legal,2025-03-25,false,0.5575,0,,corporate
102390,10.8,KZN,50578.34,2239.61,web,legal,2025-09-04,true,0.5595,0,документы на проверке,retail
102391,49.5,SPB,,6171.13,mobile,risk,2025-05-28,true,0.7577,0,,sme
102392,48.2,EKB,45501.96,15014.68,partner,legal,2025-02-17,false,0.6278,0,клиент не отвечает,sme
102393,24.4,MSK,,31960.18,mobile,risk,2025-01-31,false,0.4792,0,заявка принята,sme
3034,36.8,KZN,41178.25,2827.83,web,support,2025-07-10,true,0.7912,0,,sme
102395,27.3,MSK,79420.01,3110.89,mobile,risk,2025-10-30,true,0.528,0,документы на проверке,corporate
102396,57.9,UNKNOWN,37925.87,14036.15,mobile,sales,2024-09-29,false,0.7729,0,перевод в другой отдел,retail
102397,30.3,SPB,42942.91,10710.01,web,sales,2025-11-14,true,0.5702,0,документы на проверке,retail
102398,37.2,SPB,56658.86,8376.24,web,legal,2025-06-27,false,0.6176,0,документы на проверке,sme
102399,29.5,MSK,34065.33,18423.21,partner,risk,2024-08-28,false,0.2748,0,повторное обращение,retail
102400,46.2,UNKNOWN,57795.33,64345.42,web,risk,2025-02-19,true,0.6381,0,заявка принята,sme
2473,18.1,UNKNOWN,,14993.44,web,legal,2025-01-15,true,0.6076,0,клиент не отвечает,sme
102402,43.1,NSK,,7679.88,mobile,growth,2025-10-20,false,0.6149,0,клиент не отвечает,retail
102403,43.2,MSK,,4721.59,web,ops,2026-01-23,false,0.5771,0,перевод в другой отдел,sme
102404,57.0,UNKNOWN,87944.23,7460.82,partner,growth,2025-02-22,true,0.7439,0,перевод в другой отдел,sme
102405,46.3,SPB,137204.52,2396.55,web,ml,2026-02-27,false,0.5562,0,документы на проверке,corporate
102406,36.3,UNKNOWN,60273.5,6242.83,mobile,growth,2025-02-11,false,0.5463,0,повторное обращение,retail
102407,35.5,MSK,55051.73,18682.21,offline,support,2025-01-21,true,0.2099,0,документы на проверке,sme
1681,36.3,NSK,,9041.75,web,sales,2025-11-07,false,0.9271,0,заявка принята,corporate
102409,44.4,UNKNOWN,65359.76,9793.67,web,risk,2025-03-06,true,0.697,0,,sme
102410,42.0,EKB,94886.22,8450.68,mobile,legal,2025-09-08,false,0.6615,0,документы на проверке,sme
102411,57.6,UNKNOWN,91103.06,38283.57,mobile,sales,2024-07-25,false,0.351,0,,corporate
102412,21.1,KZN,80413.75,8977.32,mobile,legal,2025-07-05,true,0.7199,0,заявка принята,corporate
102413,40.1,SPB,43638.41,3056.1,mobile,sales,2025-09-05,true,0.712,0,клиент не отвечает,retail
102414,22.3,UNKNOWN,,12854.89,mobile,ml,2025-02-05,false,0.5652,0,,retail
2434,49.9,NSK,121228.04,19005.79,web,sales,2025-12-06,true,0.5716,0,документы на проверке,retail
102416,45.7,MSK,76248.05,16255.21,mobile,sales,2026-03-11,false,0.4251,0,заявка принята,corporate
102417,37.3,MSK,38887.57,1475.35,web,ops,2024-08-15,false,0.3756,0,перевод в другой отдел,corporate
102418,37.7,MSK,54182.72,22708.55,mobile,sales,2024-10-12,false,0.7738,0,клиент не отвечает,corporate
102419,60.8,MSK,71439.92,10116.37,mobile,ml,2025-06-28,true,1.0427,0,перевод в другой отдел,sme
102420,43.8,NSK,107388.54,4099.37,mobile,ops,2025-11-10,true,0.313,0,,corporate
102421,35.4,MSK,58797.83,19041.96,mobile,ops,2025-12-04,false,0.6196,0,перевод в другой отдел,retail
937,51.1,NSK,73162.18,7365.06,offline,risk,2024-09-24,true,0.6444,0,,retail
102423,24.9,MSK,135150.91,2695.38,web,sales,2026-01-05,false,0.368,0,документы на проверке,sme
102424,44.3,NSK,82703.93,12841.72,mobile,risk,2026-05-24,false,0.4517,0,перевод в другой отдел,corporate
102425,21.6,NSK,,2439.85,web,risk,2024-09-06,true,0.5152,0,заявка принята,retail
102426,42.0,MSK,27461.15,13806.31,web,sales,2026-01-24,false,0.6887,0,повторное обращение,retail
102427,28.5,OTHER_17,98850.84,9325.08,web,legal,2025-05-24,false,0.3305,0,,corporate
102428,51.3,MSK,,8625.32,offline,support,2026-05-05,false,0.4525,0,перевод в другой отдел,corporate
11,56.8,EKB,,10910.83,offline,ops,2025-02-18,false,1.0225,0,клиент не отвечает,retail
102430,46.4,KZN,89394.71,9940.21,web,growth,2026-03-17,false,0.17,0,перевод в другой отдел,corporate
102431,39.4,KZN,62975.09,1790.6,partner,sales,2025-11-19,false,0.676,0,перевод в другой отдел,sme
102432,41.6,NSK,27644.7,9695.14,mobile,risk,2026-02-03,true,0.3624,0,документы на проверке,corporate
102433,42.2,UNKNOWN,53314.33,10664.25,web,risk,2026-05-10,true,0.5211,0,документы на проверке,retail
102434,42.4,OTHER_17,145178.42,6835.8,web,ops,2025-09-30,true,0.5158,0,заявка принята,retail
102435,45.0,KZN,57371.42,3635.95,web,ml,2026-03-15,false,0.4907,0,перевод в другой отдел,corporate
2934,35.5,EKB,45790.0,4665.78,web,sales,2025-10-01,false,0.4574,0,документы на проверке,retail
102437,52.0,MSK,80642.0,2892.0,web,growth,2025-12-23,false,0.3614,0,,sme
102438,27.6,NSK,20147.9,9974.63,web,legal,2026-01-03,false,0.6513,0,перевод в другой отдел,retail
102439,50.5,KZN,,10355.53,mobile,support,2026-02-01,false,0.6533,0,,sme
102440,33.1,UNKNOWN,236371.08,7627.21,web,ml,2026-05-19,true,0.6011,0,перевод в другой отдел,sme
102441,36.0,KZN,71135.51,20725.82,mobile,support,2024-12-25,false,0.5001,0,перевод в другой отдел,corporate
102442,35.0,SPB,,8401.28,offline,sales,2024-11-04,true,0.5668,0,перевод в другой отдел,sme
3009,20.0,MSK,77763.67,4072.71,mobile,ops,2025-06-02,true,0.5385,0,документы на проверке,corporate
102444,16.3,SPB,33642.05,2626.9,mobile,ops,2026-04-15,true,0.5127,0,документы на проверке,corporate
102445,33.6,MSK,43694.56,5353.75,web,sales,2025-11-28,true,0.4333,0,заявка принята,retail
102446,46.9,MSK,84209.88,21117.75,mobile,sales,2024-12-10,true,0.5455,0,перевод в другой отдел,retail
102447,33.9,EKB,,2311.37,web,ops,2025-03-04,false,0.6738,0,повторное обращение,sme
102448,32.8,MSK,,16191.87,mobile,support,2025-03-29,false,0.5727,0,документы на проверке,corporate
102449,24.7,SPB,,4860.27,web,risk,2026-02-18,true,0.3315,0,клиент не отвечает,corporate
1207,37.8,OTHER_17,80989.1,1962.06,web,legal,2025-10-17,true,0.7316,0,перевод в другой отдел,corporate
102451,44.2,KZN,,49294.82,web,legal,2024-12-18,true,0.7911,0,повторное обращение,sme
102452,25.9,MSK,,1249.04,web,sales,2026-06-06,true,0.5007,0,повторное обращение,corporate
102453,46.9,EKB,39531.55,14556.68,web,growth,2026-05-24,true,0.7611,0,документы на проверке,corporate
102454,44.6,NSK,56468.21,6413.71,mobile,ml,2025-04-23,false,0.5808,0,повторное обращение,corporate
102455,33.0,KZN,63263.7,19209.81,partner,risk,2025-05-02,false,0.5403,0,заявка принята,retail
102456,42.0,SPB,61175.6,13795.71,partner,ml,2024-10-12,true,0.3532,0,документы на проверке,sme
1431,48.7,UNKNOWN,41323.43,8578.55,web,sales,2026-06-07,false,0.4487,0,,corporate
102458,43.5,SPB,67813.89,5179.97,mobile,ml,2025-12-23,true,0.9066,0,,sme
102459,34.5,SPB,76236.88,1897.73,web,sales,2025-06-23,true,0.5879,0,заявка принята,sme
102460,39.7,MSK,120806.14,7814.25,mobile,support,2025-01-10,true,0.4173,0,клиент не отвечает,corporate
102461,56.7,SPB,32474.94,2949.11,web,legal,2024-12-21,false,0.4829,0,,sme
102462,40.4,SPB,,4582.0,mobile,ops,2026-01-21,false,0.4223,0,документы на проверке,retail
102463,54.5,SPB,50568.69,2082.74,web,ops,2025-06-17,false,0.7032,0,документы на проверке,corporate
1691,36.4,MSK,85155.12,3850.16,web,risk,2024-10-24,true,0.8693,0,клиент не отвечает,corporate
102465,64.6,KZN,,3568.15,web,growth,2026-06-06,false,0.6684,0,заявка принята,retail
102466,18.3,EKB,46997.25,13564.7,web,sales,2024-11-26,true,0.6652,0,,corporate
102467,39.7,EKB,,4770.66,partner,risk,2025-01-08,false,0.4765,0,заявка принята,corporate
102468,35.6,MSK,119856.51,11077.31,web,risk,2026-06-05,true,0.5132,0,перевод в другой отдел,corporate
102469,43.0,MSK,,29095.22,web,legal,2026-03-22,true,0.6814,0,перевод в другой отдел,sme
102470,23.4,UNKNOWN,100975.96,5679.4,partner,legal,2025-05-20,false,0.2975,0,,retail
1083,43.9,MSK,45432.99,1985.54,web,sales,2025-03-03,true,0.5422,0,заявка принята,corporate
102472,30.9,MSK,43888.7,9934.21,mobile,ml,2025-01-09,false,0.1507,0,заявка принята,corporate
102473,15.4,UNKNOWN,24308.84,3490.24,web,legal,2026-01-23,false,0.4907,0,клиент не отвечает,sme
102474,34.2,EKB,30130.55,6641.98,offline,sales,2026-03-11,true,0.6868,0,клиент не отвечает,sme
102475,40.7,MSK,112963.9,7000.28,web,ops,2024-07-27,false,0.578,0,,retail
102476,65.5,MSK,46840.2,4841.77,web,legal,2025-10-29,true,0.5487,0,повторное обращение,corporate
102477,34.0,OTHER_17,49213.61,3293.48,partner,support,2025-05-05,false,0.3999,0,документы на проверке,corporate
231,50.2,SPB,72901.43,6924.63,offline,support,2025-04-25,false,0.2043,0,перевод в другой отдел,sme
102479,31.2,SPB,78399.32,2779.98,web,support,2024-12-05,true,0.2427,0,перевод в другой отдел,corporate
102480,39.1,MSK,207252.01,3958.36,web,ops,2025-10-30,true,0.4378,0,перевод в другой отдел,retail
102481,40.5,MSK,26813.49,12703.38,mobile,risk,2025-01-12,true,0.5925,0,,sme
102482,44.1,SPB,,7992.53,web,sales,2025-04-13,false,0.5015,0,клиент не отвечает,sme
102483,38.4,EKB,46117.65,18279.25,mobile,ops,2026-04-28,true,0.3916,0,документы на проверке,retail
102484,69.0,UNKNOWN,51703.04,4768.27,mobile,sales,2025-05-30,false,0.6357,0,клиент не отвечает,retail
2258,47.9,EKB,53597.97,2504.98,partner,ops,2025-12-26,false,0.1274,0,клиент не отвечает,corporate
102486,41.4,EKB,40545.2,12890.94,web,ops,2026-03-03,false,0.2481,0,заявка принята,sme
102487,20.9,MSK,81085.2,18993.9,offline,legal,2026-03-06,false,0.7159,0,,sme
102488,48.3,UNKNOWN,39728.52,21599.99,web,ml,2025-04-29,false,0.6413,0,клиент не отвечает,corporate
102489,35.0,SPB,,25039.0,partner,support,2024-08-28,false,0.6657,0,документы на проверке,retail
102490,38.3,EKB,141273.91,2517.2,web,growth,2026-05-19,true,0.5963,0,перевод в другой отдел,corporate
102491,38.4,SPB,36493.06,21125.42,mobile,ops,2025-10-22,true,0.6368,0,перевод в другой отдел,sme
2829,42.0,EKB,41774.9,25088.99,mobile,ops,2025-09-27,false,0.5259,0,заявка принята,retail
102493,25.6,MSK,65283.15,4895.63,mobile,growth,2024-12-21,false,0.1315,0,заявка принята,retail
102494,43.3,UNKNOWN,51585.53,12379.5,web,growth,2026-03-15,false,0.561,0,повторное обращение,retail
102495,36.4,NSK,119115.68,21121.86,web,ml,2024-11-19,true,0.8642,0,,corporate
102496,62.7,MSK,42438.58,10208.53,mobile,ml,2026-03-23,false,0.4942,0,перевод в другой отдел,sme
102497,40.4,UNKNOWN,52573.1,19613.47,mobile,ml,2024-10-19,true,0.824,0,повторное обращение,sme
102498,35.6,OTHER_17,178355.27,12810.89,web,sales,2025-08-14,false,0.4507,0,повторное обращение,sme
1426,35.0,MSK,74551.27,12674.18,web,growth,2024-12-17,false,0.7631,0,документы на проверке,corporate
102500,38.2,UNKNOWN,52370.99,7971.58,web,sales,2026-03-29,true,0.578,0,,corporate
102501,52.5,OTHER_17,62415.88,35470.59,web,ops,2024-10-28,true,0.718,0,клиент не отвечает,corporate
102502,46.5,UNKNOWN,121560.79,52176.01,web,sales,2025-11-15,true,0.7236,0,перевод в другой отдел,retail
102503,29.7,OTHER_17,,2251.66,web,growth,2026-06-09,true,0.3236,0,документы на проверке,corporate
102504,26.0,MSK,62997.04,6346.42,web,growth,2024-09-03,true,0.5393,0,документы на проверке,retail
102505,60.3,MSK,103742.6,4492.97,partner,support,2025-01-28,false,0.635,0,заявка принята,retail
1004,54.1,SPB,123110.4,3755.36,mobile,risk,2026-02-15,true,0.2609,0,заявка принята,sme
102507,29.3,NSK,47935.61,32415.17,web,sales,2025-01-16,false,0.6426,0,документы на проверке,sme
102508,38.1,MSK,12345.5,4785.86,partner,legal,2025-04-01,false,0.5403,0,,corporate
102509,39.3,MSK,51086.13,3905.13,partner,legal,2025-05-02,true,0.8821,0,повторное обращение,retail
102510,52.9,MSK,81144.74,1653.86,web,sales,2026-03-19,false,0.3855,0,документы на проверке,corporate
102511,37.6,SPB,91818.98,9817.6,offline,legal,2024-09-27,false,0.6125,0,повторное обращение,corporate
102512,50.9,NSK,78334.03,4115.52,mobile,risk,2024-11-06,true,0.2501,0,повторное обращение,corporate
899,48.0,EKB,107335.34,3671.1,mobile,growth,2025-06-10,false,0.451,0,клиент не отвечает,corporate
102514,23.9,NSK,93045.04,2264.67,offline,ml,2025-01-11,false,0.4942,0,,corporate
102515,40.3,SPB,,1591.31,mobile,growth,2025-08-30,true,0.7832,0,повторное обращение,retail
102516,42.9,SPB,41133.85,4078.23,mobile,ml,2025-09-27,false,0.5986,0,повторное обращение,sme
102517,44.2,UNKNOWN,67928.71,9247.01,web,legal,2025-05-22,false,0.2258,0,документы на проверке,sme
102518,40.3,NSK,,22178.49,offline,support,2024-12-03,true,0.5403,0,клиент не отвечает,sme
102519,29.2,SPB,,23929.96,web,legal,2025-05-18,true,0.4375,0,перевод в другой отдел,retail
2219,51.2,MSK,19605.49,4910.86,web,ml,2025-03-19,false,0.6173,0,,sme
102521,50.9,SPB,80128.41,18431.64,offline,ops,2026-05-15,false,0.5563,0,повторное обращение,retail
102522,42.2,SPB,,3749.6,web,sales,2024-10-15,false,0.4332,0,заявка принята,corporate
102523,20.9,OTHER_17,69521.45,13996.63,offline,sales,2025-09-13,true,0.5962,0,повторное обращение,corporate
102524,33.1,UNKNOWN,54779.59,11701.51,partner,ml,2025-04-11,false,0.2505,0,повторное обращение,corporate
102525,49.6,EKB,,7059.86,web,support,2025-09-05,false,0.4581,0,,corporate
102526,35.2,EKB,114778.69,5553.66,web,ops,2026-01-21,false,0.5969,0,перевод в другой отдел,corporate
656,32.6,UNKNOWN,39927.05,9545.1,web,ml,2025-01-19,false,0.2259,0,повторное обращение,retail
102528,37.0,SPB,43551.93,12307.83,partner,support,2025-11-25,true,0.372,0,,corporate
102529,27.5,MSK,45413.69,18014.07,mobile,sales,2024-12-12,true,0.5278,0,клиент не отвечает,retail
102530,61.7,MSK,71669.24,10685.41,mobile,ml,2024-11-06,false,0.6453,0,,corporate
102531,32.1,SPB,,16430.25,mobile,ops,2025-02-14,false,0.3957,0,,sme
102532,37.1,OTHER_17,147932.55,3264.51,offline,support,2026-06-04,true,0.7002,0,,sme
102533,39.7,NSK,,21105.25,web,growth,2026-03-13,false,0.7112,0,повторное обращение,sme
800,39.6,SPB,40460.77,6610.11,mobile,legal,2025-08-06,true,0.7104,0,повторное обращение,corporate
102535,34.5,KZN,15664.57,21639.66,offline,support,2024-12-12,false,0.5396,0,перевод в другой отдел,retail
102536,24.5,SPB,49985.62,20166.65,web,growth,2025-04-17,false,0.4779,0,,sme
102537,34.9,NSK,124701.97,6911.78,partner,risk,2024-10-05,true,0.4702,0,повторное обращение,retail
102538,36.7,MSK,72071.81,7406.13,web,legal,2024-10-01,false,0.4527,0,документы на проверке,sme
102539,37.5,MSK,44632.5,4320.77,mobile,growth,2025-02-09,false,0.4672,0,перевод в другой отдел,corporate
102540,39.5,SPB,70543.54,49124.49,web,ml,2025-11-06,false,0.2687,0,заявка принята,corporate
1033,50.1,KZN,,6589.09,web,support,2026-01-26,true,0.5154,0,перевод в другой отдел,retail
102542,45.0,SPB,70566.92,1679.23,mobile,sales,2024-10-21,true,0.6557,0,документы на проверке,corporate
102543,32.0,EKB,54469.43,27726.91,offline,legal,2026-04-25,false,0.654,0,,sme
102544,39.0,MSK,36453.13,5672.63,web,growth,2024-08-22,false,0.3304,0,документы на проверке,sme
102545,29.2,KZN,81112.78,4930.53,mobile,ml,2024-09-10,false,0.4252,0,повторное обращение,retail
102546,41.5,MSK,57290.91,46559.18,offline,support,2024-12-04,true,0.2628,0,клиент не отвечает,corporate
102547,28.7,SPB,121249.09,20678.93,partner,ml,2024-09-15,true,0.6362,0,заявка принята,sme
2717,17.6,SPB,54726.18,19844.87,web,legal,2025-07-11,false,0.4796,0,заявка принята,sme
102549,30.9,SPB,78533.1,14763.29,offline,support,2025-08-17,false,0.8584,0,повторное обращение,sme
102550,30.6,UNKNOWN,103117.91,3212.1,mobile,sales,2026-01-20,true,0.669,0,документы на проверке,retail
102551,36.1,SPB,110427.59,3372.01,web,ops,2024-08-01,false,0.5719,0,,sme
102552,26.5,SPB,46131.12,4354.55,mobile,ml,2025-05-22,true,0.2836,0,перевод в другой отдел,sme
102553,23.2,UNKNOWN,100924.65,17084.16,partner,risk,2024-10-27,true,0.6556,0,документы на проверке,retail
102554,64.9,MSK,11138.13,7790.39,web,ops,2025-07-11,false,0.5641,0,перевод в другой отдел,corporate
1480,43.9,SPB,129984.22,8883.26,web,ml,2025-06-01,true,0.9274,0,документы на проверке,corporate
102556,24.3,SPB,68335.11,4044.11,web,legal,2024-09-23,false,0.7176,0,клиент не отвечает,retail
102557,35.3,SPB,172844.85,48414.09,web,support,2025-07-16,false,0.5886,0,заявка принята,corporate
102558,34.8,EKB,117537.23,9376.65,web,risk,2025-01-29,false,0.5827,0,заявка принята,sme
102559,16.5,OTHER_17,87141.29,3622.52,partner,support,2025-10-27,false,0.5368,0,,corporate
102560,26.5,MSK,31453.81,6562.09,partner,support,2026-03-23,true,0.4383,0,,retail
102561,29.5,EKB,105942.57,7550.54,mobile,legal,2025-09-19,false,0.5686,0,повторное обращение,retail
2913,14.7,EKB,,2311.75,mobile,risk,2025-12-09,false,0.3829,0,документы на проверке,retail
102563,47.3,KZN,37057.91,16406.45,offline,legal,2024-10-21,true,0.3241,0,повторное обращение,retail
102564,39.0,UNKNOWN,111092.75,3765.44,offline,risk,2024-09-05,true,0.3947,0,клиент не отвечает,sme
102565,59.9,NSK,64226.22,3478.65,web,ops,2025-09-23,true,0.6606,0,клиент не отвечает,sme
102566,22.1,MSK,58153.9,10037.19,web,growth,2024-09-06,true,0.2553,0,повторное обращение,corporate
102567,46.4,UNKNOWN,36878.08,12926.0,partner,risk,2024-12-06,false,0.6132,0,заявка принята,retail
102568,33.2,KZN,120598.01,14872.45,mobile,ops,2025-07-30,false,0.46,0,заявка принята,sme
1200,47.2,SPB,35185.39,6507.6,web,ml,2025-11-12,false,-0.0529,0,документы на проверке,corporate
102570,59.4,OTHER_17,176998.01,5077.09,mobile,support,2025-05-11,true,0.9241,0,заявка принята,retail
102571,30.2,MSK,117956.89,4405.68,mobile,growth,2025-07-10,true,0.0109,0,документы на проверке,retail
102572,27.5,MSK,32475.12,10972.96,web,ml,2025-04-22,true,0.4908,0,заявка принята,corporate
102573,16.2,MSK,45685.31,26985.63,mobile,sales,2025-05-22,false,0.4261,0,,retail
102574,72.6,UNKNOWN,39640.69,1561.79,mobile,sales,2024-07-30,true,0.6895,0,клиент не отвечает,corporate
102575,33.8,EKB,91320.03,9694.57,offline,risk,2025-10-04,false,0.3527,0,клиент не отвечает,sme
2800,31.6,SPB,,10097.2,web,ml,2026-05-31,true,0.5658,0,клиент не отвечает,sme
102577,30.5,KZN,62800.14,5941.02,mobile,growth,2025-01-23,true,0.4929,0,заявка принята,corporate
102578,37.7,MSK,84971.76,35386.57,web,ops,2026-02-01,false,0.4922,0,документы на проверке,corporate
102579,44.4,MSK,206389.11,4598.64,partner,legal,2025-01-11,true,0.714,0,,corporate
102580,43.3,MSK,62016.97,3506.56,web,ml,2025-08-01,false,0.31,0,заявка принята,corporate
102581,52.3,SPB,37671.14,8197.08,mobile,ops,2025-07-20,true,0.34,0,заявка принята,corporate
102582,47.4,SPB,229076.22,4448.27,offline,ops,2026-03-25,true,0.5852,0,перевод в другой отдел,corporate
1817,40.8,MSK,100094.19,36173.87,web,risk,2026-04-24,true,0.4526,0,заявка принята,corporate
102584,32.9,EKB,28808.82,5094.95,web,support,2025-05-05,true,0.6875,0,клиент не отвечает,corporate
102585,52.1,OTHER_17,64263.74,11348.1,web,ops,2024-11-18,false,0.4398,0,документы на проверке,corporate
102586,54.9,EKB,99612.16,3446.03,web,sales,2025-05-19,true,0.6105,0,перевод в другой отдел,corporate
102587,27.7,UNKNOWN,38214.17,6237.33,web,ml,2024-08-16,false,0.6407,0,повторное обращение,retail
102588,47.3,UNKNOWN,,18321.19,mobile,risk,2025-01-02,false,0.7194,0,перевод в другой отдел,retail
102589,42.0,EKB,110851.38,9122.04,partner,sales,2026-02-01,true,0.5594,0,клиент не отвечает,sme
1719,48.4,OTHER_17,,6465.1,partner,growth,2026-01-08,false,0.6585,0,клиент не отвечает,sme
102591,45.1,SPB,91326.0,6236.65,mobile,growth,2026-01-08,true,0.6806,0,,corporate
102592,41.8,UNKNOWN,96539.71,16698.54,web,support,2026-04-05,false,0.1677,0,клиент не отвечает,retail
102593,37.7,OTHER_17,61949.0,3115.79,mobile,ops,2026-04-23,true,0.1083,0,перевод в другой отдел,corporate
102594,46.3,MSK,,5930.95,mobile,ops,2025-03-14,true,0.4508,0,заявка принята,retail
102595,39.1,UNKNOWN,,6685.4,partner,ops,2025-02-07,true,0.3967,0,заявка принята,corporate
102596,40.6,SPB,65700.45,10745.65,partner,support,2024-12-28,true,0.5986,0,документы на проверке,sme
417,59.6,SPB,113501.7,27167.08,web,risk,2025-05-26,true,0.7311,0,заявка принята,retail
102598,42.7,KZN,50509.01,1188.39,partner,ops,2026-03-29,false,0.1595,0,,corporate
102599,38.6,SPB,,13229.07,web,ml,2024-11-12,true,0.566,0,перевод в другой отдел,retail
102600,17.3,SPB,,7147.14,partner,ml,2025-02-23,false,0.5236,0,повторное обращение,corporate
102601,41.7,KZN,61103.07,6801.76,web,sales,2025-12-13,false,0.5415,0,,retail
102602,33.8,OTHER_17,102610.89,36498.24,web,legal,2024-10-09,true,0.6021,0,заявка принята,retail
102603,35.3,SPB,53854.77,6445.71,mobile,sales,2025-06-13,false,0.7029,0,документы на проверке,corporate
2149,33.5,UNKNOWN,93491.3,8675.91,web,growth,2025-06-30,false,0.5922,0,,retail
102605,32.5,EKB,73072.2,16178.36,mobile,growth,2025-02-01,false,0.6045,0,документы на проверке,retail
102606,37.1,EKB,27145.51,3509.37,partner,risk,2025-11-27,true,0.6013,0,,retail
102607,42.2,MSK,,4780.51,mobile,support,2024-09-26,true,0.5435,0,,corporate
102608,52.5,MSK,66790.31,34122.95,partner,growth,2024-10-21,true,0.4139,0,документы на проверке,retail
102609,36.6,UNKNOWN,25603.09,4317.8,web,ml,2026-03-03,true,0.219,0,перевод в другой отдел,retail
102610,37.0,MSK,68700.33,5573.49,partner,legal,2025-09-03,false,0.4977,0,клиент не отвечает,corporate
1941,30.4,SPB,219134.29,17839.51,offline,ml,2026-03-13,true,0.654,0,повторное обращение,sme
102612,48.4,SPB,50047.18,21132.31,mobile,growth,2026-01-28,true,0.3875,0,заявка принята,retail
102613,68.0,KZN,103946.31,16368.68,web,support,2025-03-22,false,0.7506,0,повторное обращение,retail
102614,14.3,KZN,38525.72,10568.12,offline,support,2025-09-08,false,0.6819,0,документы на проверке,sme
102615,27.6,OTHER_17,25008.72,18433.55,mobile,ml,2026-02-25,true,0.1668,0,клиент не отвечает,retail
102616,61.4,MSK,52072.54,14258.25,web,legal,2025-05-27,false,0.7519,0,клиент не отвечает,sme
102617,46.7,MSK,52419.37,6207.41,mobile,ml,2025-01-15,false,0.4972,0,перевод в другой отдел,retail
2193,60.3,EKB,68386.11,8943.19,mobile,ops,2026-02-21,false,0.6144,0,,sme
102619,30.0,NSK,101178.53,5913.53,web,support,2025-11-11,true,0.7642,0,документы на проверке,sme
102620,37.9,MSK,37095.76,10179.71,mobile,ops,2026-05-31,false,0.405,0,повторное обращение,sme
102621,43.7,MSK,34668.5,16459.04,mobile,ops,2024-10-22,true,0.5409,0,клиент не отвечает,sme
102622,36.2,MSK,90398.5,9789.22,offline,ops,2025-04-25,true,0.5392,0,документы на проверке,retail
102623,60.4,NSK,63953.23,6446.95,mobile,ops,2025-01-20,true,0.4698,0,перевод в другой отдел,retail
102624,37.9,MSK,120310.95,15216.83,offline,ml,2025-10-07,false,0.7556,0,повторное обращение,corporate
2854,45.6,SPB,,3726.02,offline,sales,2024-09-04,true,0.5846,0,заявка принята,corporate
102626,45.4,SPB,68466.7,10075.45,mobile,ml,2026-03-03,true,0.5241,0,,corporate
102627,27.8,SPB,175949.65,11582.68,mobile,growth,2026-03-23,true,0.422,0,,retail
102628,35.3,SPB,29850.21,5225.87,mobile,sales,2026-04-06,true,0.4835,0,документы на проверке,retail
102629,21.0,MSK,78479.83,6398.01,web,risk,2026-06-16,true,0.5759,0,повторное обращение,sme
102630,51.8,UNKNOWN,,3486.69,web,support,2024-09-26,true,0.692,0,документы на проверке,corporate
102631,45.4,EKB,55643.27,5120.83,mobile,ml,2025-09-20,true,0.7721,0,заявка принята,sme
2903,41.1,SPB,222158.28,14075.49,offline,risk,2025-12-16,true,0.4921,0,клиент не отвечает,sme
102633,44.7,UNKNOWN,69682.51,4138.27,mobile,support,2025-02-20,true,0.7193,0,документы на проверке,retail
102634,56.1,MSK,,263.63,web,legal,2025-10-19,true,0.7889,0,перевод в другой отдел,retail
102635,25.7,UNKNOWN,39020.55,4281.52,web,ml,2025-04-14,false,0.4251,0,повторное обращение,corporate
102636,49.0,SPB,92258.35,5017.21,web,sales,2026-06-14,false,0.423,0,клиент не отвечает,retail
102637,39.6,SPB,130102.36,6932.04,mobile,ml,2025-09-10,true,0.5333,0,,sme
102638,33.3,SPB,155722.27,5077.86,offline,ml,2026-04-28,true,0.5015,0,перевод в другой отдел,corporate
653,39.9,SPB,81782.03,5946.63,web,risk,2025-11-27,true,0.5992,0,документы на проверке,sme
102640,33.7,MSK,107952.55,20512.64,mobile,ops,2025-03-07,true,0.8413,0,заявка принята,sme
102641,37.8,MSK,79195.05,14931.2,mobile,sales,2024-08-10,false,0.1991,0,документы на проверке,corporate
102642,50.4,OTHER_17,39125.83,7619.57,partner,ml,2025-07-30,false,0.4085,0,повторное обращение,retail
102643,20.5,EKB,64258.44,25996.5,web,ml,2025-06-21,false,0.6677,0,документы на проверке,sme
102644,50.1,MSK,343722.52,20795.69,partner,ops,2026-04-06,true,0.386,0,заявка принята,retail
102645,45.7,EKB,23738.77,6050.27,web,ops,2025-05-13,false,0.59,0,,corporate
2989,29.7,OTHER_17,95004.38,17066.84,mobile,risk,2025-09-21,false,0.4999,0,перевод в другой отдел,corporate
102647,29.7,OTHER_17,73645.23,12083.93,mobile,ops,2025-07-15,true,0.5517,0,,corporate
102648,50.3,MSK,,9616.01,partner,support,2025-01-10,true,0.3245,0,клиент не отвечает,corporate
102649,33.2,KZN,59095.92,2252.46,partner,support,2025-10-11,false,0.3726,0,перевод в другой отдел,retail
102650,21.0,EKB,53730.01,3477.26,web,ops,2025-12-11,false,0.2045,0,заявка принята,sme
102651,39.0,SPB,68581.89,10143.79,web,growth,2025-02-02,true,0.6579,0,,sme
102652,29.9,SPB,46798.38,11464.16,mobile,ml,2026-03-29,true,0.5296,0,документы на проверке,corporate
1693,47.0,SPB,,4982.99,mobile,ops,2025-10-30,false,0.8382,0,повторное обращение,retail
102654,51.3,NSK,27244.81,3959.96,web,growth,2025-10-19,true,0.7473,0,клиент не отвечает,retail
102655,41.2,OTHER_17,55066.04,4992.74,web,legal,2025-03-21,false,0.6886,0,,sme
102656,22.3,KZN,41778.89,4755.68,web,ml,2025-04-19,true,0.4881,0,,retail
102657,54.8,SPB,113423.22,4801.12,partner,sales,2024-09-10,false,0.4432,0,клиент не отвечает,retail
102658,17.9,OTHER_17,24176.39,1102.72,web,support,2026-01-22,true,0.5143,0,,corporate
102659,52.5,EKB,198811.41,8513.21,offline,growth,2025-04-01,true,0.5733,0,документы на проверке,retail
339,59.0,UNKNOWN,,9585.6,mobile,legal,2024-10-14,true,0.3599,0,перевод в другой отдел,corporate
102661,25.1,MSK,23228.85,5504.16,offline,support,2025-11-10,true,0.3081,0,повторное обращение,sme
102662,57.4,MSK,44487.38,4303.49,mobile,growth,2026-03-23,true,0.4629,0,документы на проверке,corporate
102663,48.6,SPB,35489.45,8355.13,offline,ml,2025-01-19,true,0.7581,0,клиент не отвечает,corporate
102664,38.8,MSK,,5400.04,mobile,legal,2025-03-01,true,0.2258,0,заявка принята,retail
102665,26.0,UNKNOWN,44057.87,12789.86,mobile,sales,2025-09-10,true,0.3971,0,клиент не отвечает,corporate
102666,14.9,MSK,101548.61,20079.23,mobile,legal,2025-02-19,false,0.7375,0,клиент не отвечает,sme
3057,32.1,EKB,32230.1,4021.74,mobile,ml,2025-02-19,true,0.4815,0,перевод в другой отдел,sme
102668,35.2,UNKNOWN,113584.9,8932.7,web,ml,2025-10-22,true,0.8219,0,повторное обращение,sme
102669,14.0,NSK,50932.92,2379.85,mobile,sales,2025-05-03,false,0.439,0,заявка принята,retail
102670,27.0,NSK,,8797.94,partner,support,2025-03-08,true,0.5674,0,заявка принята,sme
102671,17.7,NSK,123050.64,1246.95,web,legal,2024-10-08,false,0.4194,0,заявка принята,retail
102672,33.6,OTHER_17,,7528.1,web,risk,2024-12-05,true,0.7249,0,документы на проверке,retail
102673,49.7,EKB,84192.41,6560.22,partner,ops,2026-03-25,true,0.8934,0,клиент не отвечает,sme
424,27.4,SPB,40395.16,1617.96,partner,support,2025-01-29,true,0.3618,0,клиент не отвечает,sme
102675,51.5,MSK,38356.03,14312.67,web,growth,2025-12-02,false,0.516,0,заявка принята,retail
102676,33.5,KZN,46835.71,3134.91,mobile,sales,2025-08-07,true,0.881,0,повторное обращение,retail
102677,35.0,NSK,54812.74,4065.23,mobile,support,2026-03-01,false,0.5335,0,документы на проверке,corporate
102678,57.2,UNKNOWN,,8142.09,web,risk,2025-03-24,false,0.7714,0,заявка принята,retail
102679,24.1,UNKNOWN,,3568.1,web,sales,2025-12-24,true,0.6322,0,заявка принята,corporate
102680,31.1,OTHER_17,66496.72,5605.99,partner,ml,2025-10-11,true,1.0269,0,клиент не отвечает,retail
566,55.6,NSK,,19197.87,offline,ml,2025-09-17,false,0.6614,0,заявка принята,corporate
102682,71.2,OTHER_17,30686.52,7898.56,web,legal,2025-04-01,true,0.3702,0,перевод в другой отдел,sme
102683,47.2,KZN,54060.45,27895.22,mobile,support,2025-03-10,true,0.2488,0,документы на проверке,corporate
102684,44.7,SPB,89438.56,1491.37,mobile,ml,2025-04-08,false,0.5904,0,перевод в другой отдел,corporate
102685,28.5,KZN,83636.3,6965.81,mobile,sales,2025-05-17,true,0.8201,0,повторное обращение,sme
102686,31.4,NSK,61478.08,4280.53,mobile,sales,2024-12-07,true,0.634,0,документы на проверке,retail
102687,33.3,KZN,,101411.91,partner,growth,2026-03-15,false,0.6871,0,документы на проверке,corporate
287,42.9,EKB,50622.28,32501.26,mobile,growth,2026-06-18,false,0.6537,0,клиент не отвечает,corporate
102689,21.6,SPB,53759.49,4765.35,mobile,legal,2025-10-20,false,0.688,0,заявка принята,retail
102690,39.1,OTHER_17,,10937.33,mobile,sales,2026-06-10,true,0.5296,0,документы на проверке,retail
102691,33.2,MSK,52835.38,5253.79,mobile,support,2024-07-24,true,0.8325,0,повторное обращение,retail
102692,20.4,MSK,46703.33,14077.3,mobile,risk,2025-08-13,false,0.2428,0,,sme
102693,38.9,EKB,34075.79,13611.79,partner,ops,2026-01-11,false,0.7612,0,повторное обращение,corporate
102694,40.0,MSK,30910.94,4831.53,mobile,risk,2025-08-06,true,0.435,0,заявка принята,sme
2521,64.7,MSK,20583.86,9513.99,web,ops,2025-10-10,false,0.4556,0,заявка принята,retail
102696,58.2,EKB,35118.33,1403.71,partner,growth,2025-10-07,true,0.5447,0,повторное обращение,corporate
102697,30.5,MSK,25048.62,5622.92,partner,ops,2026-02-04,true,0.3296,0,заявка принята,retail
102698,24.0,SPB,39335.18,12797.59,mobile,support,2025-10-29,false,0.6984,0,клиент не отвечает,retail
102699,56.7,MSK,34488.19,4575.03,mobile,legal,2025-08-26,true,0.9938,0,,corporate
102700,46.1,OTHER_17,98852.96,2064.77,web,ops,2024-09-20,true,0.7132,0,повторное обращение,retail
102701,57.5,KZN,24050.71,3210.53,web,growth,2025-10-20,true,0.9104,0,клиент не отвечает,retail
1306,40.1,NSK,35008.18,17430.67,web,sales,2025-06-21,false,0.4185,0,,sme
102703,69.8,NSK,69819.1,7227.62,mobile,ops,2025-11-27,false,0.8168,0,повторное обращение,sme
102704,3.9,UNKNOWN,28019.77,1728.48,mobile,sales,2025-06-08,false,0.5219,0,,sme
102705,50.2,EKB,82108.53,20894.38,web,support,2024-12-17,true,0.6291,0,документы на проверке,retail
102706,28.3,MSK,174286.61,2854.32,mobile,support,2025-05-17,true,0.6234,0,заявка принята,sme
102707,63.0,UNKNOWN,89490.53,29298.55,mobile,sales,2024-08-19,true,0.293,0,документы на проверке,corporate
102708,58.8,OTHER_17,25353.05,9059.89,web,legal,2026-06-19,true,0.7394,0,повторное обращение,sme
1473,48.3,SPB,70157.24,5286.96,web,ml,2026-03-30,false,0.5329,0,заявка принята,retail
102710,41.6,MSK,82385.58,4258.11,partner,support,2025-11-29,false,0.3531,0,,sme
102711,43.3,MSK,58820.56,6303.37,offline,risk,2026-05-27,false,0.5901,0,клиент не отвечает,corporate
102712,27.3,UNKNOWN,66188.81,10540.69,mobile,legal,2024-09-16,false,0.5442,0,клиент не отвечает,corporate
102713,26.2,UNKNOWN,,5623.82,partner,legal,2025-10-14,true,0.4556,0,документы на проверке,sme
102714,36.0,SPB,122418.3,19234.46,mobile,risk,2025-07-17,false,0.7886,0,повторное обращение,sme
102715,36.2,NSK,72649.66,15261.26,mobile,support,2024-10-27,true,0.5718,0,документы на проверке,corporate
1654,25.2,EKB,,26567.12,mobile,risk,2025-08-19,true,0.0647,0,заявка принята,retail
102717,41.3,OTHER_17,31961.21,5732.5,mobile,sales,2025-04-30,true,0.6887,0,заявка принята,corporate
102718,35.0,UNKNOWN,103696.56,23956.76,web,growth,2025-07-20,false,0.4488,0,клиент не отвечает,corporate
102719,34.6,UNKNOWN,90479.51,20000.17,mobile,support,2025-08-16,true,0.527,0,перевод в другой отдел,sme
102720,66.0,SPB,88751.84,3538.17,mobile,sales,2025-09-30,true,0.5643,0,клиент не отвечает,sme
102721,45.8,UNKNOWN,23722.82,18150.84,mobile,growth,2025-04-28,false,0.5349,0,заявка принята,sme
102722,50.5,SPB,145384.9,1984.83,partner,ml,2026-03-05,false,0.4624,0,перевод в другой отдел,corporate
2347,31.2,MSK,66008.52,8532.76,web,growth,2026-06-11,true,0.9233,0,заявка принята,retail
102724,54.0,KZN,251114.98,19825.85,partner,sales,2025-01-16,true,0.7008,0,перевод в другой отдел,corporate
102725,29.5,MSK,23751.6,3742.08,partner,growth,2026-05-07,false,0.6508,0,,retail
102726,38.8,NSK,,12045.72,mobile,ops,2025-11-14,true,0.4461,0,перевод в другой отдел,retail
102727,41.3,EKB,56864.47,1429.35,web,risk,2026-04-13,true,0.6071,0,клиент не отвечает,corporate
102728,25.4,KZN,67190.38,2799.08,web,risk,2026-04-04,false,0.4601,0,заявка принята,sme
102729,47.9,NSK,34821.34,12669.0,mobile,growth,2025-09-23,true,0.6925,0,заявка принята,corporate
1962,39.9,SPB,67335.91,4184.31,mobile,ops,2025-06-17,false,0.5293,0,,retail
102731,58.1,OTHER_17,64979.78,12194.53,web,growth,2024-08-13,true,0.8351,0,перевод в другой отдел,corporate
102732,36.7,KZN,74554.23,2148.35,partner,support,2025-07-23,false,0.6016,0,заявка принята,retail
102733,39.0,EKB,45619.86,4273.96,web,risk,2025-10-24,true,0.7522,0,,corporate
102734,47.3,MSK,47445.73,29112.59,mobile,risk,2026-03-12,true,0.6287,0,перевод в другой отдел,corporate
102735,9.1,EKB,93058.13,6904.11,partner,risk,2024-12-27,true,0.6185,0,повторное обращение,retail
102736,35.6,KZN,36791.96,3381.87,mobile,sales,2026-04-20,true,0.7398,0,клиент не отвечает,retail
801,50.0,SPB,,15598.69,mobile,legal,2024-12-08,false,0.325,0,повторное обращение,corporate
102738,61.0,EKB,74224.02,9732.47,offline,support,2026-06-19,false,0.4099,0,повторное обращение,retail
102739,39.5,SPB,61051.49,12859.03,mobile,legal,2025-03-07,true,0.4381,0,документы на проверке,retail
102740,45.6,KZN,47252.26,4633.62,mobile,ops,2025-10-10,false,0.758,0,перевод в другой отдел,sme
102741,41.7,UNKNOWN,82513.27,11207.38,mobile,growth,2025-04-20,false,0.4791,0,заявка принята,corporate
102742,48.2,NSK,89854.96,14347.05,web,risk,2025-08-03,false,0.4404,0,клиент не отвечает,corporate
102743,58.5,SPB,110858.8,4266.16,mobile,legal,2025-07-16,true,0.5481,0,,corporate
2556,42.2,MSK,44153.83,7771.33,web,sales,2024-10-07,false,0.7214,0,повторное обращение,sme
102745,70.8,SPB,216651.14,4582.25,web,ops,2026-02-25,true,0.7407,0,,retail
102746,41.3,MSK,123164.22,1700.5,offline,sales,2025-04-26,false,0.3042,0,повторное обращение,retail
102747,21.0,SPB,,9085.46,mobile,ml,2025-04-13,true,0.1288,0,документы на проверке,corporate
102748,40.1,SPB,68673.99,20883.21,mobile,support,2026-01-28,true,0.6032,0,заявка принята,retail
102749,50.5,NSK,,25054.63,web,growth,2025-01-02,true,0.3422,0,клиент не отвечает,retail
102750,39.6,KZN,54945.72,7137.05,web,risk,2026-04-12,false,0.7204,0,повторное обращение,retail
463,56.1,UNKNOWN,96393.56,7679.0,mobile,sales,2024-12-07,false,0.5197,0,,sme
102752,51.4,UNKNOWN,,11314.92,mobile,sales,2026-03-22,false,0.4387,0,перевод в другой отдел,sme
102753,53.9,OTHER_17,44484.97,7857.63,web,risk,2024-09-26,false,0.6164,0,клиент не отвечает,corporate
102754,34.4,SPB,93910.44,22740.33,offline,ml,2025-07-19,true,0.4926,0,заявка принята,corporate
102755,38.2,UNKNOWN,,4310.15,web,legal,2025-11-03,true,0.5827,0,перевод в другой отдел,corporate
102756,34.5,UNKNOWN,52382.74,5483.73,web,sales,2025-09-16,true,0.5879,0,клиент не отвечает,retail
102757,56.1,SPB,,6963.24,web,ml,2024-08-26,false,0.6417,0,перевод в другой отдел,corporate
1044,39.2,MSK,67421.12,6325.36,mobile,risk,2026-03-23,true,0.3341,0,клиент не отвечает,retail
102759,30.8,UNKNOWN,51646.43,10168.16,web,ml,2024-08-12,true,0.2435,0,заявка принята,sme
102760,28.8,MSK,53750.12,4944.31,web,legal,2026-03-14,false,0.6584,0,повторное обращение,corporate
102761,37.2,EKB,26499.03,1581.64,mobile,support,2025-04-30,false,0.6152,0,клиент не отвечает,sme
102762,27.0,OTHER_17,65659.27,10289.36,partner,risk,2025-06-02,false,0.3399,0,документы на проверке,sme
102763,46.0,SPB,,32448.12,web,support,2025-07-18,true,0.43,0,перевод в другой отдел,retail
102764,14.1,UNKNOWN,44974.97,5336.97,mobile,ml,2025-12-15,false,0.2065,0,повторное обращение,retail
2036,30.8,SPB,70251.06,11689.07,mobile,ml,2026-05-23,false,0.6818,0,перевод в другой отдел,sme
102766,48.7,OTHER_17,25905.69,13785.26,partner,risk,2024-10-25,false,0.3816,0,,retail
102767,28.4,NSK,74875.36,32291.92,partner,legal,2025-02-03,false,0.693,0,документы на проверке,retail
102768,54.5,SPB,48538.06,4253.88,web,legal,2026-01-19,false,0.4275,0,заявка принята,corporate
102769,37.7,EKB,90517.45,17817.21,web,support,2026-03-09,true,0.5211,0,клиент не отвечает,sme
102770,41.5,MSK,259671.62,879.74,web,ops,2024-08-22,true,0.3672,0,,retail
102771,51.7,SPB,146092.5,7966.86,web,ops,2025-11-01,false,0.5517,0,повторное обращение,sme
772,46.9,SPB,81340.1,4996.56,offline,sales,2024-08-28,true,0.661,0,документы на проверке,retail
102773,31.8,OTHER_17,78982.51,1329.5,mobile,risk,2025-07-27,true,0.8643,0,клиент не отвечает,retail
102774,34.9,SPB,34764.73,13962.88,mobile,legal,2025-06-16,true,0.6461,0,заявка принята,retail
102775,39.3,KZN,,2042.06,web,ops,2025-10-28,true,0.5982,0,повторное обращение,corporate
102776,37.6,EKB,66024.38,5037.78,mobile,legal,2025-08-02,true,0.5139,0,перевод в другой отдел,sme
102777,61.2,MSK,69864.26,11870.89,web,risk,2025-10-26,false,0.3933,0,клиент не отвечает,corporate
102778,31.0,SPB,33101.01,4926.82,web,growth,2025-10-06,true,0.7328,0,,sme
1801,29.6,MSK,65279.75,3589.33,web,legal,2026-03-24,true,0.7402,0,документы на проверке,sme
102780,33.3,MSK,55950.39,2717.75,mobile,ml,2025-10-03,false,0.4731,0,клиент не отвечает,corporate
102781,31.9,NSK,140756.61,8161.67,web,ops,2024-12-20,true,0.8092,0,повторное обращение,retail
102782,16.9,UNKNOWN,21240.26,7098.55,mobile,legal,2026-04-08,false,0.4625,0,повторное обращение,retail
102783,67.9,NSK,76327.63,3610.21,offline,ml,2026-02-08,true,0.4052,0,заявка принята,retail
102784,36.3,SPB,69273.95,11875.9,web,ml,2026-04-30,true,0.5046,0,клиент не отвечает,sme
102785,37.6,MSK,48428.01,1211.07,partner,sales,2025-02-16,false,0.394,0,заявка принята,sme
2525,55.6,MSK,110034.76,16199.24,mobile,legal,2026-02-14,false,0.5446,0,документы на проверке,sme
102787,56.6,MSK,64721.13,7105.28,mobile,legal,2025-04-04,false,0.9236,0,документы на проверке,sme
102788,41.7,SPB,69158.66,12017.67,partner,ops,2026-01-29,true,0.4731,0,повторное обращение,retail
102789,35.4,EKB,18969.73,4699.15,web,legal,2026-05-28,false,0.5365,0,документы на проверке,retail
102790,61.2,UNKNOWN,55474.99,4578.46,mobile,ops,2025-06-20,true,0.516,0,,corporate
102791,25.4,NSK,62767.15,6813.41,mobile,growth,2025-08-27,false,0.6348,0,документы на проверке,retail
102792,32.6,SPB,337679.88,1978.49,web,legal,2026-02-07,false,0.5529,0,документы на проверке,corporate
1585,43.3,SPB,75752.32,42083.09,partner,ml,2026-06-07,true,0.3663,0,повторное обращение,sme
102794,39.6,MSK,74599.28,62350.99,mobile,support,2026-04-02,false,0.6287,0,заявка принята,sme
102795,19.4,NSK,43498.01,14310.39,web,legal,2025-08-24,false,0.7081,0,клиент не отвечает,retail
102796,43.9,MSK,117163.26,2083.34,mobile,risk,2024-11-26,false,0.3146,0,клиент не отвечает,sme
102797,39.3,UNKNOWN,110907.59,2387.32,web,ops,2024-12-22,true,0.6682,0,документы на проверке,sme
102798,28.8,SPB,122665.66,5836.29,offline,legal,2024-12-24,true,0.7016,0,заявка принята,sme
102799,20.3,MSK,42818.83,8210.56,mobile,support,2024-07-19,false,0.4797,0,заявка принята,retail
2495,51.0,MSK,167918.47,2218.47,mobile,risk,2025-01-03,true,0.6029,0,документы на проверке,retail
102801,25.5,UNKNOWN,84726.85,10970.29,web,ops,2024-08-02,false,0.6287,0,документы на проверке,retail
102802,37.4,NSK,,25567.13,mobile,sales,2025-06-08,true,0.4385,0,заявка принята,sme
102803,30.4,UNKNOWN,49648.48,7408.72,mobile,legal,2025-09-03,false,0.7823,0,,sme
102804,19.0,SPB,43941.0,14168.56,partner,growth,2025-06-14,false,0.9846,0,перевод в другой отдел,retail
102805,52.2,UNKNOWN,,4059.64,mobile,risk,2025-02-24,true,0.5565,0,повторное обращение,sme
102806,64.9,EKB,,26690.11,web,sales,2024-09-01,true,0.7237,0,клиент не отвечает,retail
1381,46.8,SPB,,1707.51,mobile,ml,2026-05-15,true,0.5656,0,клиент не отвечает,sme
102808,22.5,UNKNOWN,60552.88,20887.59,web,support,2025-12-31,false,0.3885,0,клиент не отвечает,retail
102809,26.6,NSK,128466.0,10497.37,mobile,growth,2025-03-15,false,0.5682,0,перевод в другой отдел,retail
102810,51.6,OTHER_17,120998.66,2132.93,mobile,sales,2026-06-01,true,0.5746,0,документы на проверке,sme
102811,53.4,EKB,84889.25,38272.97,web,sales,2025-06-12,true,0.4225,0,перевод в другой отдел,corporate
102812,48.5,SPB,45759.51,8700.93,mobile,ops,2024-12-24,false,0.1328,0,повторное обращение,corporate
102813,37.8,KZN,49025.37,4601.23,web,risk,2025-02-19,true,0.4848,0,перевод в другой отдел,retail
1519,56.6,OTHER_17,34201.74,6409.65,mobile,growth,2025-07-15,false,0.4714,0,заявка принята,sme
102815,44.5,NSK,83006.83,21534.51,web,support,2025-07-10,false,0.5929,0,документы на проверке,retail
102816,26.1,NSK,65709.56,3337.68,web,ops,2026-01-30,false,0.4273,0,заявка принята,sme
102817,49.6,EKB,67706.68,3672.79,mobile,growth,2025-04-29,true,0.4401,0,повторное обращение,retail
102818,56.1,SPB,26908.81,4596.78,mobile,legal,2026-02-01,false,0.2719,0,повторное обращение,retail
102819,23.9,EKB,45968.95,6790.61,web,growth,2025-05-22,true,0.5221,0,заявка принята,retail
102820,42.4,UNKNOWN,37646.86,5521.89,mobile,risk,2025-01-23,false,0.7848,0,повторное обращение,retail
1639,27.4,EKB,130955.9,3640.29,mobile,support,2025-06-16,false,0.7447,0,документы на проверке,sme
102822,29.4,MSK,69002.49,4916.61,mobile,sales,2024-11-26,true,0.682,0,перевод в другой отдел,sme
102823,22.6,KZN,106337.14,6641.97,mobile,sales,2025-08-21,false,0.501,0,,retail
102824,31.5,UNKNOWN,63524.21,7892.88,web,support,2025-10-16,true,0.4472,0,перевод в другой отдел,sme
102825,61.1,MSK,,3883.11,mobile,risk,2025-12-19,true,0.684,0,заявка принята,retail
102826,53.4,UNKNOWN,,1803.04,offline,support,2024-11-12,false,0.5639,0,документы на проверке,retail
102827,47.8,EKB,65123.03,7725.14,web,ml,2025-05-26,false,0.4472,0,,sme
1904,5.3,EKB,,8011.76,partner,growth,2025-07-15,false,0.3235,0,документы на проверке,sme
102829,21.7,SPB,57673.64,4678.02,offline,risk,2024-07-23,false,0.7937,0,повторное обращение,corporate
102830,44.8,OTHER_17,95266.5,1968.61,mobile,growth,2025-05-04,true,0.4537,0,повторное обращение,sme
102831,33.8,MSK,35128.06,5076.28,partner,ops,2025-09-11,false,0.2092,0,повторное обращение,retail
102832,35.0,NSK,108720.01,4714.86,web,sales,2026-03-11,true,0.1627,0,перевод в другой отдел,corporate
102833,35.6,NSK,51133.01,10377.77,mobile,sales,2025-11-02,false,0.5225,0,повторное обращение,retail
102834,31.9,EKB,88418.76,13612.42,web,legal,2025-06-18,true,0.548,0,клиент не отвечает,retail
856,45.5,NSK,59559.48,8576.33,partner,support,2024-11-22,false,0.7555,0,,corporate
102836,44.0,UNKNOWN,,3682.57,mobile,support,2026-01-08,false,0.645,0,документы на проверке,sme
102837,36.7,OTHER_17,60452.14,1873.66,web,growth,2025-07-13,false,0.2675,0,,corporate
102838,29.9,MSK,,21800.05,mobile,legal,2024-11-28,false,0.7135,0,клиент не отвечает,sme
102839,67.9,MSK,43198.86,7596.93,web,legal,2024-08-23,true,0.5838,0,перевод в другой отдел,retail
102840,41.1,SPB,92003.75,8121.49,partner,growth,2025-07-12,false,0.2605,0,клиент не отвечает,corporate
102841,52.2,MSK,93534.14,4664.25,mobile,ml,2024-10-24,false,0.498,0,заявка принята,retail
1029,33.2,UNKNOWN,92653.85,8575.01,mobile,risk,2025-09-02,true,0.4863,0,повторное обращение,sme
102843,41.7,OTHER_17,38867.69,24330.92,web,ops,2024-10-02,false,0.1498,0,,sme
102844,46.6,UNKNOWN,,1936.61,web,growth,2024-10-21,false,0.6777,0,повторное обращение,retail
102845,31.6,NSK,132046.31,17602.18,mobile,legal,2024-10-06,true,0.3758,0,перевод в другой отдел,retail
102846,49.7,MSK,77027.62,3627.52,partner,risk,2025-08-24,true,0.6274,0,повторное обращение,corporate
102847,54.7,KZN,63761.82,3074.04,mobile,legal,2024-12-28,false,0.516,0,,sme
102848,30.9,UNKNOWN,119300.84,55093.47,web,sales,2025-10-22,true,0.7821,0,клиент не отвечает,retail
1240,30.9,UNKNOWN,,9197.5,mobile,ml,2025-12-29,true,0.408,0,заявка принята,retail
102850,53.0,UNKNOWN,96445.1,2784.79,offline,support,2026-04-05,true,0.6245,0,,retail
102851,56.9,NSK,70260.05,7572.81,web,ml,2024-10-31,true,0.8566,0,заявка принята,retail
102852,18.8,EKB,70975.94,19825.84,partner,risk,2025-11-09,true,0.7208,0,клиент не отвечает,corporate
102853,45.6,MSK,16197.08,17973.76,offline,growth,2024-12-27,true,0.2788,0,заявка принята,sme
102854,31.8,SPB,70492.43,10793.18,partner,support,2026-03-30,false,0.8459,0,,sme
102855,28.4,UNKNOWN,,11734.44,web,support,2026-04-02,true,0.8528,0,перевод в другой отдел,corporate
2926,44.3,MSK,123051.71,7357.37,mobile,sales,2025-08-18,true,0.1398,0,повторное обращение,sme
102857,39.1,MSK,67128.47,7831.68,web,ops,2024-11-30,false,0.543,0,,corporate
102858,33.6,UNKNOWN,37323.88,39849.43,mobile,growth,2025-03-09,false,0.8211,0,перевод в другой отдел,retail
102859,49.2,UNKNOWN,67206.03,10135.73,partner,risk,2026-04-26,true,0.6669,0,перевод в другой отдел,retail
102860,51.0,OTHER_17,108791.06,3316.71,web,ops,2025-06-09,false,0.6406,0,,retail
102861,31.4,UNKNOWN,41633.93,4648.92,web,ml,2024-11-01,true,0.7921,0,документы на проверке,corporate
102862,42.9,SPB,,3582.81,mobile,sales,2025-04-17,false,0.6853,0,документы на проверке,retail
909,61.9,NSK,68639.63,3536.03,web,ops,2026-01-15,true,0.5605,0,повторное обращение,corporate
102864,42.7,OTHER_17,69672.67,7279.55,web,support,2026-02-06,true,0.8897,0,повторное обращение,corporate
102865,29.1,NSK,45704.93,19798.22,mobile,sales,2024-08-09,false,0.4215,0,повторное обращение,sme
102866,45.8,UNKNOWN,113445.5,6961.12,partner,sales,2025-10-28,true,0.5953,0,,retail
102867,37.2,MSK,33212.74,10572.45,mobile,sales,2025-09-15,true,0.3327,0,перевод в другой отдел,retail
102868,49.7,MSK,30738.0,1332.91,partner,ops,2025-07-30,true,0.8906,0,перевод в другой отдел,retail
102869,44.6,MSK,59420.02,12081.04,web,support,2025-08-02,false,0.8118,0,повторное обращение,retail
1977,51.8,MSK,67067.08,4749.44,web,ops,2025-02-25,false,0.609,0,перевод в другой отдел,retail
102871,28.4,MSK,56783.61,7992.66,mobile,ops,2024-12-15,true,0.7135,0,заявка принята,sme
102872,47.1,EKB,,8278.32,mobile,growth,2026-01-17,false,0.5511,0,повторное обращение,sme
102873,39.2,KZN,90917.39,574.99,offline,legal,2026-01-01,true,0.4145,0,,corporate
102874,38.1,SPB,43925.16,12749.75,web,risk,2026-02-25,true,0.2807,0,повторное обращение,corporate
102875,50.9,UNKNOWN,40326.15,22220.87,web,support,2025-07-15,false,0.2673,0,,retail
102876,61.8,KZN,43165.73,102356.72,web,support,2024-07-23,false,0.9093,0,повторное обращение,corporate
2407,43.7,SPB,,12079.21,partner,risk,2025-10-27,false,0.3622,0,,retail
102878,38.6,MSK,47303.24,5500.22,mobile,growth,2025-06-23,true,0.858,0,документы на проверке,corporate
102879,45.8,MSK,37545.15,5070.59,web,ops,2025-06-19,false,0.254,0,клиент не отвечает,retail
102880,30.8,NSK,,15718.45,mobile,risk,2026-01-18,true,0.1992,0,заявка принята,sme
102881,51.1,OTHER_17,109412.54,2654.8,web,growth,2025-04-27,true,0.6076,0,заявка принята,retail
102882,41.0,EKB,47731.61,4193.55,mobile,ops,2025-11-01,false,0.8201,0,заявка принята,retail
102883,43.9,MSK,74714.5,22233.55,web,legal,2025-11-19,false,0.3901,0,,sme
3001,46.5,OTHER_17,88693.62,6081.78,mobile,ml,2025-08-02,true,0.827,0,перевод в другой отдел,corporate
102885,39.3,OTHER_17,41511.88,4703.6,web,support,2024-09-14,false,0.5417,0,,corporate
102886,56.2,MSK,24611.16,28739.81,web,legal,2025-02-06,false,0.5684,0,перевод в другой отдел,retail
102887,38.4,SPB,79599.98,15078.61,web,ops,2026-05-05,false,1.0043,0,клиент не отвечает,retail
102888,48.2,MSK,157345.63,5905.15,mobile,legal,2026-02-05,true,0.5527,0,заявка принята,retail
102889,60.6,NSK,40693.02,4841.01,mobile,sales,2026-04-27,true,0.3738,0,документы на проверке,sme
102890,33.8,UNKNOWN,81354.16,8951.37,web,sales,2025-12-23,false,0.5064,0,клиент не отвечает,corporate
1510,39.0,UNKNOWN,255980.14,11858.43,web,risk,2026-06-02,false,0.9127,0,повторное обращение,retail
102892,15.6,UNKNOWN,25469.63,1835.55,web,growth,2025-03-08,true,0.531,0,заявка принята,corporate
102893,52.5,OTHER_17,25825.09,22589.22,web,ops,2026-04-07,false,0.5688,0,клиент не отвечает,sme
102894,59.3,MSK,87474.79,6441.01,web,growth,2025-01-14,true,0.7757,0,документы на проверке,corporate
102895,58.6,OTHER_17,57790.58,2317.47,mobile,legal,2025-08-05,true,0.3728,0,,sme
102896,36.2,UNKNOWN,67754.72,4553.61,partner,growth,2025-07-11,true,0.5577,0,заявка принята,corporate
102897,33.6,MSK,69421.79,8370.87,mobile,support,2026-03-25,true,0.7623,0,клиент не отвечает,sme
2910,34.2,MSK,180456.33,10282.99,web,ml,2026-03-24,true,0.3723,0,документы на проверке,sme
102899,59.4,UNKNOWN,,3817.18,mobile,risk,2026-06-07,false,0.5969,0,повторное обращение,retail
102900,54.3,KZN,24058.66,1991.27,web,legal,2025-07-18,false,0.2723,0,повторное обращение,sme
102901,45.7,NSK,34208.96,10858.66,mobile,legal,2025-06-01,true,0.6518,0,клиент не отвечает,retail
102902,42.9,EKB,124531.9,16491.4,mobile,ml,2024-09-03,false,0.8977,0,,sme
102903,47.3,MSK,137688.47,4273.63,offline,growth,2025-08-22,false,0.3491,0,,sme
102904,41.2,UNKNOWN,77264.94,4113.92,mobile,support,2026-04-14,true,0.8557,0,заявка принята,corporate
1585,36.5,SPB,,5930.74,mobile,sales,2025-05-27,true,0.7318,0,заявка принята,corporate
102906,41.6,OTHER_17,47967.23,3917.95,mobile,risk,2025-07-27,true,0.7213,0,заявка принята,retail
102907,32.4,MSK,37651.56,3733.35,web,support,2025-08-02,true,0.5806,0,клиент не отвечает,retail
102908,56.2,KZN,44453.75,11761.33,mobile,legal,2025-06-20,true,0.5386,0,заявка принята,retail
102909,58.1,UNKNOWN,,4488.3,mobile,legal,2026-04-29,true,0.6606,0,перевод в другой отдел,retail
102910,50.4,MSK,38953.59,7934.98,partner,growth,2024-10-01,false,0.4932,0,перевод в другой отдел,sme
102911,12.5,MSK,35852.84,4867.75,web,ml,2026-05-25,true,0.3677,0,повторное обращение,retail
1306,59.6,EKB,67233.7,2221.39,web,ml,2025-05-23,false,0.1717,0,,retail
102913,27.4,NSK,44574.07,8414.98,web,sales,2025-12-08,false,0.6401,0,,corporate
102914,64.7,MSK,,41341.84,web,growth,2025-03-06,false,0.5289,0,перевод в другой отдел,sme
102915,39.6,MSK,34018.99,14358.37,partner,ops,2026-04-13,false,0.6522,0,клиент не отвечает,corporate
102916,29.5,KZN,,3179.22,mobile,sales,2026-05-05,false,1.0461,0,документы на проверке,sme
102917,56.7,SPB,43515.86,10024.92,web,growth,2024-07-26,false,0.5681,0,повторное обращение,corporate
102918,39.6,SPB,109331.02,3057.74,offline,sales,2025-12-12,true,0.4901,0,перевод в другой отдел,corporate
614,44.9,NSK,118418.86,1487.65,mobile,legal,2025-07-23,false,0.304,0,повторное обращение,corporate
102920,53.9,NSK,47725.74,19391.71,web,legal,2025-12-08,false,0.6343,0,документы на проверке,retail
102921,29.7,MSK,,4401.1,web,legal,2025-04-22,true,0.104,0,заявка принята,corporate
102922,55.4,MSK,93627.56,2737.12,offline,support,2024-10-08,false,0.4234,0,повторное обращение,retail
102923,41.2,EKB,44683.02,11982.21,mobile,sales,2026-03-29,false,0.6061,0,,retail
102924,41.5,EKB,57414.17,6468.97,web,risk,2025-09-09,true,0.7232,0,повторное обращение,sme
102925,18.3,SPB,,4497.61,web,support,2025-02-02,false,0.253,0,,corporate
3130,27.0,MSK,58678.52,8729.42,web,support,2024-08-12,true,0.7374,0,документы на проверке,corporate
102927,20.4,SPB,100915.93,30304.25,web,ops,2024-08-10,true,0.1942,0,заявка принята,retail
102928,5.4,UNKNOWN,127308.27,7886.21,mobile,legal,2025-01-07,false,0.3987,0,,corporate
102929,31.3,UNKNOWN,115621.26,7901.51,partner,support,2026-04-24,false,0.255,0,заявка принята,corporate
102930,50.2,SPB,,5066.53,web,risk,2025-06-30,false,0.7684,0,клиент не отвечает,sme
102931,62.4,SPB,,9069.81,mobile,support,2025-08-23,true,0.6441,0,повторное обращение,sme
102932,41.2,KZN,110436.38,9346.29,offline,ml,2026-03-11,false,0.5025,0,,corporate
850,58.9,SPB,57054.92,15349.19,partner,risk,2025-02-11,true,0.6897,0,перевод в другой отдел,corporate
102934,68.7,NSK,96897.9,4025.97,partner,sales,2024-11-16,false,0.7329,0,,sme
102935,19.8,KZN,126316.75,5767.9,mobile,sales,2024-10-11,false,0.5024,0,заявка принята,retail
102936,53.1,NSK,,9975.29,mobile,growth,2025-05-28,false,0.4447,0,заявка принята,sme
102937,25.8,NSK,,11033.3,partner,risk,2026-01-09,false,0.602,0,документы на проверке,retail
102938,35.4,NSK,47632.31,14612.58,mobile,growth,2026-03-14,true,0.6851,0,,retail
102939,48.9,OTHER_17,385264.28,4541.19,web,support,2026-01-08,false,0.3696,0,заявка принята,corporate
1261,56.1,UNKNOWN,40801.68,1729.44,offline,ops,2025-12-27,false,0.9789,0,клиент не отвечает,corporate
102941,54.2,MSK,161447.88,5086.0,web,sales,2025-04-02,false,0.5368,0,клиент не отвечает,retail
102942,48.5,NSK,60576.21,1397.51,web,ops,2025-06-28,false,0.3479,0,перевод в другой отдел,corporate
102943,28.3,UNKNOWN,60983.8,5438.74,web,legal,2026-03-09,true,0.3996,0,клиент не отвечает,sme
102944,40.7,MSK,130317.51,48356.99,web,sales,2026-03-27,false,0.6054,0,,corporate
102945,23.8,MSK,45833.43,10278.36,partner,support,2025-08-14,true,0.4724,0,перевод в другой отдел,sme
102946,14.0,UNKNOWN,70757.85,1085.01,mobile,ops,2026-04-26,true,0.7869,0,документы на проверке,retail
747,42.0,KZN,,10238.13,web,ml,2026-03-08,false,0.5013,0,,corporate
102948,38.2,MSK,109119.7,2772.18,mobile,sales,2025-01-29,true,0.2784,0,заявка принята,corporate
102949,44.3,SPB,77162.16,21400.97,web,ops,2025-06-18,true,0.2606,0,,retail
102950,44.5,MSK,166556.52,2679.12,web,legal,2025-09-30,true,0.505,0,повторное обращение,corporate
102951,52.2,EKB,246527.52,3058.28,offline,legal,2026-05-06,false,0.3997,0,документы на проверке,retail
102952,34.0,MSK,49407.5,7869.04,mobile,sales,2026-06-03,false,0.4859,0,перевод в другой отдел,sme
102953,56.2,EKB,105508.74,10821.75,web,ops,2025-07-18,false,0.3147,0,повторное обращение,retail
765,15.1,NSK,,17514.05,mobile,ml,2025-12-21,false,0.5284,0,,corporate
102955,39.4,SPB,,13013.61,mobile,sales,2025-04-01,false,0.6158,0,,corporate
102956,58.7,EKB,,10595.12,mobile,risk,2025-07-16,false,0.7222,0,повторное обращение,sme
102957,21.8,MSK,19679.3,8094.25,mobile,growth,2025-09-19,true,0.8659,0,заявка принята,corporate
102958,47.6,UNKNOWN,150727.09,11839.06,mobile,ml,2026-04-25,true,0.3691,0,перевод в другой отдел,sme
102959,50.8,MSK,175983.61,16794.32,mobile,ml,2025-01-20,true,0.2349,0,,retail
102960,31.9,EKB,48605.27,3728.18,web,growth,2026-02-19,false,0.6226,0,перевод в другой отдел,corporate
2639,49.8,UNKNOWN,48802.57,5451.93,mobile,sales,2025-03-04,true,0.6188,0,перевод в другой отдел,retail
102962,48.8,MSK,,17880.49,web,support,2025-11-14,false,0.398,0,повторное обращение,sme
102963,40.9,UNKNOWN,156254.04,18535.84,web,support,2025-04-19,false,0.453,0,документы на проверке,corporate
102964,51.8,UNKNOWN,13048.08,4609.31,partner,support,2024-12-13,false,0.6668,0,заявка принята,corporate
102965,41.3,SPB,130061.82,5210.13,web,sales,2025-08-28,true,0.4115,0,перевод в другой отдел,sme
102966,57.1,EKB,66893.93,39664.16,web,growth,2024-08-11,false,0.581,0,,sme
102967,42.1,NSK,45261.77,6496.47,web,growth,2025-06-24,false,0.6194,0,,sme
355,31.5,EKB,122905.16,867.09,mobile,ops,2025-10-02,false,0.5949,0,перевод в другой отдел,retail
102969,53.9,NSK,39277.02,25671.33,mobile,sales,2024-11-13,false,0.4476,0,клиент не отвечает,retail
102970,23.0,KZN,,11321.15,mobile,legal,2024-10-29,false,0.6781,0,перевод в другой отдел,retail
102971,52.3,SPB,42060.86,11803.62,offline,legal,2026-06-09,true,0.7895,0,документы на проверке,sme
102972,37.0,MSK,41867.5,5966.12,mobile,legal,2025-12-08,false,0.5898,0,повторное обращение,corporate
102973,58.2,UNKNOWN,148284.64,33738.65,web,legal,2025-10-30,true,0.6592,0,клиент не отвечает,retail
102974,35.9,EKB,24695.64,9325.72,web,ml,2026-01-21,false,0.5561,0,документы на проверке,retail
17,20.4,MSK,,3790.06,web,support,2024-09-21,true,0.3355,0,заявка принята,retail
102976,25.1,MSK,29941.23,3069.51,web,risk,2025-03-28,false,0.186,0,заявка принята,retail
102977,39.5,EKB,,11380.8,web,risk,2026-05-22,true,0.6358,0,заявка принята,retail
102978,39.2,MSK,210426.49,2094.09,web,ml,2024-08-01,true,0.5906,0,клиент не отвечает,retail
102979,61.2,SPB,133600.69,7817.46,mobile,risk,2025-04-05,false,1.0264,0,повторное обращение,sme
102980,26.7,UNKNOWN,42555.84,3110.8,mobile,ml,2025-02-08,false,0.7286,0,повторное обращение,corporate
102981,41.7,EKB,,20309.45,mobile,legal,2025-08-02,true,0.441,0,клиент не отвечает,sme
353,34.1,UNKNOWN,55672.29,25458.53,mobile,sales,2025-09-25,false,0.8306,0,клиент не отвечает,retail
102983,32.2,EKB,134003.93,4397.55,partner,support,2025-11-11,false,0.6357,0,документы на проверке,sme
102984,20.9,EKB,41503.27,17294.53,partner,ml,2025-10-24,true,0.4746,0,перевод в другой отдел,corporate
102985,55.4,EKB,47529.17,10828.52,web,support,2025-09-12,true,0.5064,0,перевод в другой отдел,sme
102986,16.1,UNKNOWN,108743.16,8975.04,web,support,2025-08-24,true,0.7088,0,документы на проверке,corporate
102987,23.9,OTHER_17,50982.73,1999.01,partner,risk,2026-03-17,true,0.2704,0,документы на проверке,sme
102988,59.5,UNKNOWN,86251.48,4054.57,web,legal,2025-10-04,true,0.2183,0,перевод в другой отдел,corporate
1635,68.0,EKB,39819.0,10278.92,web,ops,2025-10-18,false,0.5766,0,перевод в другой отдел,corporate
102990,46.3,MSK,38591.33,23721.37,partner,support,2025-09-07,true,0.6792,0,документы на проверке,retail
102991,40.2,OTHER_17,47500.8,2918.75,partner,legal,2024-09-27,true,0.8742,0,документы на проверке,sme
102992,80.9,MSK,52507.31,48068.26,web,growth,2026-01-29,true,0.2972,0,перевод в другой отдел,sme
102993,41.4,MSK,88463.33,5727.74,mobile,ml,2025-04-07,false,0.329,0,перевод в другой отдел,retail
102994,40.4,KZN,,3727.76,partner,growth,2025-02-15,true,0.6297,0,перевод в другой отдел,retail
102995,57.4,NSK,,15942.77,web,risk,2025-07-22,false,0.3654,0,перевод в другой отдел,sme
770,53.0,EKB,45265.26,3726.73,web,growth,2025-03-06,false,0.7306,0,заявка принята,sme
102997,30.3,OTHER_17,32883.04,12364.48,partner,sales,2026-02-01,true,0.9863,0,повторное обращение,corporate
102998,58.5,MSK,17610.17,4484.93,offline,support,2025-07-23,true,0.5924,0,,corporate
102999,31.9,KZN,145255.25,3665.75,offline,support,2024-10-09,true,0.5101,0,перевод в другой отдел,retail
103000,28.6,EKB,172764.71,4818.87,web,ops,2026-05-09,true,0.1748,0,повторное обращение,sme
103001,43.2,NSK,100215.53,15245.21,web,ml,2025-07-29,false,0.7664,0,клиент не отвечает,sme
103002,69.9,KZN,51947.34,11347.84,mobile,growth,2026-05-07,true,0.6512,0,клиент не отвечает,sme
1857,33.0,UNKNOWN,64518.36,15595.8,mobile,legal,2024-12-09,false,0.5176,0,документы на проверке,corporate
103004,34.0,SPB,27512.76,6372.08,mobile,support,2025-02-18,false,0.9465,0,повторное обращение,sme
103005,13.5,MSK,100421.99,4552.38,offline,ops,2025-08-14,false,0.3007,0,повторное обращение,corporate
103006,47.5,NSK,47794.33,7610.19,web,support,2026-02-09,false,0.2765,0,заявка принята,retail
103007,55.2,NSK,89054.51,11374.55,web,legal,2024-08-16,true,0.6576,0,,retail
103008,60.1,NSK,81472.03,18434.9,web,legal,2024-08-14,true,0.575,0,заявка принята,retail
103009,32.2,MSK,58171.6,8616.72,web,growth,2025-01-10,false,0.7799,0,заявка принята,retail
1495,38.0,UNKNOWN,56288.41,4625.02,web,support,2024-08-25,false,0.2584,0,документы на проверке,corporate
103011,43.0,UNKNOWN,70105.55,1521.8,offline,risk,2024-12-31,false,0.5569,0,повторное обращение,sme
103012,35.2,SPB,,7676.46,offline,ml,2024-12-14,false,0.6792,0,документы на проверке,sme
103013,43.1,MSK,167840.1,15451.13,mobile,growth,2024-12-28,true,0.3461,0,документы на проверке,corporate
103014,23.0,SPB,109962.78,1065.04,partner,risk,2025-02-21,true,0.3722,0,перевод в другой отдел,sme
103015,41.6,NSK,99126.24,2260.37,web,ml,2026-04-22,false,0.5776,0,перевод в другой отдел,retail
103016,44.3,SPB,46306.7,67381.61,web,ml,2025-11-25,false,0.6137,0,документы на проверке,corporate
400,47.1,SPB,41902.37,10426.77,partner,ml,2025-08-25,false,0.4878,0,повторное обращение,sme
103018,44.9,EKB,,19427.56,web,ops,2025-03-23,true,0.6447,0,заявка принята,retail
103019,29.7,KZN,36210.39,7643.09,mobile,ml,2025-11-22,false,0.6235,0,заявка принята,sme
103020,54.8,SPB,62084.61,5861.71,partner,support,2026-03-04,false,0.4056,0,документы на проверке,sme
103021,46.4,NSK,83981.14,3797.32,partner,risk,2025-10-26,false,0.4879,0,перевод в другой отдел,corporate
103022,57.9,OTHER_17,173060.04,3309.36,web,legal,2026-05-21,false,0.214,0,документы на проверке,sme
103023,52.2,NSK,87858.42,2829.38,partner,risk,2025-02-23,false,0.6943,0,заявка принята,sme
2667,49.7,MSK,60944.34,7563.09,web,ml,2024-11-05,true,0.7738,0,документы на проверке,sme
103025,59.8,EKB,30209.6,17431.39,mobile,legal,2025-01-03,false,0.7639,0,перевод в другой отдел,sme
103026,68.2,UNKNOWN,75527.73,3526.43,web,ml,2025-05-09,false,0.542,0,заявка принята,retail
103027,34.5,NSK,34614.09,19926.42,web,growth,2026-05-29,false,0.2325,0,документы на проверке,sme
103028,44.8,OTHER_17,58452.69,9366.21,web,sales,2026-02-26,false,0.5731,0,перевод в другой отдел,retail
103029,47.9,SPB,23737.51,10079.15,partner,sales,2025-11-18,true,0.3251,0,,corporate
103030,49.3,UNKNOWN,69909.33,4028.21,partner,sales,2025-09-25,true,0.6128,0,заявка принята,sme
3172,48.2,MSK,68833.56,3526.92,mobile,ops,2026-05-30,false,0.4829,0,повторное обращение,corporate
103032,47.1,NSK,,16978.04,mobile,ml,2026-04-06,false,0.7814,0,,sme
103033,54.7,OTHER_17,52011.0,5702.43,web,sales,2025-09-14,false,0.6084,0,перевод в другой отдел,corporate
103034,30.7,MSK,87497.84,7652.47,mobile,ops,2026-06-06,false,0.6777,0,перевод в другой отдел,sme
103035,40.8,EKB,31722.5,12470.98,partner,ml,2026-04-19,false,0.6462,0,повторное обращение,retail
103036,17.1,SPB,44932.61,12075.36,mobile,sales,2026-05-05,true,0.6666,0,перевод в другой отдел,retail
103037,37.8,KZN,,11125.76,offline,sales,2025-05-06,true,0.5491,0,заявка принята,retail
336,45.4,UNKNOWN,48811.93,1826.86,mobile,ml,2025-10-08,true,0.3335,0,перевод в другой отдел,corporate
103039,52.9,MSK,34478.44,17635.8,web,risk,2026-03-16,true,0.3088,0,повторное обращение,sme
103040,24.6,SPB,45758.32,6022.32,mobile,risk,2025-04-30,false,0.2007,0,,sme
103041,42.3,SPB,,6534.77,web,risk,2025-09-14,true,0.5497,0,клиент не отвечает,corporate
103042,48.6,SPB,47912.07,8916.77,web,ops,2025-07-05,false,0.4667,0,документы на проверке,retail
103043,43.3,MSK,120062.48,15081.4,web,legal,2025-05-10,false,0.3513,0,повторное обращение,corporate
103044,27.1,UNKNOWN,31905.9,8217.96,web,growth,2025-04-28,false,0.653,0,повторное обращение,retail
1075,36.4,NSK,42650.27,44622.38,offline,ml,2025-09-02,false,0.3495,0,перевод в другой отдел,sme
103046,45.1,EKB,148285.99,16647.85,mobile,risk,2025-03-03,false,0.8362,0,перевод в другой отдел,retail
103047,48.3,UNKNOWN,,5247.14,offline,ml,2025-10-01,false,0.7211,0,клиент не отвечает,sme
103048,43.2,EKB,,4985.28,web,sales,2025-08-03,false,0.2547,0,клиент не отвечает,corporate
103049,38.2,MSK,108476.23,16791.21,web,growth,2024-12-23,false,0.3927,0,повторное обращение,retail
103050,21.6,OTHER_17,24961.75,4813.63,web,support,2024-07-25,false,0.5082,0,клиент не отвечает,retail
103051,43.3,OTHER_17,78921.61,8345.93,web,support,2024-11-04,true,0.1158,0,,sme
1902,50.0,NSK,49723.25,23616.33,web,ops,2025-06-30,true,0.814,0,повторное обращение,corporate
103053,45.6,MSK,169187.64,18181.88,mobile,ml,2025-08-19,false,0.2883,0,,retail
103054,27.9,MSK,40483.31,11043.66,partner,ml,2025-09-25,true,0.6991,0,клиент не отвечает,retail
103055,31.9,EKB,70479.53,11334.64,web,ml,2025-08-25,false,0.2861,0,повторное обращение,retail
103056,62.5,NSK,52611.6,4298.03,web,ops,2025-08-31,false,0.3734,0,повторное обращение,sme
103057,48.7,MSK,,10474.94,web,growth,2024-12-21,false,0.8501,0,перевод в другой отдел,retail
103058,24.2,MSK,39446.66,11184.71,offline,support,2026-01-30,true,0.8614,0,повторное обращение,retail
12,35.9,MSK,177339.83,2071.42,offline,legal,2025-11-14,false,0.698,0,,retail
103060,43.8,NSK,41213.06,16839.55,web,legal,2025-08-18,true,0.5429,0,документы на проверке,corporate
103061,49.4,SPB,40422.23,17769.18,mobile,sales,2024-12-06,false,0.4988,0,повторное обращение,sme
103062,18.8,MSK,54655.67,22482.23,offline,ops,2025-12-08,true,0.2332,0,заявка принята,retail
103063,32.0,OTHER_17,63623.21,20013.34,offline,ops,2025-05-30,false,0.4695,0,клиент не отвечает,retail
103064,52.5,EKB,55211.11,2071.7,web,risk,2025-04-29,false,0.4465,0,перевод в другой отдел,retail
103065,57.4,UNKNOWN,,6504.03,offline,growth,2025-10-16,false,0.4837,0,повторное обращение,retail
1186,29.4,MSK,67994.73,11543.18,web,sales,2025-01-30,true,0.5416,0,,corporate
103067,29.2,NSK,110813.3,8143.84,mobile,support,2025-02-27,true,0.3825,0,заявка принята,corporate
103068,32.7,SPB,28916.19,11445.16,offline,sales,2024-08-30,false,0.3723,0,,corporate
103069,53.2,EKB,73966.85,4227.31,web,legal,2024-11-10,false,0.3859,0,,sme
103070,38.0,MSK,50665.03,8433.19,mobile,ops,2025-12-15,false,0.4076,0,,retail
103071,23.0,MSK,70558.4,6725.73,web,risk,2025-05-07,false,0.3899,0,заявка принята,sme
103072,72.2,OTHER_17,,10410.79,mobile,support,2026-04-18,true,0.4222,0,,sme
1073,28.0,MSK,44541.03,5848.37,web,ml,2024-08-15,false,0.6227,0,клиент не отвечает,sme
103074,44.0,KZN,34835.4,4281.75,web,risk,2025-07-11,true,0.3458,0,,corporate
103075,30.1,NSK,45751.37,8173.32,mobile,support,2024-07-19,true,0.3833,0,перевод в другой отдел,sme
103076,35.6,UNKNOWN,53628.49,3918.23,partner,ml,2026-01-02,false,0.511,0,,retail
103077,20.9,OTHER_17,145489.26,3234.95,web,ops,2025-12-16,false,0.5467,0,,sme
103078,39.9,UNKNOWN,,15346.64,partner,risk,2024-12-19,true,0.5397,0,повторное обращение,corporate
103079,46.6,OTHER_17,48535.48,11561.86,web,sales,2025-03-13,true,0.37,0,клиент не отвечает,corporate
2270,38.0,KZN,77946.17,4945.64,mobile,legal,2024-10-10,false,0.868,0,повторное обращение,corporate
103081,50.0,MSK,,4868.68,mobile,sales,2024-07-26,true,0.5791,0,документы на проверке,retail
103082,24.0,SPB,74800.3,3004.1,mobile,risk,2025-06-11,true,0.6043,0,клиент не отвечает,corporate
103083,3.8,MSK,35669.33,17655.13,web,ml,2024-10-24,false,0.8563,0,документы на проверке,corporate
103084,36.0,EKB,24905.89,3522.6,mobile,risk,2024-12-08,true,0.6635,0,заявка принята,retail
103085,41.9,KZN,61667.67,6712.04,mobile,support,2026-06-08,true,0.7769,0,клиент не отвечает,sme
103086,24.2,UNKNOWN,115080.24,4396.2,web,risk,2024-08-29,true,0.4527,0,перевод в другой отдел,sme
2239,34.4,UNKNOWN,42129.87,12930.24,mobile,growth,2025-01-15,true,0.455,0,клиент не отвечает,retail
103088,61.7,UNKNOWN,249770.35,2661.85,mobile,ml,2025-07-21,true,0.3131,0,,sme
103089,37.8,NSK,75312.62,9288.07,web,sales,2026-02-08,false,0.6118,0,,sme
103090,41.2,MSK,80275.08,7045.11,mobile,legal,2024-11-11,true,0.5093,0,клиент не отвечает,corporate
103091,25.7,MSK,61673.58,34092.33,web,support,2024-12-14,false,0.4053,0,,sme
103092,25.3,UNKNOWN,67170.1,24903.01,web,ops,2024-12-07,true,0.2994,0,клиент не отвечает,corporate
103093,54.5,OTHER_17,82441.32,14334.73,mobile,sales,2026-03-05,true,0.7501,0,заявка принята,corporate
234,47.7,UNKNOWN,31868.93,4244.55,partner,legal,2024-08-10,true,0.4805,0,перевод в другой отдел,corporate
103095,66.1,KZN,93497.88,1678.9,mobile,risk,2024-12-29,true,0.5979,0,клиент не отвечает,corporate
103096,37.2,SPB,,7709.27,web,risk,2025-12-20,true,0.6063,0,,retail
103097,25.7,UNKNOWN,142240.6,3981.72,offline,sales,2025-03-27,false,0.4077,0,документы на проверке,retail
103098,31.4,MSK,26542.5,19749.33,partner,growth,2024-11-14,true,0.8792,0,повторное обращение,retail
103099,54.2,NSK,42219.37,4879.28,web,ml,2025-11-11,false,0.5114,0,документы на проверке,sme
103100,40.2,SPB,139621.08,5014.09,mobile,growth,2024-09-29,false,0.6451,0,клиент не отвечает,retail
1705,31.0,MSK,53819.89,23762.41,partner,support,2025-05-23,true,0.216,0,,sme
103102,45.6,KZN,79620.48,12303.49,web,legal,2026-06-14,true,0.7482,0,клиент не отвечает,corporate
103103,41.6,MSK,66383.69,2225.29,web,risk,2025-07-31,true,0.4297,0,документы на проверке,sme
103104,17.0,EKB,101402.28,2710.6,offline,sales,2025-03-18,false,0.7241,0,документы на проверке,corporate
103105,42.2,EKB,125851.99,52259.23,web,ops,2025-02-24,false,0.6232,0,повторное обращение,sme
103106,33.1,NSK,100937.9,3731.65,mobile,sales,2024-12-28,false,0.4575,0,документы на проверке,corporate
103107,28.1,SPB,52760.42,2281.6,web,legal,2026-06-03,true,0.8432,0,,retail
2836,42.0,OTHER_17,47939.75,4664.82,web,legal,2024-12-08,false,0.5224,0,клиент не отвечает,retail
103109,44.0,SPB,,19581.46,partner,growth,2025-12-18,true,0.6653,0,документы на проверке,retail
103110,50.3,KZN,72795.64,9426.61,partner,ops,2025-05-26,false,0.4631,0,клиент не отвечает,corporate
103111,49.8,SPB,166109.46,5345.34,partner,ml,2025-09-12,true,0.8029,0,клиент не отвечает,sme
103112,29.8,UNKNOWN,,17703.34,mobile,risk,2025-02-21,false,0.3132,0,перевод в другой отдел,corporate
103113,38.8,NSK,43508.5,16332.25,web,legal,2024-12-01,true,0.6251,0,заявка принята,retail
103114,30.2,MSK,51805.35,4230.84,mobile,legal,2025-02-04,true,0.4353,0,клиент не отвечает,sme
370,56.2,SPB,83150.48,17402.91,offline,support,2026-01-01,false,0.6966,0,заявка принята,retail
103116,34.4,NSK,94341.98,7817.39,partner,legal,2025-09-09,false,0.9032,0,,sme
103117,60.6,MSK,50029.49,6592.3,mobile,growth,2026-05-02,true,0.5356,0,повторное обращение,sme
103118,31.8,SPB,27601.94,5185.46,web,ops,2025-04-02,false,0.601,0,повторное обращение,corporate
103119,49.1,NSK,102555.67,3971.85,mobile,risk,2026-03-31,true,0.5311,0,,corporate
103120,24.0,EKB,108923.51,24911.88,mobile,risk,2024-10-18,false,0.4343,0,документы на проверке,sme
103121,40.9,UNKNOWN,162691.22,9289.02,partner,ml,2026-04-16,true,0.4545,0,клиент не отвечает,corporate
427,36.8,SPB,168281.77,5974.79,mobile,ml,2025-08-21,true,0.4834,0,заявка принята,sme
103123,56.9,UNKNOWN,97941.63,3573.33,partner,growth,2025-08-29,true,0.3938,0,,corporate
103124,37.7,SPB,37084.16,8245.92,partner,growth,2026-03-10,true,0.5386,0,повторное обращение,sme
103125,66.3,UNKNOWN,,1957.06,mobile,ops,2025-02-24,true,0.5901,0,повторное обращение,retail
103126,45.4,SPB,199912.36,4089.25,mobile,support,2024-07-27,true,0.6459,0,,retail
103127,26.1,OTHER_17,61462.14,21042.94,web,legal,2024-11-27,true,0.5785,0,документы на проверке,sme
103128,50.0,OTHER_17,50839.3,4789.22,web,sales,2025-01-17,false,0.3918,0,повторное обращение,corporate
1392,41.0,UNKNOWN,106288.36,2094.81,mobile,risk,2024-08-04,false,0.511,0,заявка принята,retail
103130,48.9,SPB,58185.89,34555.51,mobile,ml,2026-03-24,false,0.4756,0,перевод в другой отдел,retail
103131,41.0,SPB,,4499.9,mobile,ml,2024-08-23,true,0.7282,0,повторное обращение,corporate
103132,45.4,UNKNOWN,158733.62,5024.49,mobile,ops,2025-08-29,false,0.4162,0,,retail
103133,37.8,MSK,18057.48,9195.13,partner,support,2026-06-02,true,0.8878,0,клиент не отвечает,sme
103134,25.2,KZN,29305.8,6074.7,offline,ml,2024-10-02,false,0.386,0,заявка принята,corporate
103135,67.7,UNKNOWN,51843.57,4092.92,web,growth,2025-12-08,true,0.5641,0,документы на проверке,sme
3147,40.3,UNKNOWN,44863.43,17438.8,offline,ml,2024-08-07,true,0.2835,0,клиент не отвечает,corporate
103137,46.8,SPB,120413.23,5565.92,web,support,2025-10-24,true,0.7484,0,клиент не отвечает,corporate
103138,32.5,UNKNOWN,51159.36,30405.05,offline,ml,2024-11-14,false,0.7359,0,клиент не отвечает,corporate
103139,56.0,KZN,,18579.06,mobile,ops,2026-06-19,false,0.3686,0,клиент не отвечает,corporate
103140,39.3,MSK,132651.07,2374.3,mobile,risk,2024-11-01,false,0.3512,0,клиент не отвечает,corporate
103141,45.1,MSK,77804.9,5200.1,web,sales,2024-08-04,false,0.117,0,заявка принята,sme
103142,22.2,NSK,184847.94,9877.95,partner,growth,2024-10-03,false,0.1885,0,,sme
1016,48.8,MSK,67384.14,16749.27,mobile,growth,2025-01-21,false,0.4759,0,клиент не отвечает,sme
103144,47.5,NSK,99952.09,15055.09,partner,ops,2026-01-24,true,0.6165,0,перевод в другой отдел,corporate
103145,67.3,SPB,157174.31,14898.41,offline,ml,2026-01-11,true,0.43,0,заявка принята,sme
103146,63.7,SPB,26148.33,16395.34,web,ops,2024-11-16,true,0.7534,0,клиент не отвечает,sme
103147,42.9,KZN,49063.1,3057.14,web,ml,2025-03-03,false,0.618,0,клиент не отвечает,sme
103148,15.3,MSK,103229.16,7062.25,mobile,support,2025-06-12,true,0.0972,0,заявка принята,corporate
103149,18.4,SPB,116856.72,459.96,mobile,support,2026-01-16,false,1.0391,0,клиент не отвечает,sme
2011,63.2,EKB,87850.8,9185.1,mobile,ml,2024-08-03,true,0.359,0,повторное обращение,sme
103151,45.8,NSK,,2422.36,partner,support,2026-05-28,true,0.75,0,документы на проверке,corporate
103152,20.2,MSK,45835.75,11934.77,web,legal,2026-02-23,true,0.4572,0,клиент не отвечает,retail
103153,48.1,SPB,14741.11,5104.51,mobile,support,2026-04-03,false,0.5099,0,,corporate
103154,52.5,NSK,74944.57,4326.86,partner,sales,2026-01-04,false,0.6534,0,клиент не отвечает,sme
103155,40.6,MSK,159519.2,2036.32,web,support,2025-02-24,false,0.6066,0,перевод в другой отдел,sme
103156,67.4,UNKNOWN,,27534.67,web,risk,2025-04-08,false,0.8728,0,перевод в другой отдел,corporate
947,25.0,MSK,192589.11,3499.13,mobile,sales,2025-10-29,true,0.4335,0,перевод в другой отдел,corporate
103158,50.0,UNKNOWN,93437.15,8346.09,web,growth,2025-03-11,true,0.7118,0,перевод в другой отдел,corporate
103159,16.1,MSK,,7266.62,web,ml,2024-10-15,true,0.7627,0,перевод в другой отдел,retail
103160,48.1,KZN,81375.57,1668.65,web,risk,2025-02-25,true,0.2888,0,документы на проверке,retail
103161,42.4,KZN,15104.94,24728.68,mobile,ops,2026-05-09,true,0.4995,0,клиент не отвечает,corporate
103162,31.7,UNKNOWN,105317.09,11520.76,web,ml,2024-12-10,false,0.526,0,перевод в другой отдел,corporate
103163,69.5,KZN,,13560.42,web,ml,2025-07-09,false,0.719,0,перевод в другой отдел,sme
199,49.7,MSK,43030.17,14744.42,mobile,ml,2025-04-22,false,0.6632,0,клиент не отвечает,retail
103165,53.3,SPB,,11498.2,offline,sales,2024-12-19,true,0.5505,0,,retail
103166,31.8,SPB,,6420.69,mobile,support,2025-09-19,true,0.5854,0,перевод в другой отдел,corporate
103167,62.5,MSK,56836.87,17129.98,mobile,growth,2025-07-10,false,0.8572,0,клиент не отвечает,sme
103168,43.2,UNKNOWN,,5419.08,partner,sales,2026-02-02,false,0.5577,0,клиент не отвечает,sme
103169,32.9,MSK,97297.14,4480.59,web,ops,2025-04-14,false,0.9657,0,,retail
103170,33.1,MSK,37542.28,4609.47,partner,ml,2025-01-22,false,0.5038,0,заявка принята,sme
156,37.6,NSK,,17904.21,mobile,sales,2026-04-21,true,0.4748,0,,retail
103172,66.3,OTHER_17,,2851.85,web,risk,2026-01-09,false,0.5464,0,,corporate
103173,53.9,OTHER_17,98896.08,14758.35,partner,ml,2025-10-19,true,0.5929,0,клиент не отвечает,corporate
103174,28.7,UNKNOWN,88004.85,12441.11,web,ml,2026-01-07,false,0.6999,0,документы на проверке,sme
103175,35.4,KZN,31429.06,6187.0,web,risk,2026-04-05,true,0.4162,0,документы на проверке,retail
103176,51.8,MSK,,15487.27,mobile,growth,2025-11-23,false,0.6961,0,заявка принята,corporate
103177,22.7,SPB,,1591.59,web,support,2025-09-09,false,0.3907,0,перевод в другой отдел,sme
2848,46.6,OTHER_17,58616.07,2559.9,web,ops,2025-10-25,false,0.1444,0,клиент не отвечает,retail
103179,70.5,KZN,84848.47,9658.87,mobile,ops,2025-11-14,true,0.6103,0,клиент не отвечает,retail
103180,49.6,KZN,18645.62,4397.48,mobile,sales,2025-07-13,true,0.4162,0,,sme
103181,49.9,SPB,26759.57,2650.86,web,ops,2024-09-12,true,0.2464,0,заявка принята,sme
103182,45.6,NSK,59594.97,2761.61,mobile,growth,2024-10-19,false,0.5222,0,повторное обращение,sme
103183,28.6,SPB,64095.15,29940.32,mobile,ops,2024-08-31,true,0.8369,0,,retail
103184,71.2,OTHER_17,66184.73,5344.48,mobile,support,2024-09-24,true,0.656,0,документы на проверке,corporate
2070,28.0,SPB,42465.67,2260.91,mobile,growth,2026-06-06,false,0.4763,0,перевод в другой отдел,corporate
103186,27.0,MSK,,21200.46,offline,growth,2025-06-20,true,0.7056,0,,corporate
103187,30.6,SPB,58157.57,8577.85,mobile,legal,2025-12-31,true,0.6058,0,перевод в другой отдел,corporate
103188,41.2,MSK,59897.52,26527.49,web,growth,2025-02-14,false,0.301,0,документы на проверке,corporate
103189,52.8,OTHER_17,23007.62,8594.82,offline,support,2025-01-03,true,0.7508,0,документы на проверке,sme
103190,45.7,KZN,37077.74,15009.97,offline,growth,2026-02-10,false,0.6476,0,клиент не отвечает,retail
103191,5.2,MSK,42065.08,4111.03,mobile,ml,2026-03-18,false,0.6238,0,повторное обращение,corporate
176,36.1,EKB,50192.22,12366.97,partner,risk,2025-11-03,true,0.5165,0,повторное обращение,corporate
103193,45.4,OTHER_17,26245.21,13046.28,mobile,ops,2026-01-30,false,0.7292,0,перевод в другой отдел,corporate
103194,27.3,NSK,62315.88,10216.77,web,sales,2026-03-10,false,0.7018,0,,sme
103195,26.8,NSK,103528.52,5783.25,web,growth,2025-02-13,true,0.2689,0,клиент не отвечает,retail
103196,38.8,MSK,89558.57,5698.42,offline,growth,2026-03-02,false,0.5567,0,перевод в другой отдел,sme
103197,58.1,MSK,,1985.67,mobile,growth,2024-12-05,true,0.3705,0,повторное обращение,retail
103198,24.2,SPB,77385.75,5271.21,web,sales,2026-02-05,true,0.3619,0,повторное обращение,retail
351,33.9,SPB,41556.98,16541.54,web,growth,2025-06-03,false,0.5759,0,,sme
103200,49.0,UNKNOWN,14752.35,12630.09,web,risk,2026-02-20,true,0.5087,0,документы на проверке,sme
103201,43.6,EKB,101493.69,5909.22,web,growth,2025-12-10,true,0.2368,0,заявка принята,retail
103202,9.6,NSK,40005.28,28020.32,web,growth,2024-11-28,true,0.6706,0,заявка принята,corporate
103203,35.0,KZN,,4906.63,web,ml,2025-08-01,true,0.5859,0,заявка принята,corporate
103204,37.3,SPB,84373.02,4622.18,mobile,risk,2025-10-13,true,0.5228,0,повторное обращение,corporate
103205,29.3,NSK,107154.09,6925.28,mobile,risk,2026-01-28,true,0.3556,0,клиент не отвечает,corporate
1473,39.8,UNKNOWN,,2979.46,web,legal,2024-09-10,true,0.6365,0,перевод в другой отдел,retail
103207,31.8,EKB,48691.07,3220.62,partner,sales,2025-11-03,true,0.3828,0,перевод в другой отдел,sme
103208,51.5,UNKNOWN,67670.36,1815.31,partner,sales,2025-10-24,true,0.5702,0,перевод в другой отдел,sme
103209,40.0,UNKNOWN,61177.75,113016.33,partner,sales,2025-12-30,true,0.7332,0,повторное обращение,corporate
103210,30.7,UNKNOWN,30167.75,3849.71,mobile,legal,2024-10-22,true,0.7146,0,,corporate
103211,29.0,EKB,97938.06,10740.88,partner,risk,2025-07-27,false,0.7796,0,клиент не отвечает,corporate
103212,54.3,SPB,32386.56,1593.86,offline,legal,2025-11-19,false,0.1514,0,перевод в другой отдел,corporate
1891,34.9,UNKNOWN,28333.82,1566.57,web,growth,2024-07-22,false,0.3393,0,клиент не отвечает,retail
103214,42.7,NSK,175018.47,3897.54,web,ops,2024-07-20,false,0.8916,0,клиент не отвечает,sme
103215,50.0,OTHER_17,49034.19,2676.94,web,sales,2025-08-11,false,0.5265,0,клиент не отвечает,retail
103216,35.1,EKB,55888.92,10419.62,web,sales,2024-10-28,false,0.7782,0,заявка принята,retail
103217,45.4,NSK,,3105.41,mobile,sales,2026-05-05,true,0.2838,0,документы на проверке,retail
103218,62.9,EKB,55035.06,4783.57,web,growth,2024-12-21,false,0.3776,0,документы на проверке,retail
103219,48.4,KZN,,5218.59,web,ml,2025-09-11,false,0.6732,0,повторное обращение,sme
2195,14.0,OTHER_17,89316.28,4716.65,mobile,ml,2024-10-12,true,0.3516,0,,corporate
103221,19.8,EKB,32724.09,5972.31,mobile,support,2024-09-09,false,0.4853,0,заявка принята,sme
103222,40.2,NSK,152634.85,47633.42,web,growth,2025-03-14,true,0.7571,0,,sme
103223,51.2,EKB,,8432.2,partner,ops,2026-01-05,true,0.4666,0,заявка принята,sme
103224,31.0,MSK,154101.35,29553.09,mobile,ml,2026-03-16,true,0.7989,0,заявка принята,retail
103225,54.7,EKB,35305.11,7375.43,mobile,sales,2025-01-31,true,0.54,0,повторное обращение,sme
103226,29.9,KZN,,5083.87,mobile,sales,2026-04-21,false,0.5585,0,повторное обращение,retail
36,17.0,SPB,95976.56,14432.63,mobile,support,2024-08-28,true,0.6161,0,заявка принята,corporate
103228,42.1,MSK,64172.72,4225.9,web,risk,2025-09-18,true,0.9479,0,заявка принята,sme
103229,47.4,EKB,56015.71,12146.64,offline,support,2025-08-11,true,0.6726,0,повторное обращение,sme
103230,59.7,UNKNOWN,,9853.66,web,support,2026-02-05,false,0.6137,0,повторное обращение,retail
103231,43.9,OTHER_17,46832.99,1879.49,mobile,support,2025-09-18,true,0.6695,0,заявка принята,corporate
103232,64.8,MSK,49549.31,6564.73,web,sales,2026-03-11,false,0.3565,0,заявка принята,retail
103233,42.4,EKB,28805.9,15636.71,web,ml,2025-04-18,true,0.6374,0,перевод в другой отдел,retail
3020,44.6,NSK,85285.0,7371.97,offline,legal,2025-09-22,true,0.5324,0,документы на проверке,retail
103235,36.5,SPB,84187.54,4060.35,mobile,growth,2025-10-28,true,0.4561,0,заявка принята,sme
103236,50.2,UNKNOWN,55532.47,3381.25,mobile,legal,2025-06-25,true,0.6197,0,перевод в другой отдел,corporate
103237,63.1,NSK,95261.32,10011.21,partner,ops,2025-08-19,false,0.6317,0,клиент не отвечает,corporate
103238,27.2,SPB,82074.29,51621.83,mobile,risk,2024-09-29,false,0.4559,0,заявка принята,corporate
103239,49.5,KZN,21428.87,24218.05,web,legal,2025-12-22,false,0.5472,0,документы на проверке,corporate
103240,39.9,KZN,,2867.48,mobile,risk,2025-03-12,true,0.6048,0,,corporate
2342,36.0,EKB,56799.03,42976.46,mobile,sales,2026-04-08,true,0.7366,0,заявка принята,sme
103242,46.8,SPB,56298.49,8716.64,mobile,ops,2025-09-30,true,0.3471,0,заявка принята,corporate
103243,51.0,KZN,79737.66,44086.0,web,sales,2026-05-05,true,0.2995,0,заявка принята,sme
103244,40.9,SPB,70899.94,14627.86,web,ml,2025-02-21,true,0.5594,0,перевод в другой отдел,retail
103245,52.6,OTHER_17,33878.68,6270.67,web,support,2026-03-10,false,0.2869,0,повторное обращение,corporate
103246,42.4,UNKNOWN,89237.43,11712.5,web,legal,2026-03-21,false,0.6182,0,перевод в другой отдел,retail
103247,35.3,UNKNOWN,27931.56,9598.83,offline,sales,2024-11-06,false,0.7514,0,заявка принята,corporate
129,34.8,UNKNOWN,,4081.98,web,sales,2025-10-09,false,0.372,0,документы на проверке,sme
103249,25.8,KZN,167373.58,4079.16,mobile,growth,2024-11-14,false,0.4513,0,повторное обращение,retail
103250,45.0,EKB,56010.18,5218.58,mobile,sales,2025-04-17,true,0.4512,0,перевод в другой отдел,corporate
103251,23.4,UNKNOWN,113147.96,17720.8,web,support,2025-09-25,false,0.2712,0,перевод в другой отдел,retail
103252,51.0,NSK,68853.48,10389.08,mobile,ops,2026-01-10,false,0.8001,0,повторное обращение,sme
103253,32.1,EKB,,3978.31,mobile,growth,2025-01-20,true,0.5381,0,повторное обращение,retail
103254,26.5,OTHER_17,102720.66,12019.6,partner,support,2026-01-21,false,0.6132,0,документы на проверке,corporate
1652,30.3,NSK,,8929.36,web,sales,2025-10-22,true,0.5188,0,повторное обращение,corporate
103256,50.2,UNKNOWN,182891.97,5603.27,mobile,sales,2024-10-19,true,0.3038,0,документы на проверке,corporate
103257,53.4,SPB,,9655.58,web,support,2025-11-21,true,0.8754,0,повторное обращение,corporate
103258,34.8,UNKNOWN,76880.17,31052.91,mobile,support,2024-12-13,true,0.4447,0,,sme
103259,61.8,EKB,,11126.01,mobile,ml,2024-10-11,true,0.5425,0,документы на проверке,corporate
103260,55.2,NSK,83645.35,6384.37,web,growth,2024-08-14,true,0.5877,0,повторное обращение,corporate
103261,39.7,SPB,58100.7,4709.81,offline,legal,2025-02-25,true,0.7983,0,,corporate
39,29.9,MSK,74729.12,9083.62,partner,support,2025-01-02,true,0.5895,0,заявка принята,corporate
103263,32.5,KZN,78746.89,2374.2,web,support,2026-02-26,false,0.8178,0,заявка принята,corporate
103264,43.9,EKB,38881.59,8981.52,web,ops,2025-07-27,false,0.6546,0,перевод в другой отдел,corporate
103265,36.7,MSK,,11936.51,partner,risk,2024-08-03,true,0.7871,0,клиент не отвечает,sme
103266,53.8,NSK,79424.23,1661.6,web,risk,2025-12-24,true,0.5534,0,клиент не отвечает,retail
103267,48.9,UNKNOWN,,27536.39,partner,ml,2026-05-05,false,1.0658,0,перевод в другой отдел,sme
103268,65.7,EKB,70979.84,13698.93,mobile,legal,2025-03-07,false,0.5731,0,документы на проверке,retail
787,28.5,NSK,42427.48,10396.72,web,sales,2025-03-07,false,0.4057,0,перевод в другой отдел,corporate
103270,44.5,UNKNOWN,29656.43,5071.24,partner,legal,2025-08-24,false,0.6676,0,,retail
103271,66.8,SPB,70754.44,16988.92,partner,ops,2025-04-02,true,0.7715,0,документы на проверке,retail
103272,24.2,SPB,87112.6,4334.1,web,growth,2024-10-29,true,0.7872,0,заявка принята,sme
103273,33.7,SPB,49127.91,5521.84,mobile,support,2024-10-15,true,0.5068,0,перевод в другой отдел,retail
103274,29.2,KZN,129072.7,21894.55,offline,ops,2025-09-26,false,0.8658,0,клиент не отвечает,retail
103275,61.2,EKB,20398.0,6641.57,web,ops,2026-04-03,false,0.3856,0,,sme
908,33.6,EKB,68291.5,10201.73,web,growth,2025-05-18,false,0.2445,0,повторное обращение,retail
103277,41.7,SPB,52510.6,2020.23,mobile,legal,2026-05-21,true,0.2381,0,клиент не отвечает,retail
103278,12.7,SPB,128125.23,1294.95,partner,support,2024-09-01,false,0.6484,0,клиент не отвечает,corporate
103279,23.5,EKB,45402.76,5491.59,web,sales,2025-08-27,false,0.2204,0,повторное обращение,sme
103280,43.9,UNKNOWN,99602.55,1138.13,mobile,support,2026-01-12,true,0.4679,0,заявка принята,sme
103281,27.8,NSK,27076.39,7692.05,web,sales,2025-03-24,false,0.7423,0,клиент не отвечает,corporate
103282,20.6,OTHER_17,19377.88,7750.39,web,sales,2024-10-17,false,0.3445,0,документы на проверке,sme
1695,40.3,NSK,,79219.62,web,sales,2025-03-25,false,0.3054,0,документы на проверке,sme
103284,20.3,SPB,33280.78,5176.17,mobile,risk,2025-02-05,true,0.803,0,перевод в другой отдел,sme
103285,65.6,KZN,150706.27,14210.21,mobile,sales,2025-03-06,false,0.2719,0,клиент не отвечает,sme
103286,41.2,UNKNOWN,59867.6,1770.23,mobile,sales,2025-12-07,false,0.483,0,перевод в другой отдел,sme
103287,33.6,MSK,,4992.71,partner,growth,2025-11-02,false,0.6397,0,повторное обращение,retail
103288,39.4,MSK,84696.06,21376.92,mobile,sales,2025-12-24,false,0.6217,0,документы на проверке,corporate
103289,29.6,OTHER_17,,27094.25,web,ml,2025-03-02,false,0.5857,0,документы на проверке,sme
1652,12.2,UNKNOWN,36849.68,12767.36,mobile,ml,2026-04-16,false,0.4501,0,,retail
103291,49.2,UNKNOWN,27241.17,5589.72,web,ml,2025-04-29,false,0.6099,0,перевод в другой отдел,corporate
103292,28.5,MSK,31985.21,13991.57,web,sales,2025-06-15,false,0.7108,0,перевод в другой отдел,corporate
103293,48.3,UNKNOWN,105770.37,6116.31,mobile,support,2026-06-02,true,0.266,0,клиент не отвечает,corporate
103294,32.6,NSK,78194.92,3868.07,mobile,ml,2025-04-23,false,0.4474,0,,corporate
103295,40.3,MSK,66740.36,5287.32,web,growth,2024-09-05,true,0.7263,0,клиент не отвечает,corporate
103296,54.2,UNKNOWN,212441.04,4020.47,mobile,ops,2025-12-12,true,0.2979,0,документы на проверке,corporate
2991,36.0,UNKNOWN,178362.86,18759.48,web,sales,2025-11-12,false,0.6662,0,документы на проверке,corporate
103298,47.0,MSK,86136.95,6998.99,mobile,ops,2024-10-27,true,0.5589,0,заявка принята,retail
103299,37.3,SPB,82598.95,8094.62,offline,risk,2025-06-12,false,0.4881,0,клиент не отвечает,corporate
103300,49.9,KZN,48305.2,12473.65,web,growth,2025-02-03,true,0.7416,0,заявка принята,retail
103301,52.7,SPB,68769.86,27900.0,web,growth,2026-01-01,false,0.7586,0,перевод в другой отдел,corporate
103302,39.5,NSK,80194.62,23808.49,mobile,legal,2024-08-05,true,0.8067,0,перевод в другой отдел,sme
103303,50.9,MSK,66729.34,6079.88,offline,risk,2025-09-22,false,0.4443,0,перевод в другой отдел,sme
2632,43.5,UNKNOWN,103621.94,3685.05,web,ops,2026-05-17,true,0.2458,0,клиент не отвечает,retail
103305,44.3,EKB,,3273.57,mobile,risk,2024-07-20,false,0.7019,0,перевод в другой отдел,corporate
103306,35.6,UNKNOWN,,14132.69,mobile,sales,2026-06-03,true,0.5695,0,клиент не отвечает,corporate
103307,33.3,NSK,76578.38,10674.62,web,ops,2026-03-16,false,0.5234,0,повторное обращение,corporate
103308,35.0,SPB,93901.95,10725.76,web,legal,2025-06-14,true,0.4986,0,повторное обращение,corporate
103309,34.7,SPB,87332.05,11008.45,mobile,ops,2024-10-11,true,0.655,0,,retail
103310,29.7,SPB,185906.8,2803.67,mobile,legal,2024-11-25,true,0.8086,0,перевод в другой отдел,corporate
2440,30.7,SPB,71992.37,25859.34,offline,ops,2025-09-03,true,0.6337,0,,corporate
103312,38.7,NSK,26322.63,4015.79,web,legal,2026-06-04,false,0.5688,0,документы на проверке,corporate
103313,37.5,MSK,43834.48,12432.67,mobile,sales,2025-03-05,false,0.4228,0,заявка принята,retail
103314,31.1,UNKNOWN,76400.77,8458.06,web,support,2025-06-06,true,0.9735,0,,retail
103315,43.8,UNKNOWN,73924.43,9846.08,web,sales,2024-12-04,true,0.2576,0,перевод в другой отдел,retail
103316,43.9,EKB,125140.4,3839.54,web,ops,2024-08-08,true,0.6702,0,повторное обращение,sme
103317,50.0,NSK,157496.45,4013.22,mobile,growth,2026-01-26,false,0.8706,0,документы на проверке,retail
1115,30.4,MSK,36203.73,51658.9,mobile,ops,2026-04-01,true,0.5044,0,документы на проверке,sme
103319,32.1,EKB,86928.12,13786.03,mobile,risk,2025-11-20,true,0.8378,0,клиент не отвечает,retail
103320,56.0,UNKNOWN,90087.34,4531.77,partner,sales,2025-07-06,false,0.59,0,,sme
103321,49.6,UNKNOWN,128547.29,9057.36,mobile,support,2026-03-16,true,0.5216,0,перевод в другой отдел,retail
103322,12.0,NSK,54255.69,19832.45,offline,sales,2025-02-03,false,0.4981,0,клиент не отвечает,sme
103323,35.8,MSK,53255.83,13090.06,mobile,ops,2025-08-02,true,0.402,0,заявка принята,corporate
103324,52.2,MSK,21548.52,12928.98,offline,legal,2025-10-24,false,0.3459,0,повторное обращение,corporate
2479,47.1,OTHER_17,,7529.0,mobile,sales,2025-02-25,true,0.3427,0,документы на проверке,sme
103326,34.9,MSK,79275.36,12735.23,partner,legal,2025-05-22,false,0.6555,0,документы на проверке,sme
103327,32.9,OTHER_17,42462.64,53784.36,partner,risk,2026-03-21,true,0.6578,0,перевод в другой отдел,corporate
103328,48.6,OTHER_17,80780.43,9790.04,mobile,growth,2026-05-04,true,0.1967,0,повторное обращение,corporate
103329,65.1,KZN,65982.53,2034.78,web,support,2026-01-17,false,0.5925,0,документы на проверке,corporate
103330,49.3,SPB,,7837.99,offline,risk,2025-08-19,false,0.4744,0,повторное обращение,corporate
103331,39.7,MSK,14589.83,8650.98,web,risk,2024-11-02,false,0.5549,0,клиент не отвечает,retail
1251,27.8,NSK,25527.18,4327.08,web,legal,2025-02-08,false,0.7024,0,повторное обращение,corporate
103333,52.7,KZN,101219.87,37935.85,offline,ops,2025-08-02,false,0.2414,0,клиент не отвечает,sme
103334,73.9,KZN,117922.51,18099.28,web,ops,2025-02-23,true,0.6701,0,повторное обращение,retail
103335,27.7,MSK,,16594.56,web,ml,2026-06-16,false,0.7565,0,перевод в другой отдел,sme
103336,70.9,SPB,,10330.65,web,support,2025-11-21,true,0.8778,0,заявка принята,sme
103337,56.2,EKB,,6109.33,web,legal,2026-03-07,false,0.3118,0,клиент не отвечает,sme
103338,50.8,MSK,47309.13,10947.19,mobile,legal,2025-09-19,false,0.5999,0,перевод в другой отдел,retail
493,41.6,NSK,,6246.46,mobile,growth,2024-09-06,false,0.5136,0,перевод в другой отдел,retail
103340,53.3,MSK,35894.56,11710.74,mobile,ops,2024-10-04,false,0.7919,0,повторное обращение,retail
103341,54.0,MSK,,2696.2,web,risk,2025-06-09,true,0.2565,0,заявка принята,sme
103342,38.7,NSK,54287.44,11238.7,mobile,legal,2025-10-31,false,0.6452,0,заявка принята,corporate
103343,36.1,SPB,71840.44,5074.0,mobile,ml,2026-05-27,false,0.6264,0,документы на проверке,retail
103344,51.1,KZN,41557.61,2558.89,mobile,growth,2026-06-13,false,0.7177,0,заявка принята,retail
103345,39.4,OTHER_17,,4153.58,partner,ops,2025-02-10,true,0.607,0,,corporate
641,49.8,NSK,94165.56,10840.04,partner,legal,2025-05-16,false,0.5264,0,клиент не отвечает,sme
103347,66.2,SPB,52576.3,6019.66,web,ml,2025-10-18,true,0.487,0,,sme
103348,27.1,KZN,131000.32,21818.36,web,ml,2025-05-28,false,0.4199,0,документы на проверке,corporate
103349,45.6,NSK,63663.84,3308.0,partner,growth,2024-12-19,true,0.7682,0,документы на проверке,retail
103350,48.5,MSK,61510.75,10162.88,mobile,support,2025-01-03,true,0.489,0,,corporate
103351,41.9,SPB,209824.07,5802.15,offline,risk,2025-12-24,false,0.5146,0,документы на проверке,retail
103352,58.2,NSK,115411.89,35595.44,web,risk,2026-05-11,false,0.5059,0,,sme
1219,62.1,SPB,89893.93,18303.46,partner,ops,2025-01-27,true,0.4752,0,повторное обращение,retail
103354,13.9,UNKNOWN,36150.98,12794.38,offline,ml,2025-08-08,true,0.6427,0,,retail
103355,47.6,NSK,118744.26,13540.85,mobile,support,2025-08-08,true,0.0683,0,документы на проверке,retail
103356,43.6,EKB,40904.43,14275.38,web,growth,2024-07-30,true,0.4299,0,документы на проверке,sme
103357,40.5,MSK,93016.63,6533.82,offline,growth,2024-10-08,false,0.5558,0,документы на проверке,corporate
103358,12.5,MSK,40853.82,1318.06,mobile,support,2024-07-19,true,0.1204,0,документы на проверке,retail
103359,39.2,MSK,39596.17,8750.41,web,growth,2025-08-24,true,0.5567,0,документы на проверке,corporate
1208,26.1,MSK,65950.42,8092.64,mobile,ops,2025-06-03,true,0.598,0,заявка принята,corporate
103361,67.4,MSK,50609.35,2550.98,mobile,ml,2026-05-03,true,0.5913,0,документы на проверке,sme
103362,68.5,NSK,44702.19,42960.77,mobile,risk,2025-01-21,false,0.2364,0,заявка принята,retail
103363,64.2,UNKNOWN,,1636.14,web,ops,2025-08-09,true,0.7918,0,документы на проверке,corporate
103364,28.6,NSK,67202.76,4306.31,mobile,risk,2026-01-02,true,0.4876,0,повторное обращение,retail
103365,29.5,UNKNOWN,42613.38,4578.03,mobile,support,2025-12-27,false,0.4414,0,перевод в другой отдел,sme
103366,38.9,UNKNOWN,186556.91,7247.17,mobile,support,2025-12-14,false,0.4913,0,перевод в другой отдел,corporate
1000,53.0,OTHER_17,33315.0,5071.77,partner,legal,2025-05-14,false,0.3861,0,документы на проверке,corporate
103368,62.6,MSK,,30544.21,partner,sales,2024-07-20,true,0.7849,0,,retail
103369,26.2,MSK,159734.23,4631.43,mobile,ops,2025-11-01,false,0.479,0,заявка принята,sme
103370,24.5,MSK,,23362.99,web,sales,2025-01-26,false,0.4168,0,перевод в другой отдел,retail
103371,25.2,OTHER_17,56322.33,4242.7,web,risk,2025-08-16,true,0.3027,0,документы на проверке,sme
103372,60.6,OTHER_17,111369.95,9845.66,mobile,growth,2025-09-26,false,0.6073,0,заявка принята,sme
103373,31.9,SPB,64672.65,21371.25,mobile,ops,2025-10-07,true,0.604,0,перевод в другой отдел,corporate
2466,48.7,OTHER_17,,3394.84,mobile,sales,2024-10-10,true,0.5486,0,,sme
103375,36.8,NSK,52467.44,31764.33,offline,risk,2024-09-02,false,0.6578,0,,retail
103376,62.1,EKB,,4760.81,mobile,support,2026-04-05,true,0.8615,0,повторное обращение,corporate
103377,60.0,NSK,48170.72,20761.76,mobile,risk,2026-05-02,false,0.1582,0,перевод в другой отдел,retail
103378,14.4,UNKNOWN,257047.16,9269.38,web,growth,2025-09-16,true,0.4814,0,клиент не отвечает,corporate
103379,48.0,NSK,,11831.62,mobile,support,2025-05-19,false,0.5566,0,заявка принята,corporate
103380,45.9,KZN,57966.01,2137.25,mobile,support,2024-11-28,false,0.4624,0,заявка принята,retail
1462,54.9,SPB,14923.8,6224.53,partner,support,2024-07-25,true,0.5767,0,клиент не отвечает,corporate
103382,61.4,OTHER_17,,8345.11,mobile,growth,2026-01-21,true,0.0801,0,перевод в другой отдел,sme
103383,54.2,SPB,41763.77,36768.91,partner,support,2026-03-12,false,0.4794,0,документы на проверке,retail
103384,42.7,SPB,,23332.23,web,support,2025-11-12,true,0.4397,0,,retail
103385,53.7,MSK,44256.19,7321.55,web,support,2025-12-10,false,0.805,0,,retail
103386,59.0,MSK,121615.75,6586.63,web,growth,2024-09-15,true,0.475,0,клиент не отвечает,sme
103387,32.8,MSK,40350.27,5030.96,partner,ml,2024-10-22,false,0.4687,0,повторное обращение,sme
254,46.6,OTHER_17,110288.13,10874.2,web,ml,2025-09-22,true,0.7798,0,клиент не отвечает,corporate
103389,48.0,NSK,29657.07,1943.9,mobile,ops,2026-02-14,true,0.78,0,,retail
103390,29.3,MSK,158370.81,11230.71,web,risk,2026-02-25,false,0.4732,0,перевод в другой отдел,sme
103391,37.1,MSK,144497.3,6569.9,web,risk,2025-12-02,false,0.3454,0,клиент не отвечает,corporate
103392,52.3,MSK,53103.76,26993.06,offline,risk,2025-08-09,true,0.9797,0,,corporate
103393,70.9,MSK,,27793.42,web,support,2024-08-28,false,0.8428,0,повторное обращение,retail
103394,64.3,OTHER_17,100270.43,3967.2,partner,risk,2024-09-21,false,0.4363,0,повторное обращение,sme
2200,21.7,SPB,122744.1,9099.78,offline,sales,2025-02-04,false,0.4184,0,клиент не отвечает,sme
103396,45.0,SPB,42473.76,3665.54,web,support,2025-11-24,false,0.6568,0,повторное обращение,sme
103397,42.1,OTHER_17,38161.62,20984.19,web,ml,2024-10-21,true,0.6837,0,перевод в другой отдел,sme
103398,47.9,MSK,81738.74,3185.87,web,risk,2025-04-20,true,0.48,0,повторное обращение,corporate
103399,43.1,MSK,62457.17,3530.83,mobile,support,2024-10-13,false,0.4892,0,клиент не отвечает,retail
103400,41.8,SPB,63020.88,8645.7,mobile,risk,2025-11-09,true,0.6439,0,,sme
103401,35.7,UNKNOWN,63139.92,3025.48,mobile,risk,2024-09-01,false,0.6392,0,,corporate
1367,43.4,SPB,71472.74,2608.66,web,support,2024-08-10,false,0.5538,0,клиент не отвечает,sme
103403,16.2,EKB,63521.94,3207.79,partner,ml,2025-05-18,true,0.6447,0,перевод в другой отдел,corporate
103404,44.1,OTHER_17,,11699.35,web,risk,2025-09-13,false,0.4768,0,,retail
103405,30.5,SPB,83657.82,5607.53,mobile,ml,2026-05-09,true,0.5576,0,документы на проверке,corporate
103406,58.1,OTHER_17,59462.48,3500.76,web,growth,2026-01-08,true,0.4988,0,,sme
103407,45.9,SPB,52641.96,3824.99,web,support,2026-05-23,false,0.598,0,клиент не отвечает,corporate
103408,48.2,OTHER_17,52228.37,18376.62,offline,ops,2025-10-09,true,0.7352,0,,retail
1899,27.5,SPB,,3057.92,partner,ops,2025-03-21,true,0.4998,0,повторное обращение,retail
103410,63.1,NSK,99373.16,8703.27,web,sales,2025-05-27,false,0.8001,0,документы на проверке,retail
103411,41.2,UNKNOWN,35768.98,4968.21,web,growth,2026-06-14,false,0.9091,0,документы на проверке,corporate
103412,48.8,NSK,33404.26,6965.24,offline,support,2025-08-25,false,0.4973,0,заявка принята,corporate
103413,69.6,UNKNOWN,86017.8,9336.97,partner,risk,2026-01-10,false,0.5864,0,,corporate
103414,45.3,MSK,96681.42,10236.39,partner,ml,2025-07-23,false,0.9845,0,повторное обращение,sme
103415,49.7,EKB,104149.05,4494.82,web,ops,2026-03-24,true,0.4634,0,перевод в другой отдел,sme
743,36.0,SPB,95363.81,7576.94,mobile,support,2024-08-11,true,0.305,0,повторное обращение,corporate
103417,50.0,NSK,51572.51,2137.24,web,ml,2025-06-09,true,0.4175,0,клиент не отвечает,retail
103418,38.5,OTHER_17,,6424.53,partner,ml,2025-09-23,false,0.394,0,клиент не отвечает,sme
103419,18.1,MSK,76857.01,6111.62,web,risk,2025-03-03,false,0.5885,0,документы на проверке,corporate
103420,55.1,KZN,105310.39,6843.04,web,risk,2025-07-01,false,0.3032,0,клиент не отвечает,sme
103421,28.1,NSK,18648.53,1754.95,mobile,sales,2025-05-30,true,0.5809,0,,retail
103422,48.2,SPB,65108.63,4677.43,partner,legal,2025-06-11,true,0.7363,0,,corporate
1148,48.1,SPB,38630.51,2526.71,web,legal,2026-05-18,true,0.1744,0,документы на проверке,corporate
103424,76.8,NSK,,8170.19,web,sales,2026-02-18,true,0.65,0,перевод в другой отдел,retail
103425,27.9,KZN,91805.51,15948.09,mobile,growth,2025-02-06,true,0.2479,0,перевод в другой отдел,retail
103426,32.5,MSK,39917.3,4451.88,mobile,sales,2026-06-03,true,0.368,0,клиент не отвечает,corporate
103427,42.4,SPB,106949.4,2178.38,offline,risk,2025-06-19,false,0.4594,0,документы на проверке,corporate
103428,27.8,SPB,177346.57,9787.04,web,support,2024-08-18,true,0.6286,0,клиент не отвечает,corporate
103429,65.6,EKB,41888.32,8914.45,mobile,growth,2025-09-16,true,0.3196,0,документы на проверке,corporate
259,43.6,SPB,43418.63,16922.71,partner,legal,2025-09-09,false,0.9555,0,,retail
103431,67.9,OTHER_17,19724.04,5312.17,web,risk,2025-05-10,false,0.7753,0,клиент не отвечает,sme
103432,64.2,EKB,172446.28,6432.86,web,ops,2024-11-23,true,0.5121,0,клиент не отвечает,sme
103433,54.6,UNKNOWN,,5829.07,offline,ops,2025-11-20,true,0.627,0,заявка принята,retail
103434,55.7,KZN,313569.3,9341.24,partner,support,2025-12-03,true,0.6615,0,заявка принята,retail
103435,11.6,SPB,88692.46,20135.91,partner,support,2025-03-27,false,0.8472,0,перевод в другой отдел,corporate
103436,36.1,MSK,72372.84,16716.12,web,legal,2025-11-27,true,0.6123,0,,retail
849,38.2,NSK,76170.44,10354.57,offline,support,2025-01-03,true,0.4944,0,заявка принята,corporate
103438,35.0,MSK,155051.63,3902.38,web,sales,2025-07-20,false,0.3694,0,повторное обращение,corporate
103439,29.5,MSK,102654.06,16878.78,web,ops,2024-10-06,false,0.3932,0,повторное обращение,retail
103440,42.7,SPB,,10301.47,mobile,ops,2026-06-18,true,0.7006,0,повторное обращение,corporate
103441,49.6,MSK,113037.01,10435.72,partner,ops,2025-10-13,true,0.4722,0,,corporate
103442,20.4,OTHER_17,51944.88,27813.0,mobile,ml,2026-01-25,true,0.6942,0,клиент не отвечает,retail
103443,31.6,SPB,46717.77,17240.92,web,ops,2025-07-24,true,1.0042,0,документы на проверке,corporate
1569,21.1,MSK,118154.69,9755.96,offline,ml,2025-02-01,false,0.244,0,клиент не отвечает,sme
103445,54.6,MSK,80557.03,11333.8,mobile,legal,2024-10-23,false,0.3486,0,клиент не отвечает,corporate
103446,23.2,EKB,35858.29,10169.08,web,support,2025-12-12,true,0.5794,0,,corporate
103447,18.9,OTHER_17,87334.61,1694.13,web,support,2024-09-09,false,0.4078,0,клиент не отвечает,sme
103448,30.7,KZN,42244.56,3314.67,mobile,growth,2025-01-21,true,0.8631,0,повторное обращение,sme
103449,26.1,NSK,54465.27,3126.94,partner,ops,2024-07-31,true,0.5762,0,повторное обращение,sme
103450,48.4,OTHER_17,,30383.74,partner,growth,2025-08-19,true,1.028,0,перевод в другой отдел,sme
2352,30.1,KZN,27184.49,6699.81,web,ml,2024-09-09,false,0.6986,0,,corporate
103452,48.7,KZN,80315.8,11146.18,web,support,2025-12-27,false,0.2163,0,клиент не отвечает,sme
103453,73.8,NSK,106693.34,5454.26,partner,support,2024-08-28,true,0.8285,0,заявка принята,retail
103454,32.8,MSK,110186.51,5557.66,web,ops,2025-11-15,false,0.7364,0,повторное обращение,sme
103455,23.6,UNKNOWN,50778.13,3020.09,mobile,risk,2025-02-05,true,0.5569,0,заявка принята,corporate
103456,50.2,SPB,46891.98,71257.69,web,ops,2025-07-15,true,0.3796,0,клиент не отвечает,sme
103457,56.4,UNKNOWN,124192.34,15408.5,mobile,support,2025-04-09,false,0.2332,0,заявка принята,corporate
1656,35.4,SPB,190159.94,29749.98,web,support,2024-08-09,false,0.5581,0,документы на проверке,sme
103459,37.1,NSK,25871.82,3117.54,web,ops,2024-11-19,false,0.6447,0,повторное обращение,corporate
103460,47.7,MSK,47533.96,3508.66,web,legal,2025-01-03,false,0.8545,0,заявка принята,sme
103461,89.0,EKB,,23936.55,web,ml,2024-11-14,false,0.4802,0,перевод в другой отдел,sme
103462,59.9,KZN,,3511.05,web,legal,2025-01-10,true,0.4286,0,клиент не отвечает,sme
103463,49.5,UNKNOWN,67801.59,15445.85,web,growth,2026-05-09,true,0.4062,0,документы на проверке,sme
103464,54.0,UNKNOWN,60036.33,10188.61,web,support,2024-08-07,false,0.3597,0,документы на проверке,sme
1968,43.2,KZN,106699.05,3967.43,offline,risk,2024-10-05,false,1.1189,0,документы на проверке,retail
103466,37.1,KZN,80869.44,3950.24,mobile,legal,2026-01-19,false,0.4908,0,повторное обращение,corporate
103467,42.5,OTHER_17,140395.93,3324.24,web,growth,2025-11-28,true,0.4386,0,повторное обращение,retail
103468,24.6,MSK,144132.61,1405.5,web,ml,2026-01-14,true,0.6072,0,перевод в другой отдел,retail
103469,36.7,KZN,,3646.65,mobile,risk,2024-08-08,true,0.3906,0,повторное обращение,sme
103470,42.1,SPB,27212.43,5324.07,web,ml,2024-10-01,false,0.5126,0,документы на проверке,retail
103471,38.9,UNKNOWN,,21609.34,web,legal,2025-10-04,true,0.1949,0,клиент не отвечает,corporate
2824,30.5,MSK,31838.12,6329.13,partner,growth,2025-02-14,true,0.3717,0,,corporate
103473,55.1,OTHER_17,49854.53,47100.47,web,risk,2025-11-20,true,0.7553,0,повторное обращение,retail
103474,37.8,KZN,,6604.94,web,support,2026-04-06,true,0.7043,0,клиент не отвечает,retail
103475,17.8,MSK,,27730.17,web,risk,2026-03-17,true,0.6912,0,клиент не отвечает,retail
103476,34.6,UNKNOWN,,5016.53,mobile,growth,2025-04-21,false,0.3794,0,клиент не отвечает,corporate
103477,24.9,SPB,211940.81,8267.15,partner,risk,2024-12-04,true,0.782,0,документы на проверке,retail
103478,8.1,OTHER_17,88679.64,6483.16,web,ops,2026-06-03,true,0.3317,0,документы на проверке,retail
1273,49.7,OTHER_17,33880.78,34655.58,partner,growth,2025-12-12,false,0.7208,0,клиент не отвечает,corporate
103480,23.0,NSK,32221.06,3468.63,mobile,ops,2024-08-27,true,0.4443,0,заявка принята,corporate
103481,34.5,OTHER_17,98931.21,5116.12,mobile,sales,2025-01-24,false,0.616,0,документы на проверке,sme
103482,61.8,KZN,54050.13,21766.81,web,growth,2026-03-20,false,0.6148,0,заявка принята,sme
103483,40.2,MSK,52707.12,8372.36,mobile,legal,2024-10-18,true,0.1796,0,заявка принята,retail
103484,25.3,MSK,57059.53,16836.21,web,sales,2024-08-01,false,0.7405,0,заявка принята,retail
103485,47.6,MSK,87153.78,5160.17,web,ops,2025-09-18,false,0.5838,0,повторное обращение,corporate
1431,46.7,NSK,46459.49,611.48,mobile,support,2026-05-29,false,0.6278,0,перевод в другой отдел,sme
103487,19.8,MSK,93558.11,1735.63,web,risk,2025-09-10,false,0.2588,0,документы на проверке,sme
103488,25.7,KZN,69425.76,10255.01,mobile,sales,2024-09-04,true,0.5292,0,документы на проверке,sme
103489,42.9,UNKNOWN,,3721.27,mobile,risk,2026-01-30,true,0.2194,0,клиент не отвечает,retail
103490,43.8,NSK,135320.26,4186.65,web,ops,2025-04-21,false,0.5818,0,заявка принята,sme
103491,16.8,UNKNOWN,30786.46,13770.5,partner,risk,2026-04-30,true,0.871,0,документы на проверке,retail
103492,33.4,MSK,,15709.14,offline,risk,2025-05-31,true,0.7384,0,перевод в другой отдел,corporate
1659,58.3,KZN,54226.92,9720.99,web,ops,2026-02-26,false,0.6404,0,,sme
103494,58.3,OTHER_17,53456.1,8347.1,mobile,ops,2026-03-12,false,0.2978,0,клиент не отвечает,sme
103495,46.0,SPB,,7258.9,web,risk,2024-10-20,false,0.6836,0,заявка принята,retail
103496,37.0,UNKNOWN,56708.25,5846.63,mobile,ml,2024-08-10,false,0.5123,0,перевод в другой отдел,sme
103497,43.1,MSK,58570.27,24644.11,web,support,2026-04-23,false,0.693,0,перевод в другой отдел,retail
103498,42.2,NSK,58770.58,10463.79,offline,ops,2026-02-27,true,0.5515,0,заявка принята,sme
103499,46.8,EKB,150140.75,2816.6,web,ml,2025-04-12,true,0.7901,0,повторное обращение,sme
1625,36.0,OTHER_17,28738.43,2210.06,mobile,ops,2025-09-02,true,0.7701,0,документы на проверке,retail
103501,40.6,UNKNOWN,171089.8,3508.32,web,risk,2024-09-21,true,0.6445,0,документы на проверке,retail
103502,18.7,MSK,30180.61,15219.62,partner,ml,2024-11-05,false,0.1636,0,заявка принята,corporate
103503,67.4,UNKNOWN,103417.76,1807.25,web,ops,2026-04-29,false,0.726,0,перевод в другой отдел,corporate
103504,40.0,EKB,258769.87,15249.77,web,sales,2026-04-18,false,0.5575,0,,sme
103505,27.4,UNKNOWN,,4280.15,web,sales,2025-02-11,true,0.5688,0,повторное обращение,sme
103506,30.7,SPB,,10202.28,offline,risk,2025-03-09,false,0.8366,0,,corporate
42,34.9,OTHER_17,160375.9,5028.07,partner,ops,2026-05-09,true,0.2526,0,клиент не отвечает,sme
103508,43.7,MSK,49447.99,3476.84,web,risk,2026-04-19,true,0.6775,0,заявка принята,sme
103509,41.2,KZN,66081.86,5418.77,web,ops,2026-04-06,true,0.2181,0,заявка принята,sme
103510,38.3,SPB,45720.34,4793.69,mobile,ops,2025-08-15,true,0.561,0,,corporate
103511,30.2,EKB,50613.53,4373.81,mobile,growth,2025-11-22,true,0.5482,0,,corporate
103512,34.0,MSK,68268.45,4196.69,web,growth,2025-05-09,false,0.6802,0,клиент не отвечает,corporate
103513,40.4,UNKNOWN,,6875.24,partner,support,2025-10-29,true,0.748,0,клиент не отвечает,corporate
1043,42.8,MSK,64045.03,7034.25,mobile,growth,2026-05-14,false,0.7964,0,перевод в другой отдел,sme
103515,43.5,UNKNOWN,100802.35,10334.51,offline,risk,2025-08-07,false,0.7323,0,повторное обращение,retail
103516,58.3,SPB,,43421.77,mobile,support,2024-08-29,false,0.72,0,документы на проверке,corporate
103517,52.1,EKB,37001.61,11619.19,partner,legal,2025-07-21,false,0.4597,0,клиент не отвечает,sme
103518,37.3,SPB,64446.61,6090.01,web,legal,2026-05-26,true,0.5949,0,повторное обращение,sme
103519,34.8,NSK,58648.78,2390.76,web,support,2025-04-04,false,0.6859,0,клиент не отвечает,retail
103520,56.8,OTHER_17,58705.1,18057.19,mobile,ml,2026-05-15,true,0.8257,0,перевод в другой отдел,sme
134,58.8,SPB,86943.47,20792.49,mobile,sales,2026-02-16,true,0.7966,0,,retail
103522,32.0,OTHER_17,130121.9,3324.21,web,legal,2025-05-16,false,0.5819,0,клиент не отвечает,retail
103523,16.7,OTHER_17,39574.79,986.41,partner,legal,2025-01-15,true,0.6149,0,клиент не отвечает,retail
103524,56.4,OTHER_17,21409.32,29589.05,partner,support,2026-04-02,true,0.3639,0,заявка принята,corporate
103525,69.6,MSK,61292.22,7738.98,offline,risk,2025-06-07,false,0.6379,0,перевод в другой отдел,corporate
103526,23.5,SPB,63828.23,4048.65,web,support,2025-11-22,true,0.4117,0,перевод в другой отдел,corporate
103527,44.3,OTHER_17,77349.76,21798.63,mobile,legal,2025-04-02,true,0.5971,0,повторное обращение,sme
2178,58.3,UNKNOWN,91173.04,1715.53,web,growth,2025-11-14,true,0.4358,0,,retail
103529,35.7,SPB,,19605.25,mobile,sales,2026-06-13,false,0.3557,0,перевод в другой отдел,sme
103530,30.1,OTHER_17,35667.56,4615.07,web,ops,2026-01-17,true,0.6553,0,перевод в другой отдел,corporate
103531,46.9,OTHER_17,86375.99,5741.66,web,ml,2026-03-09,true,0.3818,0,заявка принята,retail
103532,52.0,UNKNOWN,,14530.15,web,support,2024-12-07,false,0.5585,0,заявка принята,retail
103533,64.5,SPB,90580.64,5893.73,mobile,support,2025-01-21,false,0.2287,0,перевод в другой отдел,retail
103534,58.6,MSK,43193.27,4104.27,web,growth,2025-07-16,false,0.5964,0,перевод в другой отдел,retail
2991,45.0,SPB,52585.33,6480.8,mobile,risk,2025-03-20,false,0.3733,0,повторное обращение,retail
103536,55.1,NSK,76432.08,9942.58,partner,risk,2025-02-05,true,0.6552,0,клиент не отвечает,retail
103537,66.8,MSK,,14587.62,web,sales,2025-02-21,true,0.312,0,клиент не отвечает,corporate
103538,25.0,KZN,136485.52,4152.3,mobile,ops,2024-10-18,false,0.6221,0,клиент не отвечает,sme
103539,33.1,OTHER_17,,4760.16,web,ml,2025-11-25,false,0.3931,0,клиент не отвечает,corporate
103540,62.1,UNKNOWN,102898.16,2699.4,offline,ml,2024-10-31,true,0.4425,0,повторное обращение,corporate
103541,47.5,UNKNOWN,29208.57,13602.66,offline,support,2025-04-06,false,0.3289,0,,corporate
829,58.0,MSK,71393.14,1615.34,mobile,ml,2024-10-18,false,0.9498,0,,sme
103543,43.8,NSK,,5582.36,partner,ml,2025-01-14,false,0.9168,0,документы на проверке,retail
103544,35.2,UNKNOWN,33636.23,12579.79,mobile,legal,2025-08-19,true,0.2082,0,перевод в другой отдел,retail
103545,41.8,EKB,69796.61,3673.74,mobile,growth,2026-02-13,true,0.6157,0,заявка принята,retail
103546,56.2,MSK,,14505.99,mobile,support,2025-05-16,false,0.6026,0,клиент не отвечает,retail
103547,42.1,MSK,,22404.5,web,ops,2024-10-09,true,0.4776,0,клиент не отвечает,corporate
103548,22.5,SPB,98359.56,7920.06,mobile,ops,2026-03-23,false,0.3958,0,документы на проверке,sme
1257,49.4,KZN,99389.97,4201.05,web,ops,2026-06-10,true,0.7749,0,документы на проверке,sme
103550,39.9,KZN,40749.64,26505.34,mobile,sales,2025-04-14,false,0.6697,0,заявка принята,retail
103551,26.4,EKB,71368.85,12973.95,offline,support,2025-04-22,true,0.8475,0,документы на проверке,retail
103552,35.9,MSK,26261.9,2019.96,web,growth,2025-11-20,false,0.3513,0,клиент не отвечает,sme
103553,32.2,SPB,116584.61,5899.58,web,risk,2024-07-28,false,0.5991,0,заявка принята,retail
103554,47.7,KZN,,19075.77,mobile,support,2025-09-03,true,0.7011,0,документы на проверке,sme
103555,23.1,OTHER_17,94773.85,6871.21,web,ops,2024-09-05,true,0.7236,0,перевод в другой отдел,sme
729,65.3,SPB,,2333.35,mobile,ml,2025-06-15,false,0.4413,0,,sme
103557,64.2,SPB,105475.85,18904.69,web,risk,2024-12-06,false,0.5569,0,перевод в другой отдел,sme
103558,61.5,NSK,70315.08,15730.6,partner,growth,2024-12-18,false,0.8542,0,клиент не отвечает,sme
103559,24.1,EKB,184601.65,3197.81,mobile,support,2025-09-11,false,0.4095,0,документы на проверке,corporate
103560,57.7,SPB,35916.32,10263.77,mobile,sales,2025-07-22,false,0.5483,0,повторное обращение,retail
103561,58.7,MSK,85233.21,1390.64,partner,growth,2025-10-26,true,0.419,0,перевод в другой отдел,retail
103562,65.0,SPB,27677.81,7566.38,web,legal,2024-09-08,false,0.4325,0,перевод в другой отдел,retail
416,37.9,OTHER_17,101667.85,3276.28,offline,sales,2025-04-13,false,0.2491,0,перевод в другой отдел,retail
103564,9.1,MSK,27332.09,3487.6,mobile,support,2026-04-13,true,0.6053,0,перевод в другой отдел,retail
103565,39.5,MSK,29351.07,7581.12,offline,sales,2026-05-03,false,0.3696,0,повторное обращение,retail
103566,44.4,NSK,53524.24,17204.21,partner,growth,2025-04-10,false,0.3142,0,,sme
103567,51.9,MSK,38601.26,5253.53,web,risk,2025-03-19,false,0.734,0,документы на проверке,retail
103568,21.9,EKB,116413.12,75869.11,web,support,2026-06-15,true,0.7736,0,перевод в другой отдел,sme
103569,53.6,MSK,56746.68,10443.5,offline,legal,2025-01-19,false,0.4085,0,,retail
2569,40.8,KZN,93812.1,17158.92,web,sales,2024-11-13,true,0.3066,0,документы на проверке,corporate
103571,36.7,KZN,32150.12,2160.71,mobile,ops,2024-11-28,false,0.6351,0,документы на проверке,sme
103572,32.8,KZN,35608.94,5574.11,offline,growth,2025-07-08,false,0.8957,0,документы на проверке,corporate
103573,32.2,MSK,53978.4,12746.94,offline,legal,2025-06-29,true,0.2927,0,документы на проверке,retail
103574,43.5,OTHER_17,,2292.02,web,risk,2026-04-21,false,0.5171,0,документы на проверке,corporate
103575,17.0,EKB,121114.18,2319.08,web,ml,2025-09-02,true,0.6009,0,заявка принята,retail
103576,67.8,OTHER_17,28311.18,2348.16,partner,support,2025-05-27,false,0.4072,0,,retail
1275,37.7,SPB,48371.79,20765.79,web,ops,2025-03-13,true,0.2941,0,заявка принята,retail
103578,33.5,MSK,113528.54,5870.95,web,sales,2025-07-04,true,0.8742,0,документы на проверке,sme
103579,43.8,MSK,,1152.36,offline,ml,2026-01-07,true,0.6761,0,повторное обращение,corporate
103580,60.0,MSK,,8384.26,mobile,growth,2024-12-11,true,0.4156,0,,corporate
103581,40.1,SPB,133495.8,4186.14,web,ops,2026-03-16,true,0.7669,0,документы на проверке,corporate
103582,44.1,KZN,33691.45,6503.57,web,risk,2025-01-22,false,0.5674,0,клиент не отвечает,retail
103583,49.6,UNKNOWN,37616.2,9967.82,mobile,sales,2026-04-19,false,0.5145,0,перевод в другой отдел,sme
1091,42.3,UNKNOWN,,5521.27,web,risk,2026-04-26,true,0.5853,0,,retail
103585,36.8,MSK,66732.08,17556.24,web,growth,2025-03-16,false,0.6151,0,документы на проверке,sme
103586,39.6,MSK,56570.59,2540.85,web,ops,2024-12-01,false,0.5517,0,повторное обращение,retail
103587,24.0,MSK,52700.61,10047.63,web,risk,2024-09-05,false,0.4288,0,,sme
103588,33.0,EKB,,5041.98,web,support,2026-02-02,false,0.342,0,заявка принята,retail
103589,70.0,EKB,43880.32,2981.29,mobile,ml,2025-12-09,true,0.6141,0,клиент не отвечает,retail
103590,36.0,UNKNOWN,,7121.92,web,risk,2026-03-27,true,0.2825,0,,corporate
1776,41.1,KZN,32407.69,153912.33,mobile,support,2024-08-02,false,0.2593,0,,corporate
103592,39.6,KZN,40834.98,3444.53,mobile,ml,2026-03-04,false,0.725,0,,sme
103593,36.3,NSK,55919.09,52507.3,offline,support,2025-12-19,false,0.7646,0,заявка принята,corporate
103594,64.0,MSK,125311.29,17986.62,partner,ops,2024-10-14,false,0.5922,0,клиент не отвечает,corporate
103595,40.1,OTHER_17,,3952.8,web,sales,2025-12-10,false,0.706,0,клиент не отвечает,corporate
103596,46.3,MSK,184618.41,11071.44,mobile,growth,2026-05-18,true,0.4531,0,перевод в другой отдел,sme
103597,44.9,SPB,118213.29,29237.52,mobile,risk,2024-09-13,true,0.2092,0,клиент не отвечает,sme
576,35.4,EKB,,29152.9,mobile,legal,2025-01-22,false,0.4133,0,перевод в другой отдел,retail
103599,44.0,MSK,40266.55,2426.17,web,growth,2026-05-07,true,0.377,0,клиент не отвечает,corporate
103600,20.4,EKB,,38691.28,partner,support,2024-12-17,false,0.8458,0,клиент не отвечает,corporate
103601,43.1,EKB,30376.79,10112.27,web,sales,2024-07-21,false,0.1683,0,повторное обращение,retail
103602,44.6,UNKNOWN,51509.45,8174.69,web,ops,2025-01-16,false,0.752,0,,retail
103603,44.7,UNKNOWN,63773.85,14312.53,web,support,2026-04-08,false,0.6367,0,перевод в другой отдел,sme
103604,37.2,UNKNOWN,,7818.82,partner,risk,2025-10-23,true,0.6841,0,клиент не отвечает,retail
335,61.2,UNKNOWN,75880.47,25125.32,offline,ops,2026-01-17,false,0.3195,0,клиент не отвечает,retail
103606,11.9,SPB,,11628.62,web,ops,2025-08-09,false,0.5223,0,повторное обращение,corporate
103607,34.8,UNKNOWN,38600.68,4825.17,web,sales,2025-11-27,true,0.7509,0,заявка принята,retail
103608,47.6,MSK,,9691.19,web,legal,2025-07-14,true,0.4558,0,клиент не отвечает,corporate
103609,43.3,UNKNOWN,,14160.54,partner,support,2025-04-27,true,0.525,0,заявка принята,corporate
103610,37.0,UNKNOWN,119092.94,5035.54,partner,legal,2024-08-28,false,0.6837,0,повторное обращение,retail
103611,31.0,SPB,,19832.95,partner,growth,2026-05-01,true,0.9446,0,заявка принята,retail
1249,47.5,SPB,29774.27,2506.53,web,ml,2025-06-19,true,0.5244,0,клиент не отвечает,retail
103613,52.9,OTHER_17,39664.0,20821.85,web,support,2025-09-17,false,0.7676,0,,corporate
103614,51.4,MSK,93145.76,4756.33,mobile,ops,2026-01-29,false,0.752,0,документы на проверке,retail
103615,50.3,SPB,102803.98,6669.11,web,risk,2025-01-11,false,0.6433,0,перевод в другой отдел,retail
103616,47.1,SPB,38803.02,9039.81,mobile,growth,2024-10-26,false,0.2261,0,перевод в другой отдел,retail
103617,42.6,UNKNOWN,285517.76,2095.23,mobile,legal,2025-06-28,true,0.486,0,перевод в другой отдел,sme
103618,27.7,KZN,72477.06,6191.18,web,ml,2026-03-28,false,0.9087,0,заявка принята,sme
337,37.5,MSK,40481.83,18548.86,web,ops,2024-12-28,false,0.3752,0,,sme
103620,39.4,MSK,39815.85,1243.94,web,risk,2026-05-20,false,0.8407,0,повторное обращение,corporate
103621,48.4,KZN,18631.38,17427.38,mobile,growth,2025-05-27,false,0.5649,0,перевод в другой отдел,sme
103622,40.1,SPB,,5719.85,mobile,ml,2025-02-23,true,0.4494,0,документы на проверке,retail
103623,61.6,SPB,33782.65,5588.1,mobile,support,2026-05-06,false,0.7321,0,повторное обращение,corporate
103624,41.6,SPB,,6137.96,mobile,ml,2024-08-20,true,0.72,0,,corporate
103625,56.9,NSK,79466.64,13819.29,partner,legal,2025-06-15,false,0.5257,0,документы на проверке,sme
2771,56.5,SPB,72823.28,12905.29,web,ml,2025-06-21,false,0.9393,0,повторное обращение,corporate
103627,57.7,KZN,65603.73,5620.37,offline,ops,2024-08-19,false,0.4494,0,клиент не отвечает,retail
103628,39.5,NSK,,18433.38,web,legal,2026-05-06,true,0.4922,0,документы на проверке,retail
103629,42.0,UNKNOWN,,3286.71,mobile,ops,2025-03-08,false,0.4517,0,повторное обращение,corporate
103630,29.7,MSK,,621.58,web,risk,2024-09-05,true,0.6553,0,повторное обращение,sme
103631,24.8,SPB,55414.84,9917.32,offline,ml,2025-07-31,false,0.8374,0,повторное обращение,retail
103632,63.8,SPB,138102.19,2689.61,mobile,growth,2025-07-27,false,0.7896,0,клиент не отвечает,corporate
2189,34.3,UNKNOWN,369160.62,3269.79,mobile,ops,2025-10-02,true,0.4566,0,заявка принята,retail
103634,34.9,NSK,104596.45,2464.23,web,sales,2025-04-15,true,0.4171,0,документы на проверке,sme
103635,38.6,EKB,,4561.35,partner,risk,2025-12-01,true,0.5469,0,документы на проверке,corporate
103636,49.2,UNKNOWN,53876.08,1809.77,partner,risk,2025-03-04,true,0.7117,0,заявка принята,corporate
103637,47.0,MSK,283715.18,12211.45,partner,legal,2024-08-31,true,0.6494,0,клиент не отвечает,retail
103638,53.4,EKB,65436.11,24371.73,web,sales,2026-05-22,false,0.7072,0,заявка принята,corporate
103639,35.1,MSK,65893.19,5494.56,mobile,growth,2024-10-15,false,0.4114,0,документы на проверке,sme
2948,39.8,EKB,47778.65,7984.33,web,ml,2025-10-27,true,0.5471,0,заявка принята,corporate
103641,35.1,MSK,67382.84,55136.29,mobile,legal,2026-05-06,false,0.947,0,,sme
103642,59.0,KZN,140155.06,5236.73,offline,ml,2025-03-22,false,0.6846,0,,sme
103643,58.6,KZN,84122.52,17685.67,web,ml,2025-11-26,false,0.682,0,повторное обращение,corporate
103644,27.8,UNKNOWN,29928.69,2750.81,offline,sales,2024-10-08,true,0.2584,0,документы на проверке,retail
103645,47.1,UNKNOWN,60148.96,17886.58,mobile,growth,2025-05-21,true,0.8274,0,перевод в другой отдел,sme
103646,36.4,NSK,31525.25,6155.75,mobile,legal,2025-08-14,true,0.8885,0,перевод в другой отдел,retail
19,51.6,SPB,86400.24,2902.57,partner,ml,2025-02-17,true,0.5622,0,повторное обращение,retail
103648,44.8,NSK,61861.91,6608.59,web,support,2025-05-17,true,0.6033,0,повторное обращение,corporate
103649,22.7,SPB,36995.96,5077.83,web,growth,2026-05-02,false,0.2887,0,клиент не отвечает,sme
103650,45.5,MSK,50654.71,8991.89,web,support,2025-09-01,false,0.0623,0,документы на проверке,retail
103651,28.9,SPB,59021.53,6574.26,web,ml,2025-12-18,false,0.4871,0,повторное обращение,corporate
103652,18.8,NSK,77057.0,28519.93,offline,support,2025-11-20,true,0.9585,0,клиент не отвечает,corporate
103653,35.4,SPB,,20122.79,web,ops,2024-10-07,true,0.6136,0,клиент не отвечает,retail
2536,44.1,NSK,35988.75,19601.73,web,legal,2025-01-15,false,0.6996,0,документы на проверке,sme
103655,29.8,SPB,51934.84,3651.21,mobile,sales,2025-05-17,false,0.7165,0,повторное обращение,corporate
103656,37.7,NSK,,18599.88,mobile,sales,2025-02-19,false,0.2993,0,клиент не отвечает,corporate
103657,35.6,MSK,54053.58,2259.6,mobile,support,2025-11-11,false,0.3722,0,клиент не отвечает,corporate
103658,39.4,SPB,78326.91,32290.43,mobile,sales,2025-03-08,false,0.4408,0,клиент не отвечает,sme
103659,26.9,MSK,229382.9,4811.37,mobile,sales,2026-04-09,false,0.3424,0,перевод в другой отдел,retail
103660,24.5,EKB,38087.55,5285.42,web,growth,2025-09-02,true,0.6881,0,документы на проверке,retail
2678,38.1,UNKNOWN,70427.43,15404.41,web,ops,2024-11-02,false,0.587,0,документы на проверке,retail
103662,36.5,NSK,,6360.0,web,support,2026-03-05,true,0.4379,0,перевод в другой отдел,sme
103663,36.7,MSK,88881.08,13691.99,web,legal,2026-04-10,true,0.6909,0,клиент не отвечает,corporate
103664,15.2,NSK,17811.11,1388.58,mobile,ml,2025-04-04,false,0.7285,0,заявка принята,retail
103665,48.7,NSK,80810.48,28266.94,mobile,risk,2025-07-07,false,0.3987,0,перевод в другой отдел,retail
103666,39.8,NSK,,7172.49,web,legal,2024-08-01,true,0.4546,0,,corporate
103667,34.2,MSK,83736.77,4643.93,partner,support,2024-09-29,true,0.3324,0,повторное обращение,sme
2199,6.2,MSK,22307.51,2790.09,mobile,ml,2025-09-13,false,0.5442,0,документы на проверке,retail
103669,22.1,EKB,,2909.91,web,ml,2025-08-03,true,0.3859,0,заявка принята,corporate
103670,40.0,SPB,51540.94,10049.71,web,support,2025-11-17,false,0.2823,0,документы на проверке,retail
103671,26.0,MSK,48938.44,7234.82,partner,ml,2025-10-30,true,0.512,0,повторное обращение,retail
103672,54.2,KZN,147236.46,13936.18,offline,ml,2026-02-11,false,0.7478,0,повторное обращение,corporate
103673,58.1,EKB,,10571.48,partner,legal,2024-11-09,false,0.7845,0,документы на проверке,retail
103674,26.0,NSK,108294.97,1183.93,web,risk,2024-12-12,true,0.7326,0,перевод в другой отдел,retail
2676,58.6,SPB,44291.82,13045.34,web,sales,2024-11-14,true,0.9164,0,,retail
103676,50.8,UNKNOWN,94371.24,5350.91,mobile,legal,2025-01-10,true,0.4232,0,документы на проверке,corporate
103677,44.8,KZN,52315.35,3725.02,partner,ops,2025-06-01,false,0.3922,0,клиент не отвечает,retail
103678,34.8,OTHER_17,,84460.4,partner,ml,2025-10-13,false,0.2499,0,,sme
103679,27.5,OTHER_17,,10731.78,web,legal,2024-12-13,false,0.3778,0,,corporate
