client_id,age,region,income,transaction_amount,channel,department,signup_date,is_active,score,legacy_flag,comment
1,36,MSK,112127.62,3982.05,mobile,support,2025-06-01,true,0.4789,0,
2,29,MSK,142773.21,3430.26,web,risk,2024-04-04,false,0.3274,0,перевод в другой отдел
3,20,EKB,115036.8,6759.21,web,risk,2024-03-12,true,0.3119,0,перевод в другой отдел
4,61,KZN,47056.25,2168.73,mobile,risk,2025-09-15,true,0.4772,0,повторное обращение
5,28,ROV,41943.39,3845.82,mobile,risk,2025-11-02,false,0.5435,0,повторное обращение
6,37,NSK,121794.27,3726.21,partner,support,2024-04-03,true,0.6449,1,повторное обращение
7,23,SPB,141985.43,11518.65,web,risk,2024-04-24,true,0.281,1,клиент не отвечает
8,57,EKB,94505.71,1051.94,partner,support,2025-01-17,true,0.5159,0,документы на проверке
9,36,ROV,90293.91,4356.15,mobile,support,2025-11-06,true,0.5419,0,перевод в другой отдел
10,21,ROV,121298.81,7232.04,mobile,risk,2025-06-13,true,0.4675,1,повторное обращение
11,40,NSK,32850.1,4568.44,web,ops,2025-07-06,false,0.5245,0,повторное обращение
12,42,MSK,54035.6,3762.94,mobile,sales,2025-02-16,true,0.1909,0,повторное обращение
13,43,MSK,46378.9,7005.91,web,sales,2024-08-30,false,0.7183,0,клиент не отвечает
14,40,MSK,93629.38,374.04,web,ops,2024-07-13,true,0.6875,0,документы на проверке
15,37,SPB,46770.94,4653.13,mobile,sales,2024-03-11,true,0.4464,0,клиент не отвечает
16,56,MSK,71418.92,5656.9,mobile,risk,2025-11-16,true,0.7688,0,перевод в другой отдел
17,23,MSK,75579.35,2602.54,web,risk,2024-09-07,true,0.6736,0,клиент не отвечает
18,47,NSK,88276.35,1329.93,web,risk,2025-09-11,false,0.2673,1,повторное обращение
19,29,SPB,117590.87,1739.11,mobile,support,2024-06-14,false,0.1844,1,документы на проверке
20,42,KZN,75843.25,5079.27,web,support,2024-11-11,true,0.5143,0,перевод в другой отдел
21,40,MSK,104303.6,5409.28,partner,support,2024-06-30,true,0.6421,0,повторное обращение
22,37,ROV,23371.17,8374.32,partner,ops,2024-11-08,true,0.3488,1,повторное обращение
23,45,SPB,104354.38,6145.33,partner,risk,2024-04-28,false,0.5275,0,повторное обращение
24,18,MSK,32216.58,3704.14,web,support,2025-03-17,false,0.2598,1,документы на проверке
25,28,EKB,45409.84,3676.9,mobile,support,2025-03-06,false,0.8316,0,
26,37,NSK,90329.15,694.67,mobile,risk,2025-03-28,true,0.3987,1,документы на проверке
27,18,KZN,28709.7,5851.42,partner,support,2024-08-18,true,0.5749,1,заявка принята
28,71,NSK,42793.31,6429.96,web,ops,2025-02-13,true,0.6581,1,заявка принята
29,39,KZN,55898.7,1737.22,partner,risk,2025-09-19,false,0.3855,1,документы на проверке
30,31,KZN,230642.87,1124.77,mobile,ops,2024-10-08,false,0.5453,0,повторное обращение
31,36,NSK,28192.44,6019.38,mobile,ops,2025-07-09,true,0.6665,1,повторное обращение
32,43,EKB,67787.54,10575.8,mobile,ops,2025-07-05,true,0.3549,1,клиент не отвечает
33,40,MSK,77494.19,1875.99,mobile,support,2025-02-07,true,0.699,0,заявка принята
34,33,SPB,52494.16,1643.74,web,ops,2025-03-07,true,0.434,1,клиент не отвечает
35,52,ROV,107871.97,10377.92,mobile,support,2024-01-21,true,0.5372,0,повторное обращение
36,32,ROV,42989.0,17130.88,mobile,support,2024-04-20,false,0.5247,1,документы на проверке
37,24,SPB,67611.12,5201.94,mobile,sales,2025-06-29,false,0.1029,1,заявка принята
38,27,KZN,118060.78,7361.37,mobile,risk,2025-04-21,false,0.5038,1,перевод в другой отдел
39,51,MSK,39718.04,5675.03,web,sales,2024-11-28,true,0.2377,1,перевод в другой отдел
40,41,KZN,86604.94,13977.29,web,ops,2024-01-18,true,0.3532,1,клиент не отвечает
41,34,NSK,62703.26,7364.07,web,ops,2024-11-09,true,0.3663,1,
42,40,NSK,42419.25,4110.34,web,risk,2024-07-17,false,0.595,0,повторное обращение
43,31,MSK,34898.19,6545.92,mobile,sales,2025-04-25,false,0.7773,1,повторное обращение
44,46,KZN,28751.45,6229.97,offline,support,2025-07-30,true,0.4805,0,повторное обращение
45,53,NSK,36576.43,3936.83,mobile,ops,2025-08-05,true,0.7173,1,повторное обращение
46,31,MSK,63125.08,2968.5,web,ops,2024-02-03,false,0.4099,1,
47,40,MSK,110085.09,7479.65,web,sales,2025-10-25,false,0.4566,0,повторное обращение
48,44,SPB,65084.84,848.96,mobile,ops,2025-05-27,false,0.557,1,заявка принята
49,18,EKB,174881.4,5024.61,mobile,risk,2024-06-28,false,0.2918,0,перевод в другой отдел
50,44,NSK,34971.03,2222.69,mobile,support,2025-02-25,false,0.727,1,
51,58,NSK,47329.87,13134.83,web,sales,2025-02-27,false,0.3986,1,документы на проверке
52,38,EKB,107336.03,3356.11,mobile,sales,2025-10-07,true,0.258,0,
53,46,NSK,57672.17,11033.91,partner,risk,2025-03-01,false,0.701,1,повторное обращение
54,31,MSK,76470.39,9291.32,mobile,risk,2024-10-16,false,0.537,0,повторное обращение
55,24,SPB,12474.57,2487.52,mobile,ops,2024-11-21,false,0.5783,0,клиент не отвечает
56,59,NSK,108830.34,1889.38,partner,ops,2024-12-02,false,0.4868,0,перевод в другой отдел
57,20,SPB,68299.86,6343.15,offline,support,2025-03-20,true,0.241,0,клиент не отвечает
58,43,MSK,33074.28,3921.14,web,ops,2024-06-23,false,0.6414,0,документы на проверке
59,32,NSK,74524.32,42831.83,mobile,ops,2025-11-24,true,0.3171,1,клиент не отвечает
60,71,MSK,80865.52,3449.59,offline,risk,2024-01-23,false,0.33,1,перевод в другой отдел
61,61,EKB,81407.03,7559.63,partner,support,2025-11-25,true,0.5283,1,
62,51,MSK,31882.17,2960.55,partner,support,2025-07-06,false,0.655,0,документы на проверке
63,28,MSK,15431.49,9753.0,partner,sales,2024-08-19,false,0.5084,0,документы на проверке
64,23,MSK,53181.19,7858.37,web,risk,2025-11-22,true,0.7478,0,документы на проверке
65,49,ROV,99035.01,3841.79,web,sales,2025-05-19,true,0.3563,1,документы на проверке
66,46,EKB,115677.45,6589.7,mobile,ops,2025-05-16,false,0.659,0,заявка принята
67,34,SPB,18815.04,5494.89,offline,risk,2024-05-05,false,0.3928,0,заявка принята
68,29,NSK,82885.39,1367.77,web,sales,2025-08-23,true,0.2899,0,перевод в другой отдел
69,41,NSK,71054.65,2023.53,web,support,2024-01-17,true,0.1964,1,повторное обращение
70,37,EKB,97725.42,1508.11,mobile,sales,2025-04-14,true,0.2903,1,заявка принята
71,61,SPB,83068.63,9979.99,web,support,2024-05-09,false,0.5069,0,клиент не отвечает
72,52,SPB,142468.84,16685.4,partner,support,2025-04-07,false,0.5025,1,перевод в другой отдел
73,43,EKB,48251.34,4277.57,web,sales,2025-03-18,false,0.3495,0,повторное обращение
74,23,NSK,36268.6,11033.61,web,sales,2025-09-06,true,0.427,1,документы на проверке
75,31,SPB,44813.37,2137.46,offline,support,2025-07-28,true,0.5051,1,документы на проверке
76,58,MSK,77003.94,14335.14,mobile,ops,2024-05-25,true,0.3641,0,заявка принята
77,37,SPB,40120.11,10707.0,web,sales,2024-06-08,true,0.3847,0,
78,49,SPB,54511.18,4563.64,mobile,sales,2025-11-25,false,0.6055,1,документы на проверке
79,36,SPB,44932.11,2698.92,web,sales,2025-03-16,false,0.4624,1,документы на проверке
80,33,KZN,69726.01,7286.38,offline,sales,2024-01-22,true,0.3069,1,документы на проверке
81,20,SPB,32889.79,3834.19,web,risk,2024-08-14,true,0.5783,1,заявка принята
82,32,SPB,37275.07,2910.12,web,support,2025-09-08,true,0.5042,0,повторное обращение
83,54,SPB,74144.59,19315.86,mobile,risk,2024-06-03,false,0.4337,1,клиент не отвечает
84,23,NSK,30376.75,1627.36,partner,risk,2025-10-22,true,0.274,0,документы на проверке
85,28,NSK,135825.83,1505.34,web,support,2025-04-06,false,0.4112,0,
86,52,MSK,69429.64,11342.81,mobile,risk,2025-10-08,true,0.6411,0,перевод в другой отдел
87,52,MSK,251173.19,9590.03,offline,support,2024-11-13,false,0.6617,1,повторное обращение
88,18,SPB,140523.06,12602.96,web,sales,2025-06-04,false,0.2713,1,перевод в другой отдел
89,41,ROV,45616.47,1708.67,web,support,2024-06-06,true,0.6232,1,
90,26,EKB,55997.57,8258.27,offline,support,2025-04-25,true,0.5807,1,перевод в другой отдел
91,31,SPB,96753.28,3892.39,web,support,2024-09-13,false,0.2993,0,перевод в другой отдел
92,32,KZN,27493.48,1881.12,offline,support,2024-12-23,false,0.4819,1,заявка принята
93,28,SPB,42327.79,3412.8,mobile,sales,2025-04-28,true,0.6155,1,
94,21,ROV,,2810.59,web,ops,2024-10-22,true,0.558,0,заявка принята
95,39,NSK,106659.83,5087.0,mobile,support,2024-10-25,false,0.7663,0,повторное обращение
96,31,EKB,71469.94,4494.81,web,ops,2025-10-12,false,0.4602,0,перевод в другой отдел
97,37,MSK,69587.74,7058.34,mobile,support,2024-12-26,true,0.3408,0,
98,19,NSK,56875.66,30976.83,partner,ops,2024-02-07,true,0.5712,1,перевод в другой отдел
99,24,KZN,35965.45,10753.94,web,support,2025-05-24,false,0.7554,1,заявка принята
100,37,NSK,63415.56,2279.47,web,ops,2025-03-30,true,0.4378,0,
101,45,ROV,21903.65,1731.7,partner,support,2024-05-26,false,0.3877,0,заявка принята
102,44,NSK,34877.19,3234.16,web,sales,2025-06-26,false,0.6041,0,
103,32,MSK,71400.12,6352.01,web,risk,2024-07-23,true,0.9602,1,клиент не отвечает
104,46,ROV,98287.51,4898.54,web,risk,2025-10-15,false,0.7616,0,документы на проверке
105,43,KZN,59395.67,5357.48,web,support,2024-03-08,false,1.0254,0,документы на проверке
106,27,NSK,50537.99,4035.33,mobile,support,2024-05-12,true,0.6082,0,заявка принята
107,27,MSK,61245.21,2166.45,web,risk,2025-10-02,true,0.4926,0,документы на проверке
108,27,NSK,177999.85,7374.82,mobile,support,2025-09-24,false,0.3234,1,
109,21,SPB,93329.92,3623.69,mobile,support,2025-03-01,true,0.4371,1,перевод в другой отдел
110,29,EKB,36201.13,5035.49,mobile,ops,2024-09-30,true,0.4132,0,заявка принята
111,65,KZN,75668.7,3051.44,offline,ops,2024-04-02,false,0.6457,0,повторное обращение
112,40,MSK,154595.22,4076.0,partner,sales,2024-05-17,false,0.6739,1,клиент не отвечает
113,29,NSK,62898.4,4558.69,offline,risk,2024-05-11,false,0.6459,0,перевод в другой отдел
114,41,ROV,35388.1,4447.56,mobile,support,2025-04-30,true,0.3527,1,документы на проверке
115,43,ROV,47125.72,14148.02,partner,ops,2025-05-01,false,0.4485,1,перевод в другой отдел
116,22,NSK,111252.51,1291.49,mobile,support,2025-08-20,false,0.0634,0,повторное обращение
117,41,NSK,37253.0,3677.98,partner,support,2025-05-28,false,0.3893,1,
118,35,SPB,55597.4,5409.59,offline,risk,2024-07-15,false,0.2313,1,документы на проверке
119,29,ROV,105598.13,4319.9,mobile,risk,2024-05-04,false,0.9191,1,клиент не отвечает
120,50,KZN,31658.17,3046.87,web,risk,2024-08-07,false,0.103,1,документы на проверке
121,35,NSK,30666.06,5002.37,web,sales,2025-02-27,false,0.4177,0,заявка принята
122,35,ROV,25711.95,12044.85,web,support,2024-11-24,true,0.4211,1,заявка принята
123,32,EKB,38803.75,800.14,web,risk,2024-01-10,true,0.403,0,перевод в другой отдел
124,30,NSK,57873.63,2357.23,web,ops,2024-07-09,false,1.0384,1,перевод в другой отдел
125,19,MSK,60739.66,5913.2,offline,support,2024-11-27,true,0.3849,1,перевод в другой отдел
126,28,MSK,70657.59,2667.85,web,support,2025-11-14,false,0.6408,0,повторное обращение
127,26,KZN,49826.07,9997.83,mobile,support,2024-05-16,false,0.6291,0,
128,49,EKB,182562.98,29041.45,mobile,sales,2025-06-24,true,0.4978,1,документы на проверке
129,55,ROV,62170.68,10631.99,partner,support,2024-04-03,false,0.7292,1,заявка принята
130,24,SPB,50658.81,7385.68,web,sales,2025-08-15,false,0.5723,0,перевод в другой отдел
131,33,MSK,131908.28,3114.0,offline,support,2025-01-18,false,0.2961,1,клиент не отвечает
132,55,SPB,80921.67,6142.99,web,support,2025-06-25,true,0.2235,1,заявка принята
133,39,SPB,53914.47,2235.32,offline,support,2024-07-12,true,0.0116,1,заявка принята
134,42,EKB,79434.21,3732.43,mobile,support,2024-05-23,false,0.3353,0,повторное обращение
135,45,SPB,74447.38,3237.13,web,support,2024-11-03,true,0.2427,1,
136,31,MSK,73031.51,4966.9,web,ops,2024-11-03,false,0.3033,0,повторное обращение
137,43,EKB,134986.62,2291.0,web,support,2025-10-24,false,0.3865,1,перевод в другой отдел
138,54,MSK,87130.68,8363.32,partner,support,2024-08-01,false,0.6686,1,перевод в другой отдел
139,40,ROV,58461.74,5324.74,web,support,2024-10-16,false,0.5016,1,перевод в другой отдел
140,36,SPB,130382.58,3285.34,web,support,2024-01-17,false,0.7253,0,перевод в другой отдел
141,44,SPB,59770.37,6257.82,web,ops,2025-04-16,false,0.6417,1,повторное обращение
142,47,MSK,68024.52,1156.1,web,sales,2024-01-10,false,0.6844,0,перевод в другой отдел
143,53,ROV,62751.53,4763.61,offline,ops,2024-04-19,true,0.6051,0,повторное обращение
144,43,KZN,51996.83,3306.07,partner,support,2025-12-01,true,0.7156,1,
145,55,MSK,48968.39,8363.04,mobile,sales,2025-03-20,false,0.4964,1,документы на проверке
146,70,KZN,87616.81,6321.61,web,sales,2024-11-18,true,0.441,0,документы на проверке
147,51,KZN,40341.89,8167.95,partner,risk,2024-05-23,true,0.7726,1,документы на проверке
148,37,MSK,23834.92,6544.86,web,risk,2025-10-11,false,0.3442,0,клиент не отвечает
149,40,SPB,67428.38,7556.12,web,support,2024-03-25,false,0.7363,0,
150,39,SPB,49088.04,3590.98,web,ops,2024-01-27,true,0.4082,0,документы на проверке
151,29,SPB,53898.21,2138.22,web,support,2024-11-04,true,0.4179,1,заявка принята
152,42,MSK,87186.45,5975.04,offline,support,2024-01-07,false,0.6355,1,документы на проверке
153,20,SPB,132622.39,5351.77,web,support,2024-11-17,false,0.7555,1,перевод в другой отдел
154,33,SPB,42019.94,9095.32,offline,sales,2025-08-29,true,0.778,0,
155,38,EKB,17482.93,5859.28,mobile,risk,2024-09-15,false,0.4682,0,клиент не отвечает
156,70,SPB,64295.85,7915.18,partner,risk,2024-04-21,false,0.7568,0,повторное обращение
157,35,ROV,42270.59,13660.04,web,sales,2024-09-21,true,0.4668,0,клиент не отвечает
158,28,EKB,58631.36,23981.64,mobile,risk,2024-12-17,true,0.6527,1,документы на проверке
159,24,SPB,47954.7,7194.49,partner,risk,2025-11-24,true,0.5319,0,документы на проверке
160,41,NSK,40676.54,1333.33,mobile,ops,2024-01-30,true,0.6046,1,клиент не отвечает
161,28,EKB,185641.07,8332.39,web,risk,2025-04-13,false,0.4122,0,документы на проверке
162,48,SPB,35931.41,4146.87,web,risk,2025-11-19,true,0.4768,0,повторное обращение
163,35,EKB,55196.42,3655.51,web,support,2025-05-16,true,0.6176,0,перевод в другой отдел
164,47,KZN,58900.07,3092.39,mobile,ops,2025-05-18,false,0.3004,1,клиент не отвечает
165,45,KZN,26193.31,6608.6,web,ops,2025-08-09,false,0.7117,0,документы на проверке
166,39,EKB,186954.21,4000.18,partner,sales,2024-04-30,true,0.4629,1,повторное обращение
167,43,SPB,68634.51,2382.57,web,support,2025-08-06,false,0.2875,0,документы на проверке
168,27,EKB,28453.18,29436.87,mobile,ops,2024-05-25,false,0.4716,1,
169,26,NSK,29127.62,18172.12,partner,ops,2024-03-05,false,0.6113,1,повторное обращение
170,59,SPB,39733.44,12841.85,mobile,sales,2024-06-10,true,0.4432,0,клиент не отвечает
171,43,MSK,34160.36,2577.67,mobile,support,2025-02-09,true,0.7727,0,клиент не отвечает
172,27,MSK,39848.87,19298.25,web,ops,2025-05-04,false,0.2773,0,заявка принята
173,37,SPB,76918.61,4638.88,mobile,support,2024-12-25,true,0.4269,1,клиент не отвечает
174,28,MSK,42101.81,7235.8,web,ops,2024-05-23,true,0.3804,1,повторное обращение
175,22,NSK,175278.07,6071.15,mobile,support,2024-10-29,true,0.4298,1,клиент не отвечает
176,31,NSK,50296.51,1695.15,mobile,ops,2025-07-13,false,0.5979,1,заявка принята
177,42,MSK,60795.21,4458.03,mobile,ops,2025-10-17,true,0.517,0,перевод в другой отдел
178,42,ROV,38596.93,7339.42,mobile,sales,2025-03-23,true,0.5466,1,заявка принята
179,38,MSK,70576.89,2876.18,web,risk,2025-01-15,false,0.9191,0,
180,53,MSK,48584.91,8851.26,mobile,sales,2025-04-11,true,0.3076,1,клиент не отвечает
181,42,MSK,169020.21,428.31,partner,support,2025-07-20,false,0.4259,0,повторное обращение
182,32,EKB,33614.32,4575.93,offline,support,2025-06-12,false,0.6781,0,заявка принята
183,55,EKB,31161.19,3449.73,web,risk,2025-04-20,false,0.258,0,повторное обращение
184,36,KZN,66031.38,1738.45,web,ops,2024-04-16,true,0.285,1,клиент не отвечает
185,33,ROV,121734.77,6899.97,web,sales,2025-06-01,false,0.5132,0,заявка принята
186,34,EKB,18059.26,11651.64,web,risk,2025-04-08,true,0.4748,1,повторное обращение
187,51,MSK,56214.84,1976.09,mobile,support,2024-11-11,true,0.743,1,заявка принята
188,48,KZN,50892.05,2600.99,partner,sales,2024-09-23,true,0.7391,1,заявка принята
189,60,NSK,79766.54,2764.7,offline,ops,2025-10-07,true,0.4052,1,документы на проверке
190,18,MSK,28786.38,7097.42,offline,risk,2024-02-13,true,0.3029,0,повторное обращение
191,49,EKB,50239.27,499.67,partner,risk,2025-04-01,true,0.422,1,документы на проверке
192,31,MSK,62711.64,3132.8,offline,support,2025-10-07,true,0.418,0,клиент не отвечает
193,40,NSK,121949.69,3689.43,partner,risk,2024-01-31,false,0.3436,0,заявка принята
194,42,SPB,45580.38,2818.57,partner,sales,2025-08-12,false,0.3203,0,перевод в другой отдел
195,72,MSK,32988.82,2766.91,offline,risk,2025-07-30,false,0.2898,0,документы на проверке
196,32,MSK,35978.14,2776.08,web,support,2024-03-01,true,0.7048,1,заявка принята
197,51,ROV,112102.89,2030.03,partner,support,2025-03-23,false,0.2163,0,
198,30,NSK,69678.49,15129.24,web,ops,2024-10-28,true,0.7673,1,
199,49,ROV,34507.93,6917.99,partner,risk,2025-10-13,true,0.4532,0,
200,28,SPB,,1213.69,mobile,risk,2024-04-20,true,0.255,1,клиент не отвечает
201,26,MSK,99186.25,1637.11,web,support,2025-04-07,true,0.5811,0,перевод в другой отдел
202,47,MSK,89015.17,11979.78,offline,ops,2025-03-17,true,0.5276,0,документы на проверке
203,43,MSK,24879.64,13746.25,web,risk,2024-10-31,true,0.4428,1,клиент не отвечает
204,18,MSK,54829.05,7755.83,web,support,2024-01-27,false,0.3599,0,заявка принята
205,32,KZN,94924.29,6111.29,web,risk,2025-01-13,true,0.5247,1,перевод в другой отдел
206,29,KZN,22339.37,838.94,web,ops,2025-07-20,false,0.562,0,документы на проверке
207,25,KZN,111866.64,8028.22,web,support,2025-04-04,true,0.6191,0,повторное обращение
208,40,SPB,115593.89,3446.67,mobile,risk,2025-06-16,true,0.4227,1,
209,27,SPB,28787.2,16874.26,partner,sales,2025-07-02,false,0.3571,1,перевод в другой отдел
210,27,NSK,47810.0,7235.71,mobile,sales,2024-12-05,true,0.6492,1,
211,28,SPB,86297.2,2607.81,mobile,ops,2024-10-02,true,0.5321,1,повторное обращение
212,18,SPB,61243.16,2430.55,partner,sales,2024-07-16,true,0.6526,0,заявка принята
213,38,ROV,19960.79,4533.72,web,sales,2024-09-04,false,0.7088,0,повторное обращение
214,51,NSK,88493.17,2687.77,mobile,support,2024-10-02,true,0.4599,0,
215,64,NSK,87271.88,3760.45,web,risk,2024-09-15,false,0.5322,1,
216,21,NSK,,12862.69,web,risk,2025-12-01,true,0.4775,1,перевод в другой отдел
217,55,KZN,48872.5,6663.62,mobile,support,2025-11-02,false,0.4912,0,перевод в другой отдел
218,48,EKB,37446.39,9018.07,web,ops,2025-06-03,true,0.4088,1,
219,43,MSK,20329.69,6916.71,web,risk,2024-08-15,false,0.4303,0,клиент не отвечает
220,40,MSK,105766.43,14876.39,mobile,sales,2024-07-18,false,0.3531,1,документы на проверке
221,36,KZN,38749.61,12333.16,partner,ops,2024-11-19,true,0.5673,0,заявка принята
222,21,MSK,78392.04,9055.63,mobile,sales,2025-09-21,false,0.5298,0,клиент не отвечает
223,25,MSK,61519.24,3336.21,partner,risk,2024-03-07,false,0.5984,0,перевод в другой отдел
224,24,NSK,72038.7,6707.87,web,ops,2024-08-21,true,0.5696,0,повторное обращение
225,36,MSK,68469.25,8905.25,web,sales,2025-11-08,true,0.2709,0,заявка принята
226,33,SPB,58341.39,9178.56,web,risk,2025-11-08,false,0.3363,1,документы на проверке
227,32,KZN,74064.44,2652.3,mobile,risk,2025-01-01,false,0.4498,0,повторное обращение
228,51,MSK,142741.25,4713.16,web,sales,2025-10-21,false,0.5617,1,перевод в другой отдел
229,32,MSK,24210.81,1663.84,partner,sales,2024-01-10,true,0.5284,0,перевод в другой отдел
230,29,NSK,38026.55,10629.04,mobile,ops,2025-03-07,true,0.6607,1,заявка принята
231,51,ROV,57845.13,3574.76,partner,risk,2025-12-01,true,0.7244,0,клиент не отвечает
232,43,SPB,44436.7,10632.96,mobile,support,2025-06-15,true,0.4677,1,клиент не отвечает
233,33,SPB,32419.92,1411.27,web,support,2024-10-11,true,0.3943,1,документы на проверке
234,30,MSK,95627.87,10776.07,web,sales,2025-10-31,false,0.3667,1,клиент не отвечает
235,52,KZN,128612.6,6569.34,partner,risk,2024-02-25,false,0.5607,1,перевод в другой отдел
236,22,SPB,73794.39,7025.5,offline,risk,2025-10-10,false,0.4176,1,документы на проверке
237,19,MSK,20146.12,6250.97,offline,support,2024-05-03,false,0.4714,0,повторное обращение
238,18,EKB,22029.23,13716.55,mobile,ops,2025-11-05,true,0.5937,1,клиент не отвечает
239,57,NSK,157222.1,6115.46,mobile,support,2025-01-31,false,0.518,0,документы на проверке
240,47,NSK,41829.36,3276.24,mobile,support,2025-02-26,false,0.3829,0,
241,28,EKB,44055.64,11371.36,mobile,support,2025-05-30,false,0.4638,0,
242,46,SPB,76583.66,37977.59,mobile,risk,2024-01-14,true,0.6213,1,клиент не отвечает
243,48,MSK,39827.51,527.76,web,risk,2025-07-08,false,0.7222,0,заявка принята
244,24,NSK,73607.2,4787.59,web,risk,2025-01-25,false,0.33,0,документы на проверке
245,56,MSK,104311.63,1589.95,web,risk,2024-07-17,true,0.6085,0,
246,65,EKB,34662.5,3024.13,mobile,risk,2024-12-04,true,0.718,0,заявка принята
247,44,MSK,80281.31,4314.14,mobile,risk,2024-11-21,true,0.6407,0,документы на проверке
248,50,SPB,38199.33,2468.04,offline,risk,2024-08-11,false,0.5987,1,документы на проверке
249,53,MSK,36754.32,6713.49,offline,sales,2025-01-25,true,0.0562,1,клиент не отвечает
250,37,MSK,96539.91,4552.18,mobile,risk,2024-11-24,true,0.7986,0,повторное обращение
251,58,NSK,30650.03,1272.48,partner,sales,2025-07-04,false,0.455,0,
252,39,EKB,72645.52,3083.16,web,support,2025-02-21,false,0.4464,1,клиент не отвечает
253,33,MSK,,6140.94,offline,sales,2025-01-01,true,0.6735,0,перевод в другой отдел
254,40,MSK,54809.63,6763.83,partner,support,2025-02-04,false,0.3616,0,
255,49,ROV,81944.01,17705.15,web,support,2024-02-12,false,0.7229,0,документы на проверке
256,33,MSK,76562.15,2437.32,web,risk,2024-04-27,true,0.4877,0,документы на проверке
257,23,MSK,58899.02,1011.3,web,sales,2025-09-26,true,0.5648,1,перевод в другой отдел
258,27,NSK,30080.17,2293.5,partner,support,2024-10-10,true,0.5242,1,
259,35,SPB,41267.02,1434.84,web,risk,2025-07-05,true,0.143,0,
260,40,SPB,67378.53,16627.46,partner,risk,2025-10-31,false,0.5259,1,клиент не отвечает
261,41,EKB,56283.46,3345.79,web,support,2025-06-10,true,0.8152,0,повторное обращение
262,23,KZN,43792.54,1478.14,offline,risk,2025-04-25,true,0.4158,1,заявка принята
263,48,EKB,38347.36,1221.12,web,risk,2025-06-13,true,0.4906,0,документы на проверке
264,19,SPB,107480.44,2072.82,web,risk,2024-06-02,false,0.6951,0,документы на проверке
265,36,MSK,86196.48,4286.23,web,support,2024-01-23,true,0.4216,1,документы на проверке
266,32,SPB,41633.24,14756.97,partner,ops,2025-11-08,true,0.4569,0,повторное обращение
267,18,KZN,121774.15,1233.04,offline,risk,2024-12-16,true,0.6874,0,повторное обращение
268,33,MSK,121778.82,13637.38,mobile,sales,2025-05-08,true,0.5764,0,
269,29,SPB,61894.89,31935.18,partner,ops,2025-08-26,true,0.3337,1,клиент не отвечает
270,47,MSK,54359.6,17380.62,mobile,sales,2025-01-19,false,0.6628,0,клиент не отвечает
271,33,NSK,101541.22,3447.72,mobile,ops,2025-02-27,false,0.5895,0,повторное обращение
272,27,MSK,38050.85,10581.2,web,ops,2024-04-12,false,0.6767,0,перевод в другой отдел
273,43,EKB,46108.93,4034.89,web,sales,2024-09-26,true,0.2742,0,документы на проверке
274,49,ROV,63734.18,52277.44,web,support,2025-03-25,false,0.5517,1,повторное обращение
275,53,SPB,86755.67,3141.1,mobile,sales,2024-04-02,false,0.561,0,перевод в другой отдел
276,47,NSK,142498.59,2558.02,web,sales,2025-05-30,true,0.4769,0,документы на проверке
277,61,KZN,75776.83,4004.89,web,sales,2024-04-29,false,0.4112,1,
278,40,EKB,53310.09,5237.21,web,risk,2024-10-21,false,0.3867,0,заявка принята
279,30,SPB,64690.53,882.27,web,support,2024-09-28,true,0.4721,0,повторное обращение
280,43,EKB,59496.11,9504.93,partner,risk,2025-08-11,false,0.3654,1,повторное обращение
281,64,MSK,64185.03,9772.34,partner,sales,2025-02-07,true,0.4708,1,клиент не отвечает
282,56,SPB,66370.55,5481.18,mobile,risk,2024-10-02,false,0.469,0,перевод в другой отдел
283,43,SPB,49361.4,3797.98,partner,support,2024-10-03,false,0.683,0,клиент не отвечает
284,45,EKB,28942.04,6533.97,web,risk,2024-11-03,true,0.8146,1,клиент не отвечает
285,43,MSK,79493.41,2883.46,mobile,risk,2024-01-21,false,0.5726,1,
286,45,NSK,40933.65,4166.6,web,sales,2025-09-20,true,0.4825,1,повторное обращение
287,20,SPB,24859.69,1844.49,web,risk,2025-10-30,false,0.1904,1,документы на проверке
288,32,SPB,45064.99,13230.1,mobile,support,2024-05-08,false,0.3971,0,
289,36,MSK,62484.24,2437.07,mobile,sales,2024-09-25,true,0.44,0,
290,48,MSK,56624.1,4648.27,partner,sales,2024-11-29,false,0.4354,1,документы на проверке
291,51,MSK,65014.18,3506.84,mobile,ops,2024-12-21,true,0.4197,1,заявка принята
292,27,MSK,94361.04,4261.48,web,ops,2024-11-02,false,0.5714,1,перевод в другой отдел
293,20,NSK,107189.82,1333.93,web,ops,2024-08-13,false,0.3261,1,
294,39,ROV,74712.84,25432.77,web,ops,2024-03-11,false,0.8155,0,заявка принята
295,27,MSK,26089.27,2751.41,mobile,risk,2025-03-24,true,0.3208,0,заявка принята
296,46,SPB,51567.8,1003.18,partner,support,2024-09-29,true,0.6804,0,документы на проверке
297,30,KZN,82509.81,7259.03,web,ops,2024-02-04,true,0.5319,0,документы на проверке
298,33,SPB,128915.31,4805.48,web,ops,2024-07-22,true,0.4037,1,
299,39,NSK,40370.25,9334.06,web,support,2024-04-01,false,0.5963,1,заявка принята
300,33,ROV,33338.17,1596.51,web,sales,2025-05-14,false,0.3595,0,клиент не отвечает
301,37,SPB,89493.29,4989.14,mobile,support,2024-11-27,false,0.4728,1,документы на проверке
302,51,MSK,47196.69,6033.37,partner,support,2025-09-26,true,0.3928,0,перевод в другой отдел
303,34,NSK,62385.67,5337.64,web,risk,2025-10-18,true,0.2506,1,документы на проверке
304,36,ROV,73047.86,4286.27,web,risk,2025-01-10,true,0.4647,0,заявка принята
305,45,SPB,25525.62,12454.13,web,risk,2025-09-23,true,0.4577,0,
306,47,ROV,61914.25,4665.03,partner,support,2024-04-18,false,0.5756,1,
307,20,KZN,37869.6,3412.15,mobile,ops,2024-11-18,false,0.5783,1,перевод в другой отдел
308,23,KZN,36700.21,3037.41,mobile,risk,2025-04-08,false,0.6434,1,заявка принята
309,32,NSK,48045.1,18471.65,web,risk,2024-04-06,false,0.002,0,повторное обращение
310,45,NSK,80324.74,833.26,web,sales,2025-05-09,true,0.6416,1,документы на проверке
311,35,KZN,18365.98,1221.0,partner,sales,2025-10-30,true,0.4713,0,
312,40,SPB,62334.76,4465.92,partner,sales,2025-04-01,true,0.3359,1,повторное обращение
313,18,MSK,55197.88,4863.99,partner,ops,2024-05-13,false,0.6412,1,документы на проверке
314,41,NSK,44300.88,3279.86,mobile,sales,2025-11-18,false,0.681,0,перевод в другой отдел
315,42,NSK,38705.13,6015.77,web,support,2025-01-17,true,0.664,0,заявка принята
316,37,NSK,89350.96,1481.76,web,risk,2025-04-27,true,0.376,1,
317,30,NSK,56731.88,867.87,offline,sales,2025-08-19,true,0.4813,1,перевод в другой отдел
318,42,KZN,30036.43,532.8,web,risk,2024-01-20,false,0.6391,0,повторное обращение
319,52,EKB,57950.56,2195.64,web,ops,2024-02-10,false,0.4828,0,перевод в другой отдел
320,18,MSK,50120.87,3203.75,offline,risk,2024-01-31,false,0.5288,1,повторное обращение
321,52,NSK,77464.22,2717.73,offline,support,2024-11-15,false,0.823,1,клиент не отвечает
322,30,MSK,34350.53,4618.3,web,support,2024-11-21,true,0.4779,0,повторное обращение
323,27,EKB,104449.64,3573.59,web,risk,2024-07-11,true,0.8475,0,заявка принята
324,39,MSK,44328.75,6643.22,partner,ops,2025-05-29,false,0.2631,0,
325,33,SPB,41244.34,1396.11,web,support,2024-03-08,false,0.4173,0,документы на проверке
326,27,SPB,54986.12,7489.38,offline,risk,2025-09-18,true,0.5201,1,документы на проверке
327,48,KZN,37347.92,2302.95,mobile,sales,2024-10-25,false,0.6361,0,перевод в другой отдел
328,25,NSK,60898.86,10155.16,offline,sales,2025-08-22,true,0.5554,0,клиент не отвечает
329,26,MSK,75247.62,4093.13,web,support,2024-04-03,false,0.6119,0,
330,28,SPB,73069.1,3398.81,partner,support,2025-08-02,true,0.6763,1,повторное обращение
331,43,EKB,29549.47,3650.25,web,sales,2024-07-26,false,0.4271,0,заявка принята
332,18,NSK,,8858.81,mobile,ops,2025-02-23,true,0.601,1,повторное обращение
333,45,NSK,44018.16,1740.57,mobile,support,2025-11-14,false,0.412,0,перевод в другой отдел
334,41,SPB,87514.12,8509.44,web,support,2025-08-15,true,0.4826,1,заявка принята
335,39,KZN,29577.8,2981.46,web,support,2025-09-18,true,0.3521,0,клиент не отвечает
336,35,KZN,39691.67,2045.97,mobile,risk,2025-09-21,false,0.268,0,клиент не отвечает
337,46,MSK,44440.48,3508.4,web,support,2025-02-27,false,0.1611,1,документы на проверке
338,40,NSK,47763.57,2418.52,web,sales,2024-12-07,true,0.3933,0,повторное обращение
339,45,ROV,58531.54,2460.53,partner,ops,2025-04-18,false,0.8301,1,
340,51,NSK,62832.76,5213.2,web,risk,2024-06-01,true,0.5853,0,перевод в другой отдел
341,54,KZN,47382.0,6707.34,web,sales,2025-02-27,true,0.484,1,перевод в другой отдел
342,18,MSK,56984.7,4240.38,mobile,support,2025-05-10,false,0.6414,1,перевод в другой отдел
343,53,KZN,71308.99,7864.27,offline,sales,2024-11-14,true,0.7959,0,перевод в другой отдел
344,34,NSK,40914.62,3279.85,mobile,risk,2025-03-27,false,0.5214,1,повторное обращение
345,41,ROV,28408.66,4880.21,web,risk,2024-06-24,false,0.5842,0,документы на проверке
346,32,SPB,55446.54,6148.3,web,ops,2024-11-15,true,0.5429,1,
347,39,MSK,101192.86,6014.5,web,risk,2025-04-26,true,0.1828,1,повторное обращение
348,48,ROV,99846.25,4162.55,mobile,ops,2024-12-25,true,0.319,0,перевод в другой отдел
349,39,MSK,39101.55,10497.89,mobile,ops,2024-09-01,true,0.2664,1,клиент не отвечает
350,29,KZN,92217.6,10569.92,mobile,support,2025-11-09,false,0.6196,0,заявка принята
351,26,NSK,194495.52,3201.51,partner,sales,2024-08-10,true,0.4002,0,повторное обращение
352,30,MSK,56553.4,9317.98,offline,risk,2024-12-18,true,0.3425,1,документы на проверке
353,50,MSK,46692.38,8839.77,mobile,risk,2024-08-28,false,0.4944,0,
354,33,SPB,78074.05,2218.78,web,risk,2024-06-06,true,0.6709,1,повторное обращение
355,55,MSK,41684.86,21322.7,partner,ops,2025-07-19,false,0.529,1,перевод в другой отдел
356,39,MSK,119139.54,4956.3,web,sales,2025-01-12,false,0.6971,1,
357,55,NSK,80683.4,4669.48,mobile,sales,2025-04-28,true,0.6505,0,
358,23,SPB,32664.84,4073.79,web,ops,2025-03-07,false,0.2702,1,перевод в другой отдел
359,47,NSK,83331.17,6772.65,web,sales,2025-10-01,false,0.751,1,заявка принята
360,41,KZN,68668.37,1224.13,mobile,support,2025-11-05,true,0.5615,0,перевод в другой отдел
361,39,MSK,86622.86,2772.41,mobile,support,2025-08-14,false,0.3806,0,заявка принята
362,25,MSK,52874.76,17405.5,mobile,support,2025-11-30,false,0.2745,1,перевод в другой отдел
363,52,MSK,52232.28,1419.02,web,risk,2024-10-03,true,0.7977,1,перевод в другой отдел
364,31,EKB,97605.42,2363.98,web,support,2025-07-14,true,0.3621,1,заявка принята
365,43,MSK,42795.66,16419.65,partner,sales,2024-03-29,true,0.5161,0,клиент не отвечает
366,23,NSK,40258.36,9913.88,web,ops,2024-09-20,true,0.1887,1,перевод в другой отдел
367,39,SPB,101870.86,3787.81,mobile,support,2024-07-01,true,0.3357,1,повторное обращение
368,25,NSK,55959.12,18067.78,mobile,sales,2024-06-01,true,0.4617,1,заявка принята
369,33,EKB,68330.53,14550.64,mobile,ops,2024-03-12,true,0.3882,1,клиент не отвечает
370,59,SPB,107160.62,6743.62,partner,sales,2025-07-01,false,0.4156,1,заявка принята
371,48,MSK,252288.93,6091.37,mobile,ops,2025-10-07,false,0.2543,0,заявка принята
372,47,MSK,41481.68,13720.82,web,ops,2024-01-17,true,0.3824,1,перевод в другой отдел
373,38,MSK,78039.81,31057.82,web,support,2024-03-14,true,0.4582,0,клиент не отвечает
374,30,ROV,73027.28,1234.37,web,ops,2025-08-28,true,0.3428,0,заявка принята
375,18,MSK,42795.57,5018.35,web,support,2025-08-30,true,0.5158,0,заявка принята
376,34,MSK,40949.37,5063.61,partner,ops,2024-01-17,true,0.8096,0,заявка принята
377,65,EKB,32687.53,9560.87,mobile,support,2024-05-26,false,0.5286,0,клиент не отвечает
378,38,EKB,96783.31,2781.02,offline,support,2024-04-30,true,0.6212,0,документы на проверке
379,24,NSK,118261.58,3039.48,web,support,2025-05-24,true,0.7424,1,заявка принята
380,31,SPB,176917.26,9517.6,mobile,sales,2024-08-28,false,0.3936,0,клиент не отвечает
381,43,SPB,50749.01,3571.75,partner,ops,2024-02-25,true,0.7667,1,повторное обращение
382,49,SPB,99948.1,843.66,web,sales,2024-05-19,false,0.4232,1,клиент не отвечает
383,20,MSK,69551.87,2367.14,mobile,ops,2025-08-28,false,0.6595,0,перевод в другой отдел
384,50,KZN,55685.2,3951.8,mobile,ops,2025-03-11,false,0.5273,0,
385,43,MSK,36420.4,1510.62,partner,risk,2025-04-15,true,0.3319,0,клиент не отвечает
386,31,EKB,140645.91,5907.84,mobile,risk,2024-10-30,false,0.5322,0,
387,52,KZN,74158.08,2739.87,mobile,risk,2024-06-28,true,0.4352,1,документы на проверке
388,35,ROV,31709.99,18683.56,web,support,2024-11-24,false,0.3921,0,документы на проверке
389,33,MSK,58398.17,7508.95,web,risk,2025-09-27,true,0.3787,1,повторное обращение
390,48,MSK,37692.98,7608.46,mobile,support,2024-10-27,true,0.3849,0,клиент не отвечает
391,30,NSK,73934.47,2417.37,mobile,risk,2025-08-30,false,0.6701,1,клиент не отвечает
392,35,KZN,40169.54,1702.05,offline,ops,2025-09-25,false,0.6003,0,повторное обращение
393,60,EKB,40537.6,1769.57,web,support,2024-09-23,true,0.4523,1,документы на проверке
394,33,ROV,9867.37,4687.04,partner,sales,2025-05-26,false,0.2532,1,перевод в другой отдел
395,55,NSK,71631.58,13943.66,mobile,ops,2024-04-25,true,0.9063,1,повторное обращение
396,35,MSK,41222.41,2420.82,web,support,2024-10-11,true,0.4293,0,документы на проверке
397,48,ROV,50124.74,5942.53,web,sales,2025-02-11,false,0.2905,1,перевод в другой отдел
398,36,SPB,53833.59,7841.77,partner,ops,2024-06-16,false,0.5285,1,
399,43,NSK,37157.4,6539.41,web,ops,2025-02-28,false,0.4502,1,
400,18,MSK,42002.87,8389.1,mobile,risk,2025-07-26,true,0.3446,1,заявка принята
401,39,SPB,68442.21,6122.15,web,support,2025-10-22,true,0.4094,1,перевод в другой отдел
402,18,NSK,58123.09,1544.08,mobile,sales,2025-06-08,true,0.5309,1,перевод в другой отдел
403,40,SPB,41205.09,2598.09,web,risk,2024-10-23,true,0.5634,0,документы на проверке
404,43,EKB,39281.29,873.68,web,risk,2025-01-06,false,0.7475,1,повторное обращение
405,52,SPB,12895.42,2332.28,mobile,support,2025-07-26,true,0.5276,0,клиент не отвечает
406,33,KZN,58365.5,1586.21,web,risk,2024-11-07,true,0.5276,0,повторное обращение
407,50,EKB,45607.3,4281.28,partner,support,2024-02-03,true,0.7105,0,клиент не отвечает
408,44,MSK,163290.27,9187.4,web,support,2025-11-17,true,0.6034,0,повторное обращение
409,54,ROV,33420.9,6725.89,partner,sales,2025-08-15,true,0.1562,0,
410,41,ROV,36506.08,6974.8,offline,support,2025-11-20,true,0.6467,1,перевод в другой отдел
411,50,SPB,83033.21,4034.19,mobile,ops,2024-10-22,true,0.4878,1,заявка принята
412,35,MSK,53757.27,609.67,offline,support,2025-05-02,false,0.5887,0,повторное обращение
413,55,EKB,63582.47,1875.21,web,sales,2024-03-07,true,0.5316,0,перевод в другой отдел
414,45,SPB,52630.84,21014.77,mobile,risk,2024-12-30,false,0.8402,1,клиент не отвечает
415,31,SPB,59166.68,30433.47,web,ops,2024-07-02,false,0.5027,0,повторное обращение
416,32,EKB,61926.06,4162.99,web,ops,2025-05-31,false,0.7478,1,документы на проверке
417,18,MSK,106664.64,2956.98,web,ops,2024-02-03,false,0.3817,0,
418,44,SPB,101240.18,4319.72,partner,ops,2025-07-29,true,0.6739,1,клиент не отвечает
419,36,SPB,82407.0,1022.76,partner,support,2024-12-23,true,0.7499,1,
420,35,SPB,41085.21,1661.93,web,sales,2024-11-08,true,0.5784,0,заявка принята
421,34,NSK,61198.17,1285.36,mobile,sales,2025-01-21,false,0.4981,1,документы на проверке
422,49,EKB,58990.38,5858.56,web,risk,2025-03-22,true,0.6301,1,документы на проверке
423,40,MSK,120083.92,5784.5,partner,risk,2025-08-03,false,0.6477,0,клиент не отвечает
424,43,NSK,94846.36,4762.55,mobile,ops,2025-10-01,true,0.8206,1,заявка принята
425,27,MSK,131046.19,10110.45,web,ops,2025-06-18,false,0.3539,0,повторное обращение
426,39,EKB,34525.16,20772.27,mobile,ops,2024-10-20,false,0.8076,1,
427,28,MSK,16931.04,3976.88,offline,ops,2025-10-24,true,0.4009,1,повторное обращение
428,37,KZN,67661.64,9829.52,partner,risk,2025-02-20,true,0.5533,0,клиент не отвечает
429,56,MSK,66844.94,2952.63,mobile,risk,2025-08-21,true,0.409,1,клиент не отвечает
430,39,MSK,33750.6,1204.28,mobile,sales,2025-07-12,true,0.5938,1,перевод в другой отдел
431,58,SPB,142507.61,7489.84,offline,ops,2025-10-16,false,0.2192,1,
432,55,KZN,106836.82,2807.94,web,support,2025-10-08,false,0.7609,1,заявка принята
433,37,EKB,46704.65,2366.67,mobile,sales,2025-03-06,false,0.5827,1,клиент не отвечает
434,31,NSK,52299.36,2370.53,mobile,sales,2024-09-12,true,0.2229,0,документы на проверке
435,29,SPB,78656.71,19637.62,mobile,risk,2024-03-27,true,0.2164,0,клиент не отвечает
436,58,KZN,83948.1,1111.89,mobile,support,2025-02-14,false,0.2064,0,повторное обращение
437,47,ROV,83444.68,12773.36,mobile,ops,2024-08-17,true,0.6015,0,перевод в другой отдел
438,34,MSK,33634.5,3679.38,offline,support,2024-10-24,true,0.7142,0,документы на проверке
439,29,NSK,30667.6,3720.18,web,ops,2025-09-03,true,0.5512,1,документы на проверке
440,48,MSK,34352.72,2841.87,web,risk,2025-07-26,true,0.5684,0,перевод в другой отдел
441,44,SPB,55393.27,4269.77,web,risk,2025-03-16,false,0.6937,1,документы на проверке
442,51,SPB,20088.47,3499.11,web,ops,2024-07-12,true,0.1489,0,повторное обращение
443,47,EKB,32463.5,7764.03,web,ops,2024-05-31,true,0.5412,0,повторное обращение
444,43,MSK,71429.7,17423.88,web,support,2024-03-19,false,0.4263,1,
445,46,MSK,35682.15,3465.52,mobile,ops,2025-04-09,false,0.5997,1,документы на проверке
446,32,MSK,27860.15,7102.51,partner,sales,2024-11-26,true,0.3752,1,документы на проверке
447,49,SPB,28409.34,5655.81,offline,ops,2024-11-13,true,0.4575,1,перевод в другой отдел
448,26,SPB,112581.56,5166.77,web,ops,2025-09-20,false,0.2168,1,заявка принята
449,48,SPB,72335.14,4370.66,mobile,sales,2025-04-24,false,0.5514,1,перевод в другой отдел
450,41,ROV,61581.39,3968.71,mobile,risk,2024-09-17,true,0.5857,1,заявка принята
451,37,KZN,30693.31,6693.22,partner,ops,2025-09-30,false,0.3097,1,повторное обращение
452,39,ROV,77862.9,1489.99,mobile,sales,2025-11-02,false,0.5805,0,
453,53,SPB,113085.65,9606.4,web,ops,2024-03-30,true,0.4579,1,повторное обращение
454,39,ROV,29442.23,6401.17,partner,support,2024-11-04,true,0.5308,0,клиент не отвечает
455,32,ROV,54656.79,1342.61,mobile,support,2024-10-28,false,0.5522,0,заявка принята
456,35,KZN,51874.84,6643.82,web,risk,2025-05-14,false,0.5824,0,повторное обращение
457,34,SPB,52315.26,3955.34,web,risk,2025-03-22,false,0.2949,1,
458,41,MSK,101820.17,10823.7,mobile,ops,2024-10-27,false,0.6645,0,клиент не отвечает
459,46,EKB,69262.06,12424.78,web,support,2024-07-23,false,0.2767,0,заявка принята
460,45,SPB,50824.57,5968.35,mobile,sales,2024-12-11,true,0.0951,0,заявка принята
461,25,ROV,163573.86,9459.68,partner,sales,2025-03-24,true,0.4311,0,заявка принята
462,41,KZN,66753.57,2648.84,mobile,support,2024-06-09,false,0.268,1,документы на проверке
463,18,MSK,81809.97,10646.91,web,risk,2024-03-28,false,0.5137,0,перевод в другой отдел
464,31,EKB,79682.27,1350.77,mobile,ops,2024-01-31,true,0.4118,1,
465,47,MSK,87834.39,8351.14,partner,risk,2025-02-15,false,0.105,1,
466,36,MSK,80795.15,7305.33,partner,support,2024-12-19,false,0.1161,1,повторное обращение
467,41,NSK,62207.8,1989.16,web,risk,2025-10-12,true,0.4586,1,документы на проверке
468,30,EKB,32794.18,5825.42,web,sales,2025-04-04,true,0.4365,0,клиент не отвечает
469,33,EKB,149195.69,2640.59,mobile,support,2025-06-16,true,0.622,1,перевод в другой отдел
470,30,EKB,35316.5,3893.38,web,ops,2025-05-02,true,0.4979,0,перевод в другой отдел
471,32,NSK,129008.03,7672.56,web,support,2025-06-01,false,0.3462,0,повторное обращение
472,52,NSK,57554.23,1528.43,web,sales,2024-04-22,false,0.4669,1,заявка принята
473,32,SPB,20696.54,3061.96,web,support,2024-01-03,false,0.4971,1,заявка принята
474,46,NSK,55497.98,8180.0,mobile,ops,2025-11-14,false,0.3739,1,заявка принята
475,43,SPB,49243.07,11096.6,mobile,support,2025-08-08,false,0.2569,0,документы на проверке
476,27,MSK,69428.0,16519.43,mobile,ops,2024-05-03,true,0.3054,0,заявка принята
477,36,KZN,64508.21,4758.77,web,sales,2024-01-24,true,0.6307,1,клиент не отвечает
478,52,SPB,47797.72,6873.12,mobile,ops,2024-03-01,false,0.5432,0,повторное обращение
479,42,SPB,53602.28,1649.43,web,sales,2024-07-26,true,0.5206,0,клиент не отвечает
480,23,ROV,42247.69,37218.49,offline,sales,2025-07-21,true,0.4985,1,повторное обращение
481,39,MSK,44293.05,4459.24,offline,support,2025-07-07,true,0.2495,1,документы на проверке
482,67,NSK,80699.53,9863.75,partner,risk,2024-12-25,true,0.3753,1,документы на проверке
483,43,MSK,163431.79,8585.85,web,risk,2025-10-12,false,0.3868,1,перевод в другой отдел
484,38,SPB,65299.27,9364.64,offline,sales,2024-01-05,true,1.0238,1,клиент не отвечает
485,20,SPB,79319.67,4081.28,web,ops,2025-01-31,true,0.4145,1,заявка принята
486,18,SPB,33758.73,10944.42,web,sales,2024-08-14,false,0.6081,1,перевод в другой отдел
487,51,EKB,68429.82,2412.59,mobile,support,2025-11-06,true,0.5581,0,заявка принята
488,21,MSK,78477.29,7273.04,mobile,ops,2025-03-13,true,0.3532,0,перевод в другой отдел
489,18,MSK,57246.08,2634.51,web,ops,2024-11-19,true,0.7515,1,перевод в другой отдел
490,51,MSK,121996.2,2041.19,web,support,2024-11-14,true,0.6253,1,заявка принята
491,18,NSK,49532.82,2193.73,mobile,risk,2024-12-07,true,0.5511,0,заявка принята
492,40,EKB,64475.47,826.74,offline,sales,2024-03-04,false,0.263,0,заявка принята
493,32,MSK,64349.85,3714.74,partner,ops,2025-09-05,true,0.7494,0,клиент не отвечает
494,22,KZN,93390.33,3320.95,mobile,sales,2025-09-01,true,0.7236,0,документы на проверке
495,48,SPB,68004.99,1300.03,partner,risk,2025-08-20,true,0.6627,1,повторное обращение
496,21,MSK,62586.35,2345.87,web,sales,2024-12-18,true,0.5566,1,
497,55,SPB,68045.98,5849.5,partner,support,2025-04-10,true,0.3383,0,клиент не отвечает
498,38,MSK,68849.65,1826.88,partner,support,2024-07-07,true,0.5252,1,перевод в другой отдел
499,49,NSK,52122.35,10774.0,web,sales,2024-07-21,true,0.5205,0,перевод в другой отдел
500,35,NSK,76502.43,6930.51,web,support,2025-04-12,false,0.3491,1,
501,44,KZN,49183.42,2379.66,mobile,ops,2024-11-21,true,0.7039,1,заявка принята
502,39,KZN,40118.03,5691.86,mobile,support,2024-08-02,false,0.2713,1,
503,32,SPB,84479.21,4589.75,mobile,risk,2025-05-21,false,0.438,1,
504,51,MSK,52645.47,15438.21,web,risk,2025-07-17,true,0.3967,1,перевод в другой отдел
505,27,NSK,71756.82,4124.31,web,ops,2024-10-06,true,0.5672,1,клиент не отвечает
506,39,SPB,109444.85,11167.21,web,support,2024-05-01,true,0.7678,0,документы на проверке
507,40,SPB,140833.78,1553.79,partner,support,2024-01-09,false,0.6234,1,перевод в другой отдел
508,40,SPB,77057.62,4782.28,web,support,2024-08-21,true,0.3309,1,клиент не отвечает
509,39,NSK,90130.45,826.42,mobile,ops,2025-03-25,true,0.7481,0,перевод в другой отдел
510,53,SPB,59844.07,3437.38,web,ops,2025-07-04,true,0.7906,1,документы на проверке
511,43,MSK,40402.38,6377.11,offline,ops,2024-07-28,true,0.1133,1,документы на проверке
512,27,SPB,71073.47,1110.94,mobile,support,2025-09-09,true,0.6437,0,повторное обращение
513,65,MSK,69367.4,1259.57,web,support,2025-02-24,true,0.7055,1,повторное обращение
514,24,MSK,85864.7,2183.3,mobile,ops,2025-09-10,false,0.4634,0,документы на проверке
515,43,SPB,128025.39,13729.83,partner,support,2025-08-05,false,0.7835,1,клиент не отвечает
516,20,MSK,52835.54,6724.08,web,support,2024-09-12,false,0.3745,1,клиент не отвечает
517,24,EKB,71551.3,8336.22,offline,risk,2024-08-10,false,0.685,0,документы на проверке
518,46,EKB,89897.83,2489.09,web,sales,2024-01-28,false,0.6292,1,клиент не отвечает
519,31,MSK,28699.16,979.28,web,ops,2025-04-17,true,0.6612,1,
520,44,KZN,36847.43,4808.19,web,sales,2025-11-24,false,0.4794,0,перевод в другой отдел
521,46,KZN,56829.28,6553.25,mobile,sales,2024-11-11,true,0.7663,1,заявка принята
522,40,ROV,46778.2,3372.08,partner,sales,2024-04-08,true,0.2058,0,
523,44,MSK,63938.48,1849.99,web,ops,2024-08-25,false,0.6718,0,перевод в другой отдел
524,43,SPB,57649.69,15295.57,partner,risk,2024-03-09,false,0.6719,0,перевод в другой отдел
525,39,ROV,64819.0,1952.4,web,ops,2024-12-06,false,0.2995,0,
526,27,NSK,45218.76,1825.89,mobile,sales,2024-01-22,true,0.5282,0,перевод в другой отдел
527,39,MSK,32202.39,2309.7,offline,sales,2025-09-04,false,0.6997,0,
528,42,SPB,40547.19,6946.55,web,risk,2024-09-05,true,0.4427,1,
529,59,EKB,116783.48,1375.92,offline,sales,2024-03-12,true,0.4864,1,
530,66,MSK,73469.04,1951.43,web,ops,2024-11-14,true,0.4887,1,повторное обращение
531,23,SPB,109009.09,11690.43,mobile,ops,2025-04-27,false,0.6229,0,повторное обращение
532,47,MSK,146266.13,778.06,web,risk,2025-04-19,false,0.2203,1,клиент не отвечает
533,25,SPB,82107.78,3553.79,mobile,ops,2025-01-28,true,0.4316,1,клиент не отвечает
534,66,MSK,83388.56,9762.39,web,risk,2025-10-28,false,0.1378,0,
535,38,ROV,70740.52,59650.88,mobile,support,2024-09-10,true,0.7151,1,заявка принята
536,41,EKB,88136.17,3210.94,partner,ops,2025-02-25,true,0.563,1,заявка принята
537,24,SPB,52760.14,7841.41,web,risk,2024-06-23,true,0.2747,1,
538,47,SPB,64413.93,861.62,mobile,support,2025-02-22,true,0.6653,1,
539,43,SPB,43184.4,4053.31,web,sales,2024-03-03,true,0.6396,0,
540,18,MSK,121013.45,3004.85,partner,risk,2024-11-18,false,0.2459,1,
541,24,ROV,101857.49,10498.33,mobile,support,2025-04-07,false,0.6573,1,документы на проверке
542,31,ROV,52803.88,8315.02,mobile,ops,2025-09-13,true,0.5703,0,перевод в другой отдел
543,18,ROV,79585.21,2728.74,partner,sales,2025-05-24,false,0.6924,0,
544,73,SPB,127232.49,4787.5,mobile,support,2024-04-18,true,0.4977,0,повторное обращение
545,47,SPB,105109.92,6379.0,partner,risk,2025-08-12,true,0.441,0,
546,23,EKB,110670.4,13856.28,web,support,2024-09-22,true,0.8393,0,заявка принята
547,54,ROV,35567.51,1218.34,partner,ops,2024-11-23,true,0.6671,1,документы на проверке
548,29,MSK,,9017.53,mobile,risk,2025-05-26,true,0.3039,0,документы на проверке
549,33,KZN,33272.71,4493.92,partner,risk,2025-10-08,false,0.8019,1,перевод в другой отдел
550,34,ROV,85501.24,23962.96,mobile,sales,2025-05-14,false,0.3422,0,
551,44,MSK,52767.75,3158.8,mobile,sales,2024-10-16,true,0.4545,1,
552,45,MSK,85282.2,23228.14,web,ops,2025-08-14,false,0.3686,0,перевод в другой отдел
553,44,KZN,73379.88,5979.44,offline,sales,2024-12-30,true,0.4357,0,заявка принята
554,48,SPB,20201.51,2989.47,mobile,ops,2024-11-05,true,0.6557,1,
555,37,ROV,31059.25,9015.92,web,ops,2024-01-12,true,0.1988,1,заявка принята
556,20,SPB,69319.42,1313.51,offline,support,2025-05-10,false,0.5281,1,перевод в другой отдел
557,33,MSK,81688.91,5249.9,partner,ops,2025-06-15,true,0.4743,0,повторное обращение
558,63,MSK,32320.15,7117.41,web,support,2025-10-30,false,0.4278,0,заявка принята
559,43,MSK,71717.09,9758.41,mobile,ops,2025-08-13,false,0.5571,0,документы на проверке
560,72,NSK,96547.92,2831.51,web,support,2024-10-11,false,0.1856,1,заявка принята
561,29,NSK,30274.56,2404.47,mobile,risk,2025-01-16,true,0.4669,0,клиент не отвечает
562,42,KZN,101612.87,2267.99,mobile,ops,2024-12-03,false,0.3686,0,перевод в другой отдел
563,39,KZN,78959.55,5954.38,web,ops,2025-06-25,false,0.4103,0,документы на проверке
564,37,MSK,77939.55,16380.19,web,ops,2025-08-29,true,0.5915,1,
565,31,MSK,74102.75,6498.06,mobile,ops,2024-07-06,false,0.5011,1,клиент не отвечает
566,28,SPB,18469.34,12515.58,web,risk,2025-10-11,true,0.508,0,заявка принята
567,40,EKB,57021.99,13375.26,mobile,support,2025-05-24,true,0.5633,1,клиент не отвечает
568,45,KZN,,3564.93,offline,risk,2025-11-08,true,0.5202,0,документы на проверке
569,31,ROV,91102.49,3602.81,mobile,risk,2025-03-08,true,0.5447,0,перевод в другой отдел
570,48,EKB,42260.52,5984.29,partner,risk,2025-04-19,false,0.4791,0,заявка принята
571,27,SPB,39455.71,1514.54,web,sales,2025-02-24,false,0.7059,0,заявка принята
572,47,MSK,44304.01,1708.63,web,ops,2024-05-23,false,0.7283,0,заявка принята
573,22,MSK,31215.44,2484.91,mobile,ops,2024-05-01,false,0.7915,1,
574,35,EKB,61136.0,9608.41,web,sales,2024-01-22,false,0.3544,0,документы на проверке
575,56,MSK,51547.74,3210.57,web,ops,2025-09-24,true,0.5334,0,повторное обращение
576,36,MSK,76874.8,3771.02,offline,sales,2024-07-12,true,0.5973,0,повторное обращение
577,46,MSK,48240.38,2286.28,web,sales,2025-10-21,true,0.6352,1,перевод в другой отдел
578,19,EKB,90597.96,3157.36,web,risk,2025-03-17,false,0.8357,0,перевод в другой отдел
579,35,EKB,78178.83,1624.02,web,risk,2025-10-27,false,0.5855,0,заявка принята
580,42,EKB,139447.13,5777.18,offline,ops,2024-03-17,false,0.448,0,перевод в другой отдел
581,32,MSK,63446.12,11881.28,mobile,sales,2024-03-10,true,-0.0277,1,повторное обращение
582,22,MSK,78910.41,12404.59,partner,ops,2025-06-29,true,0.3478,1,повторное обращение
583,24,NSK,67235.98,5052.04,partner,ops,2024-11-06,false,0.5919,1,
584,37,MSK,36481.45,10300.88,mobile,support,2024-02-22,true,0.6,1,повторное обращение
585,37,SPB,52972.73,8313.32,web,support,2025-09-18,true,0.5079,1,
586,47,MSK,271058.07,25322.8,web,sales,2025-10-31,true,0.2029,1,клиент не отвечает
587,39,NSK,77413.22,1158.45,web,risk,2025-05-05,true,0.65,0,клиент не отвечает
588,47,MSK,104664.18,2142.91,web,support,2024-05-26,true,0.839,0,клиент не отвечает
589,64,MSK,164890.55,5585.16,partner,sales,2024-01-14,true,0.2519,0,повторное обращение
590,38,MSK,81319.38,6354.59,web,ops,2024-06-16,false,0.5852,1,повторное обращение
591,38,MSK,62484.18,11015.71,web,sales,2024-01-25,false,0.7353,0,повторное обращение
592,32,ROV,105010.62,13155.91,offline,sales,2024-04-14,false,0.6279,0,перевод в другой отдел
593,47,SPB,35462.22,3371.52,mobile,ops,2025-11-14,false,0.5848,0,перевод в другой отдел
594,44,SPB,201468.92,6951.56,mobile,support,2025-04-02,false,0.409,1,заявка принята
595,47,EKB,50313.81,7841.27,mobile,ops,2025-05-07,false,0.6341,1,документы на проверке
596,40,KZN,41154.52,4409.3,mobile,support,2024-03-26,false,0.3539,1,документы на проверке
597,21,EKB,195120.24,1133.41,web,support,2025-04-16,false,0.3799,1,повторное обращение
598,40,EKB,72836.52,12742.29,mobile,ops,2024-02-25,true,0.6345,1,клиент не отвечает
599,50,MSK,82335.11,2470.06,mobile,support,2025-04-26,false,0.1996,1,клиент не отвечает
600,41,MSK,92381.67,32558.09,mobile,risk,2024-08-20,true,0.2379,1,перевод в другой отдел
601,52,ROV,31295.56,2772.23,web,sales,2025-05-03,false,0.4733,1,клиент не отвечает
602,49,NSK,106621.6,1803.76,mobile,sales,2024-08-04,false,0.7892,0,повторное обращение
603,21,MSK,77701.44,1790.61,partner,risk,2024-12-31,false,0.4281,0,документы на проверке
604,44,EKB,72590.23,2718.57,mobile,sales,2024-01-25,false,0.7927,0,клиент не отвечает
605,18,MSK,45448.15,11109.6,partner,support,2025-04-03,false,0.3283,1,перевод в другой отдел
606,22,SPB,87908.11,1594.49,mobile,sales,2025-08-03,false,0.7826,0,заявка принята
607,40,KZN,39999.94,3619.36,offline,support,2024-09-21,false,0.416,1,клиент не отвечает
608,34,MSK,33050.6,1368.2,mobile,risk,2024-03-26,false,0.4298,1,перевод в другой отдел
609,64,MSK,88442.31,2617.87,web,ops,2025-08-06,true,0.1241,0,повторное обращение
610,27,MSK,203562.56,4218.5,web,sales,2025-03-19,false,0.6395,1,заявка принята
611,21,SPB,58205.38,3965.7,partner,risk,2025-09-07,true,1.0612,0,перевод в другой отдел
612,46,MSK,54808.52,2649.35,web,risk,2024-03-24,false,0.0263,1,клиент не отвечает
613,20,MSK,34578.39,2191.8,mobile,ops,2025-05-01,true,0.4685,1,
614,18,NSK,97914.88,1000.22,offline,support,2025-11-11,false,0.6637,1,заявка принята
615,45,MSK,50638.67,7494.8,web,ops,2024-02-07,true,0.6717,0,клиент не отвечает
616,31,NSK,44011.58,3361.41,partner,risk,2025-05-29,true,0.2168,1,
617,18,SPB,97762.83,11844.28,web,support,2025-03-14,true,0.5137,1,документы на проверке
618,28,NSK,88091.79,6459.31,web,ops,2025-11-14,false,0.5678,0,повторное обращение
619,40,SPB,58115.79,2286.14,partner,ops,2025-01-18,false,0.7053,0,перевод в другой отдел
620,44,KZN,54368.96,11363.22,partner,sales,2024-06-06,false,0.4132,0,перевод в другой отдел
621,45,SPB,46965.11,3810.91,web,ops,2025-10-13,true,0.7158,0,клиент не отвечает
622,49,SPB,100821.37,10262.38,web,risk,2024-11-26,true,0.387,0,заявка принята
623,22,NSK,33355.12,6519.36,web,ops,2024-07-10,true,0.6071,1,перевод в другой отдел
624,45,EKB,51980.15,2432.26,web,risk,2024-04-05,false,0.8336,0,повторное обращение
625,27,MSK,77436.18,7452.41,mobile,sales,2025-11-06,true,0.6425,0,заявка принята
626,75,SPB,62778.93,1163.66,web,support,2025-01-08,true,0.4236,0,заявка принята
627,34,EKB,40760.36,11554.52,mobile,risk,2025-05-22,false,0.6221,1,повторное обращение
628,37,KZN,110162.03,2495.41,mobile,ops,2025-04-01,false,0.6295,1,перевод в другой отдел
629,26,SPB,44607.55,1200.51,partner,ops,2025-09-10,false,0.3383,1,клиент не отвечает
630,45,SPB,52492.23,6266.59,web,risk,2024-01-10,true,0.5312,0,
631,31,KZN,65254.82,5976.23,offline,sales,2025-09-14,true,0.6872,1,документы на проверке
632,47,EKB,49405.86,10185.27,web,risk,2024-05-02,true,0.3924,1,документы на проверке
633,32,NSK,140982.48,686.21,offline,ops,2025-06-30,true,0.6666,0,перевод в другой отдел
634,35,MSK,77965.18,7947.57,web,risk,2025-09-19,false,0.4561,1,
635,51,NSK,38595.01,7469.72,web,risk,2024-08-19,true,0.4889,1,
636,47,ROV,22959.79,1863.83,offline,ops,2024-06-23,false,0.4105,1,заявка принята
637,54,EKB,118308.67,4091.94,mobile,support,2025-11-08,false,0.7653,1,перевод в другой отдел
638,39,MSK,79240.61,8166.77,offline,support,2024-03-17,true,0.3054,0,повторное обращение
639,46,KZN,39000.87,5784.94,mobile,risk,2025-04-09,true,0.5204,1,повторное обращение
640,40,ROV,63101.53,2457.69,mobile,support,2025-08-14,true,0.6779,1,клиент не отвечает
641,52,MSK,77164.13,1629.35,mobile,support,2025-05-29,false,0.3012,1,заявка принята
642,27,MSK,94416.41,2650.1,mobile,risk,2025-06-15,true,0.5723,1,
643,38,MSK,65171.03,4726.14,web,ops,2025-02-06,false,0.5973,1,клиент не отвечает
644,43,SPB,81670.01,1449.53,web,ops,2024-09-01,true,0.8138,1,повторное обращение
645,47,MSK,,4220.27,web,support,2024-03-19,true,0.8666,1,документы на проверке
646,29,MSK,58416.68,3064.7,web,support,2024-04-06,false,0.6734,0,клиент не отвечает
647,26,NSK,40514.24,8464.44,web,risk,2024-04-25,true,0.5198,1,повторное обращение
648,61,NSK,59726.99,2090.73,web,support,2025-10-16,false,0.4626,1,
649,26,SPB,61784.9,39900.26,web,ops,2024-10-09,true,0.1623,1,документы на проверке
650,27,NSK,17831.44,7815.21,mobile,sales,2024-05-30,true,0.4892,1,документы на проверке
651,54,EKB,24169.82,2139.22,web,sales,2024-11-09,false,0.4577,1,
652,39,MSK,97864.17,18632.1,offline,sales,2024-05-26,true,0.4603,1,клиент не отвечает
653,33,MSK,30877.21,6159.31,mobile,sales,2024-11-05,true,0.4723,1,документы на проверке
654,18,KZN,81318.39,3852.65,mobile,risk,2024-10-31,false,0.6543,0,документы на проверке
655,46,KZN,64506.17,4521.64,mobile,risk,2024-12-28,false,0.7972,1,клиент не отвечает
656,18,MSK,66829.78,23333.98,web,risk,2025-02-06,true,0.6057,0,клиент не отвечает
657,46,SPB,72612.03,2040.9,web,ops,2024-03-03,true,0.1667,1,
658,39,EKB,28819.99,8879.63,mobile,risk,2025-05-11,true,0.6065,0,заявка принята
659,44,KZN,47009.26,1187.89,web,ops,2024-05-04,false,0.5525,0,повторное обращение
660,47,NSK,180865.98,5903.25,partner,sales,2024-05-25,true,0.1975,0,повторное обращение
661,19,MSK,48987.75,5391.37,mobile,risk,2025-01-30,true,0.4898,1,клиент не отвечает
662,27,MSK,63303.12,2074.02,offline,ops,2024-12-29,false,0.6044,0,
663,36,MSK,88643.42,14231.73,web,sales,2025-11-02,false,0.5163,0,клиент не отвечает
664,33,MSK,45301.23,22236.12,mobile,ops,2025-09-12,false,0.2011,1,повторное обращение
665,32,NSK,30106.49,4436.31,web,risk,2024-08-30,true,0.2828,0,
666,53,SPB,66729.03,11143.13,web,sales,2024-11-24,false,0.321,0,клиент не отвечает
667,49,NSK,58468.12,1031.65,mobile,ops,2024-03-29,true,0.7004,0,повторное обращение
668,44,MSK,92254.28,2234.47,mobile,ops,2024-07-31,false,0.5305,0,документы на проверке
669,28,NSK,31302.85,3703.43,web,sales,2025-06-13,true,0.7102,0,клиент не отвечает
670,39,SPB,29181.96,8995.44,web,risk,2025-09-25,true,0.7524,1,документы на проверке
671,18,MSK,49614.97,1693.9,partner,support,2025-07-14,false,0.5829,0,
672,41,SPB,68902.35,3541.56,mobile,ops,2025-07-18,true,0.4762,0,перевод в другой отдел
673,37,SPB,46823.08,1534.42,mobile,ops,2025-07-19,false,0.4268,0,клиент не отвечает
674,33,SPB,35687.16,12674.75,offline,support,2025-03-23,true,0.3303,1,повторное обращение
675,39,SPB,105784.03,8803.89,web,sales,2024-02-28,true,0.524,0,перевод в другой отдел
676,48,NSK,38098.37,4301.39,offline,sales,2024-09-13,true,0.5553,0,клиент не отвечает
677,31,KZN,55856.86,2959.86,mobile,support,2024-11-22,true,0.1931,1,заявка принята
678,30,ROV,110348.32,2443.41,web,sales,2024-05-25,true,0.6621,1,
679,19,ROV,88907.36,5287.53,partner,sales,2024-10-12,false,0.6221,0,клиент не отвечает
680,49,SPB,44162.37,5071.09,offline,sales,2024-01-27,false,0.5309,1,перевод в другой отдел
681,43,EKB,98619.48,3080.3,web,sales,2025-07-20,false,0.2864,0,документы на проверке
682,22,NSK,37502.6,2083.16,web,risk,2025-08-07,false,0.5634,1,перевод в другой отдел
683,36,NSK,32744.39,17076.26,web,support,2025-04-18,true,0.6458,1,клиент не отвечает
684,49,NSK,49689.42,20165.64,partner,ops,2024-09-21,false,0.5491,0,перевод в другой отдел
685,42,NSK,66599.37,27322.81,mobile,risk,2025-07-20,true,0.4412,0,
686,70,MSK,114940.17,1965.63,mobile,sales,2025-06-03,true,0.4853,0,повторное обращение
687,42,KZN,31538.85,5594.19,offline,ops,2025-04-26,false,0.7343,1,документы на проверке
688,49,MSK,65352.6,2498.72,partner,risk,2025-01-22,true,0.5436,0,
689,36,ROV,37204.47,5575.51,partner,ops,2025-06-24,false,0.3356,0,
690,25,MSK,47344.27,975.02,web,risk,2025-04-11,true,0.4803,0,
691,39,KZN,46312.94,22959.54,web,support,2025-03-04,true,0.802,1,документы на проверке
692,38,EKB,93290.85,3475.49,offline,ops,2025-06-01,false,0.9041,1,
693,43,MSK,36620.06,15717.62,partner,ops,2024-05-09,false,0.4289,0,заявка принята
694,24,MSK,48581.4,5833.24,mobile,sales,2024-12-10,true,0.0024,1,
695,56,SPB,51945.34,8489.02,mobile,ops,2024-07-06,true,0.5927,0,повторное обращение
696,50,SPB,49796.53,4577.36,mobile,sales,2024-10-31,true,0.3627,0,документы на проверке
697,23,SPB,44397.72,3896.81,web,risk,2024-12-21,true,0.4856,0,перевод в другой отдел
698,36,KZN,70699.57,5836.84,web,sales,2024-01-27,false,0.7013,1,документы на проверке
699,26,MSK,115642.05,1776.13,mobile,risk,2024-08-15,false,0.597,0,повторное обращение
700,28,NSK,134663.02,1150.63,mobile,risk,2025-07-25,true,0.5036,0,
701,31,NSK,44427.73,4106.95,web,support,2024-10-16,true,0.413,1,документы на проверке
702,50,MSK,63740.45,2081.31,mobile,risk,2025-10-08,false,0.2759,1,клиент не отвечает
703,18,KZN,157769.46,4288.65,web,risk,2024-10-29,true,0.4249,1,перевод в другой отдел
704,26,MSK,73951.44,3788.0,mobile,ops,2025-09-07,true,0.6049,1,заявка принята
705,34,KZN,44370.68,3404.54,web,ops,2024-02-25,true,0.7172,1,перевод в другой отдел
706,35,SPB,119899.04,6844.74,mobile,risk,2025-09-11,true,0.4684,0,клиент не отвечает
707,53,ROV,68287.59,4629.12,web,support,2025-07-02,true,0.661,0,перевод в другой отдел
708,46,SPB,50515.81,2266.51,web,support,2024-02-04,true,0.1348,0,клиент не отвечает
709,34,EKB,133493.26,3952.6,partner,support,2025-08-25,true,0.431,0,документы на проверке
710,51,SPB,43755.24,5259.3,offline,ops,2024-08-15,false,0.266,0,клиент не отвечает
711,33,SPB,83787.39,4962.24,mobile,support,2025-01-13,true,0.7839,1,
712,35,NSK,63953.69,19776.7,mobile,sales,2025-02-16,false,0.6031,0,документы на проверке
713,35,MSK,43961.98,3422.17,web,risk,2024-01-06,true,0.2806,1,документы на проверке
714,42,SPB,35421.7,5115.96,mobile,sales,2025-03-11,false,0.2928,0,повторное обращение
715,38,EKB,30132.7,4146.32,web,ops,2024-01-10,false,0.403,1,перевод в другой отдел
716,33,MSK,128802.79,2331.1,mobile,support,2025-06-15,false,0.1458,1,клиент не отвечает
717,40,EKB,85020.98,3278.54,web,ops,2024-01-06,true,0.6662,0,повторное обращение
718,32,SPB,57998.16,2791.78,web,support,2025-10-05,true,0.3001,1,перевод в другой отдел
719,32,SPB,36732.24,17293.76,web,support,2025-08-29,true,0.8973,0,перевод в другой отдел
720,44,MSK,73227.61,9029.62,web,risk,2024-08-02,true,0.7187,1,повторное обращение
721,56,MSK,96266.51,4576.41,mobile,ops,2024-11-05,true,0.6862,1,повторное обращение
722,27,SPB,42711.33,6379.37,partner,support,2025-10-10,true,0.4454,0,клиент не отвечает
723,25,KZN,65380.15,3591.17,web,risk,2025-11-17,false,0.4325,1,повторное обращение
724,19,ROV,11907.08,3508.84,offline,risk,2024-04-06,false,0.2632,1,документы на проверке
725,52,MSK,58742.67,6369.0,offline,sales,2025-04-27,false,0.3936,0,клиент не отвечает
726,47,NSK,34929.23,7635.52,mobile,support,2024-03-25,true,0.776,0,заявка принята
727,20,SPB,16404.19,10004.49,offline,risk,2024-06-22,false,0.6087,1,документы на проверке
728,55,SPB,77878.93,3019.73,web,sales,2025-09-15,false,0.5337,1,повторное обращение
729,22,ROV,63505.15,3352.3,web,sales,2024-03-31,true,0.2501,1,повторное обращение
730,37,NSK,176828.84,2392.73,partner,sales,2024-11-11,true,0.3956,0,
731,38,MSK,43420.29,3206.52,web,support,2024-07-23,false,0.414,1,перевод в другой отдел
732,34,SPB,41691.16,3687.88,web,support,2025-08-22,true,0.3765,0,
733,22,EKB,71135.8,2318.12,mobile,support,2024-08-11,true,0.6147,1,заявка принята
734,21,SPB,42274.76,40161.6,web,risk,2025-10-06,true,0.4829,0,повторное обращение
735,28,NSK,99791.96,4205.22,mobile,sales,2025-09-23,false,0.587,1,
736,19,MSK,38846.88,13573.14,offline,ops,2024-10-02,false,0.7117,1,документы на проверке
737,52,ROV,76747.55,11321.98,web,support,2025-04-14,false,0.5485,1,заявка принята
738,33,MSK,49153.73,1529.19,web,risk,2025-05-03,true,0.4089,0,клиент не отвечает
739,26,MSK,49129.7,3546.23,partner,support,2024-11-30,false,0.4545,1,документы на проверке
740,34,SPB,65857.76,8446.81,mobile,risk,2024-12-14,true,0.5529,1,документы на проверке
741,28,MSK,59871.44,3295.63,web,ops,2025-03-11,false,0.4041,0,клиент не отвечает
742,31,MSK,37918.52,4567.15,mobile,sales,2024-04-13,false,0.3262,1,заявка принята
743,41,SPB,77093.38,1535.69,web,sales,2025-05-29,false,0.5901,1,
744,30,SPB,44033.94,2156.34,partner,risk,2025-06-11,false,0.7017,0,клиент не отвечает
745,47,MSK,21407.49,6261.23,mobile,risk,2024-01-25,true,0.554,1,перевод в другой отдел
746,36,SPB,68037.75,3051.39,mobile,sales,2024-05-28,false,0.5365,0,перевод в другой отдел
747,30,NSK,113314.5,1743.8,offline,sales,2025-09-15,true,0.6745,0,клиент не отвечает
748,18,SPB,45096.89,801.94,partner,sales,2024-04-29,false,0.4871,1,перевод в другой отдел
749,26,KZN,24172.52,1646.79,mobile,support,2025-05-28,false,0.3612,1,повторное обращение
750,33,SPB,,3885.02,partner,risk,2025-09-05,false,0.3807,1,заявка принята
751,38,SPB,31825.22,13213.13,offline,risk,2025-05-02,true,0.5438,1,перевод в другой отдел
752,32,SPB,77931.92,10196.7,mobile,risk,2024-02-03,true,0.6498,1,
753,18,MSK,62098.13,8330.5,mobile,ops,2024-06-08,true,0.5541,0,документы на проверке
754,30,ROV,59257.04,11824.69,web,sales,2024-08-11,true,0.6636,1,документы на проверке
755,32,EKB,50906.17,9529.48,partner,risk,2025-11-11,false,0.8592,0,документы на проверке
756,26,KZN,50109.49,1787.08,web,support,2024-10-22,false,0.4701,1,клиент не отвечает
757,27,MSK,53063.15,1686.07,web,sales,2024-01-24,true,0.2831,1,повторное обращение
758,25,MSK,80427.89,2129.04,offline,support,2025-04-28,true,0.4242,0,перевод в другой отдел
759,40,MSK,53602.27,4015.81,mobile,support,2025-05-27,false,0.5588,1,повторное обращение
760,38,MSK,77886.21,4680.72,offline,ops,2025-03-03,true,0.7979,0,
761,40,NSK,56382.3,2773.02,mobile,sales,2025-02-13,false,0.2538,1,клиент не отвечает
762,39,KZN,83160.8,7193.29,partner,risk,2024-09-05,true,0.4281,0,перевод в другой отдел
763,52,MSK,59304.11,2786.66,mobile,ops,2025-04-06,false,0.6579,1,документы на проверке
764,44,NSK,126391.4,6790.03,mobile,support,2025-05-01,false,0.532,1,повторное обращение
765,37,MSK,45551.93,2320.57,mobile,risk,2025-06-04,false,0.2328,1,клиент не отвечает
766,32,SPB,93068.33,1235.07,mobile,ops,2025-06-21,false,0.4355,0,клиент не отвечает
767,66,SPB,43145.2,27191.56,mobile,support,2025-05-25,true,0.549,1,
768,49,NSK,28002.42,3810.09,mobile,risk,2024-10-04,true,0.2506,0,заявка принята
769,24,MSK,89091.21,6391.28,mobile,risk,2024-04-03,true,0.5821,1,повторное обращение
770,33,MSK,68194.79,5607.67,mobile,risk,2024-07-20,false,0.501,0,заявка принята
771,32,NSK,31755.83,7644.0,web,support,2024-01-01,false,0.5224,1,документы на проверке
772,35,SPB,35493.0,2226.6,mobile,risk,2025-11-25,false,0.7621,1,
773,18,ROV,58091.23,1556.6,web,risk,2025-03-29,true,0.6921,0,повторное обращение
774,41,MSK,43098.53,2041.44,web,support,2024-11-27,false,0.2096,0,повторное обращение
775,47,MSK,184343.65,3403.38,web,risk,2024-05-28,false,0.3123,1,
776,33,NSK,31407.91,5611.89,partner,ops,2024-01-20,true,0.6516,1,повторное обращение
777,33,KZN,54138.66,6035.18,web,support,2024-10-07,true,0.3922,1,повторное обращение
778,31,EKB,92781.27,13279.53,web,risk,2024-03-01,false,0.693,1,перевод в другой отдел
779,25,MSK,71744.69,5172.32,mobile,risk,2025-07-24,false,0.4644,1,
780,58,MSK,77988.74,2335.49,web,support,2025-04-24,false,0.5524,1,перевод в другой отдел
781,48,MSK,74091.23,12998.34,partner,ops,2025-05-31,false,0.9656,0,документы на проверке
782,22,NSK,100108.44,19624.33,mobile,ops,2025-04-21,true,0.5218,1,
783,34,NSK,151068.74,3672.05,web,ops,2024-01-09,false,0.6097,0,повторное обращение
784,37,EKB,53728.45,10620.15,partner,risk,2024-07-12,true,0.6376,0,перевод в другой отдел
785,39,NSK,100831.15,11246.44,web,risk,2025-11-04,false,0.5477,0,повторное обращение
786,29,ROV,51853.12,11812.69,partner,ops,2025-03-30,true,0.5756,0,клиент не отвечает
787,50,MSK,65408.31,16407.66,web,sales,2024-08-02,false,0.5689,0,
788,22,SPB,50949.23,1668.03,mobile,sales,2025-03-06,true,0.3266,1,перевод в другой отдел
789,31,MSK,70911.36,9798.43,offline,ops,2024-01-17,false,0.6292,1,
790,31,MSK,63800.81,944.49,partner,sales,2025-09-02,false,0.3829,0,перевод в другой отдел
791,21,SPB,61010.43,16020.89,web,risk,2024-06-15,true,0.2844,0,перевод в другой отдел
792,28,KZN,27894.5,6482.4,web,ops,2025-07-06,true,0.609,0,повторное обращение
793,46,MSK,56831.33,11807.34,mobile,sales,2025-05-02,false,0.6081,1,повторное обращение
794,31,ROV,30255.6,12833.14,web,support,2025-06-11,true,0.7112,0,повторное обращение
795,27,EKB,68288.84,1252.01,mobile,risk,2025-04-18,false,0.2602,1,повторное обращение
796,32,MSK,120391.45,8134.82,mobile,ops,2024-01-12,false,0.6639,1,перевод в другой отдел
797,47,ROV,129687.94,2487.01,offline,risk,2024-12-11,true,0.8458,1,перевод в другой отдел
798,24,EKB,81336.61,8732.02,web,sales,2024-04-06,false,0.8169,0,заявка принята
799,51,MSK,54661.46,4525.29,mobile,support,2024-07-22,false,0.705,0,документы на проверке
800,32,KZN,89688.91,4758.7,mobile,sales,2025-10-12,true,0.4488,0,
801,54,NSK,103500.44,12280.49,web,support,2024-01-01,false,0.8609,1,повторное обращение
802,52,ROV,54732.49,29138.95,mobile,support,2024-06-12,false,0.3947,1,документы на проверке
803,45,MSK,51628.4,2074.56,mobile,sales,2024-08-25,false,0.8299,1,заявка принята
804,22,MSK,130470.18,1808.86,partner,ops,2025-05-13,true,0.4467,0,документы на проверке
805,71,NSK,24282.46,17783.67,mobile,ops,2024-02-28,false,0.8872,1,
806,35,NSK,72496.2,7851.69,mobile,ops,2025-08-28,false,0.1221,0,заявка принята
807,60,SPB,69084.61,20518.72,partner,sales,2025-08-27,true,0.5043,0,документы на проверке
808,63,MSK,94197.39,20660.5,partner,sales,2025-10-24,false,0.7737,1,документы на проверке
809,40,SPB,86588.98,9085.16,offline,support,2025-10-07,true,0.4725,0,перевод в другой отдел
810,56,EKB,18694.02,2386.18,mobile,sales,2025-04-14,false,0.3552,1,повторное обращение
811,43,NSK,52578.96,9271.29,web,support,2024-11-09,true,0.809,1,
812,24,NSK,58756.88,3890.32,web,support,2024-11-26,true,0.6497,0,документы на проверке
813,32,NSK,63737.05,5302.6,offline,sales,2025-09-04,false,0.7085,0,перевод в другой отдел
814,44,SPB,31725.77,12831.76,mobile,sales,2024-08-18,true,0.6402,1,повторное обращение
815,20,MSK,45154.9,5761.11,offline,sales,2024-09-06,false,0.4307,1,клиент не отвечает
816,24,NSK,122032.48,21328.76,partner,ops,2025-01-07,false,0.6266,1,клиент не отвечает
817,20,ROV,62173.47,4534.69,web,risk,2025-09-10,false,0.7912,0,
818,28,KZN,17818.15,4035.66,web,ops,2024-06-24,false,0.0391,0,документы на проверке
819,23,SPB,33537.17,10531.3,mobile,risk,2025-09-04,true,0.1999,0,клиент не отвечает
820,40,NSK,42704.51,1539.87,web,risk,2025-09-16,false,0.7028,0,документы на проверке
821,62,NSK,125353.35,1872.1,mobile,support,2024-01-31,false,0.8484,0,
822,41,ROV,112283.83,2928.28,web,support,2024-07-06,false,0.5631,1,повторное обращение
823,31,SPB,53673.23,1832.94,web,risk,2025-09-12,true,0.1533,0,
824,32,ROV,30013.68,8253.0,mobile,support,2025-10-13,true,0.5882,0,документы на проверке
825,40,KZN,73187.42,8379.25,mobile,support,2024-02-01,true,0.6724,1,перевод в другой отдел
826,43,EKB,43612.22,2701.31,mobile,risk,2025-11-05,false,0.4759,1,клиент не отвечает
827,54,MSK,57615.64,15900.08,mobile,sales,2025-11-10,false,0.4178,0,документы на проверке
828,31,MSK,37224.54,3601.2,web,ops,2025-05-18,false,0.3951,0,документы на проверке
829,27,KZN,70762.35,7784.87,mobile,sales,2025-08-24,true,0.6458,1,
830,36,MSK,51415.65,5967.31,web,ops,2025-06-04,true,0.562,0,повторное обращение
831,61,KZN,37799.64,1451.99,web,sales,2025-01-25,true,0.7659,0,перевод в другой отдел
832,46,KZN,93517.17,2316.06,mobile,risk,2025-11-27,false,0.514,1,повторное обращение
833,54,ROV,30646.51,645.35,mobile,risk,2025-10-03,true,0.414,0,
834,38,EKB,40405.83,4726.25,mobile,risk,2024-10-18,false,0.416,1,документы на проверке
835,36,SPB,45265.46,8062.17,web,sales,2025-05-05,true,0.8137,1,заявка принята
836,41,EKB,33662.98,4027.55,mobile,sales,2024-08-03,true,0.4104,0,документы на проверке
837,44,KZN,35690.63,4491.36,mobile,support,2025-11-04,true,0.5192,1,клиент не отвечает
838,46,NSK,50721.26,5410.33,web,risk,2024-02-09,true,0.5671,1,
839,39,NSK,77792.44,1608.21,partner,sales,2025-10-26,false,0.6854,0,документы на проверке
840,31,NSK,117124.7,5630.77,mobile,ops,2024-06-05,false,0.3942,1,повторное обращение
841,48,MSK,53338.96,7256.98,partner,ops,2025-07-08,false,0.7119,1,повторное обращение
842,44,ROV,45946.82,3920.94,mobile,risk,2024-11-29,true,0.3683,1,
843,29,EKB,87802.4,3085.93,web,ops,2025-10-21,false,0.4847,1,повторное обращение
844,23,SPB,54493.78,587.71,offline,ops,2024-07-03,true,0.5519,1,
845,42,MSK,117175.15,7017.52,web,support,2025-02-25,true,0.7344,0,
846,56,SPB,86164.59,21878.63,web,sales,2024-01-22,true,0.8146,0,перевод в другой отдел
847,44,ROV,40912.09,9264.32,web,risk,2025-05-01,true,0.3853,1,перевод в другой отдел
848,30,MSK,43146.06,11541.89,offline,ops,2024-09-12,true,0.8162,1,клиент не отвечает
849,40,KZN,54986.11,3172.17,offline,support,2024-01-21,false,0.5392,1,перевод в другой отдел
850,62,MSK,45127.04,14854.91,web,risk,2024-03-26,false,0.4813,1,заявка принята
851,26,ROV,38718.56,1703.1,web,support,2025-10-26,false,0.3433,0,перевод в другой отдел
852,25,MSK,90324.86,1231.74,web,support,2025-08-10,false,0.5705,0,повторное обращение
853,47,MSK,77200.52,8585.04,mobile,risk,2024-12-20,true,0.4106,0,клиент не отвечает
854,37,SPB,80573.99,5061.08,mobile,sales,2024-01-10,false,0.5836,0,документы на проверке
855,52,ROV,70823.17,7976.58,offline,sales,2024-07-23,true,0.6118,0,повторное обращение
856,62,MSK,35212.16,4802.22,mobile,support,2025-09-11,false,0.7512,1,перевод в другой отдел
857,36,KZN,60298.83,10757.28,web,support,2024-03-18,false,0.2707,0,повторное обращение
858,46,NSK,60354.31,2503.66,partner,support,2025-11-01,false,0.7279,0,перевод в другой отдел
859,38,MSK,101269.15,15968.33,mobile,sales,2024-11-22,false,0.4442,0,
860,30,MSK,101781.6,8431.79,web,ops,2025-05-15,true,0.264,1,повторное обращение
861,34,SPB,38956.09,2711.53,mobile,ops,2024-05-25,false,0.4823,0,клиент не отвечает
862,61,KZN,86973.76,3210.42,offline,support,2025-08-30,true,0.3961,0,заявка принята
863,51,MSK,59710.98,3051.29,offline,ops,2025-03-21,true,0.5309,1,клиент не отвечает
864,42,ROV,44816.63,3047.16,mobile,ops,2025-03-02,false,0.4978,0,
865,47,EKB,30342.59,1503.6,offline,ops,2024-08-02,true,0.7232,0,перевод в другой отдел
866,20,SPB,30869.2,13620.13,mobile,support,2025-05-15,true,0.2209,0,перевод в другой отдел
867,32,EKB,29569.67,16167.82,web,risk,2025-04-05,true,0.5044,0,перевод в другой отдел
868,35,EKB,43250.98,6585.24,mobile,risk,2024-11-17,true,0.3437,1,
869,48,NSK,62358.45,2556.11,web,sales,2024-09-24,false,0.8879,1,заявка принята
870,54,SPB,55603.33,1906.6,mobile,risk,2024-10-07,true,0.5566,0,
871,30,NSK,45046.59,3729.41,web,ops,2025-02-09,true,0.4186,1,
872,34,NSK,82978.81,1009.97,mobile,risk,2024-03-24,true,0.7375,1,клиент не отвечает
873,34,SPB,86625.39,2184.81,web,support,2024-09-24,true,0.5477,0,
874,36,NSK,58742.52,2967.42,partner,ops,2025-06-06,false,0.4736,0,заявка принята
875,29,NSK,65987.26,4985.91,partner,sales,2025-06-05,true,0.2665,1,клиент не отвечает
876,41,ROV,39240.7,4526.81,web,support,2024-12-08,false,0.7271,1,клиент не отвечает
877,45,MSK,78121.97,3794.17,mobile,sales,2024-04-19,true,0.6104,1,повторное обращение
878,39,MSK,32780.42,2688.5,mobile,support,2024-08-10,false,0.2169,1,заявка принята
879,39,SPB,117442.73,4044.56,mobile,support,2025-05-06,false,0.6212,1,
880,43,NSK,132532.87,10379.05,web,ops,2024-04-09,true,0.4037,0,
881,42,KZN,55692.57,3076.41,mobile,support,2025-10-13,true,0.6859,0,клиент не отвечает
882,40,EKB,177461.84,4878.74,web,support,2024-03-07,false,0.5883,0,заявка принята
883,50,SPB,75770.83,1683.3,partner,support,2025-04-03,true,0.5543,0,документы на проверке
884,44,ROV,32513.46,5695.77,mobile,ops,2025-01-17,false,0.3446,0,
885,31,EKB,37515.47,4153.12,partner,risk,2025-11-19,false,0.4782,0,
886,27,SPB,98191.31,3091.43,mobile,support,2024-12-17,true,0.4653,0,документы на проверке
887,28,EKB,36186.4,5042.63,mobile,sales,2025-07-17,true,0.7237,1,
888,40,SPB,159415.27,4963.67,web,ops,2025-08-13,false,0.7901,0,
889,38,NSK,99533.96,2370.67,partner,sales,2024-09-04,false,0.4246,1,повторное обращение
890,32,KZN,17964.26,2022.28,mobile,sales,2025-01-01,true,0.4889,1,
891,29,SPB,213549.77,7018.77,web,ops,2025-05-26,true,0.4151,0,перевод в другой отдел
892,30,SPB,70187.12,15822.92,offline,sales,2024-02-09,true,0.1694,1,клиент не отвечает
893,37,MSK,67799.44,3467.35,web,ops,2024-11-26,false,0.5891,0,повторное обращение
894,33,EKB,69890.46,4488.53,mobile,support,2024-10-08,false,0.4573,1,документы на проверке
895,35,NSK,55375.01,3169.49,web,risk,2025-03-12,true,0.4632,1,заявка принята
896,42,MSK,39638.28,22613.14,web,support,2024-04-28,true,0.7072,1,повторное обращение
897,36,NSK,40952.3,9213.36,web,sales,2025-04-30,false,0.075,1,документы на проверке
898,36,MSK,78347.14,4504.81,web,support,2024-01-25,true,0.446,0,
899,43,NSK,31217.96,7429.44,web,sales,2024-08-25,false,0.7596,0,повторное обращение
900,37,SPB,39037.0,1062.61,partner,risk,2025-05-06,true,0.3309,0,
901,24,MSK,76841.95,7247.41,mobile,support,2024-03-10,true,0.5424,0,документы на проверке
902,46,SPB,43293.11,1766.59,mobile,ops,2024-07-16,false,0.7274,0,клиент не отвечает
903,18,MSK,42205.07,4546.34,mobile,support,2025-09-05,false,0.6162,0,заявка принята
904,35,MSK,88714.25,6049.91,mobile,ops,2025-04-20,false,0.5285,1,перевод в другой отдел
905,46,ROV,56932.05,5880.95,web,support,2024-12-11,false,0.2998,1,перевод в другой отдел
906,21,MSK,66496.42,10580.25,offline,support,2024-12-22,true,0.4591,0,перевод в другой отдел
907,25,MSK,107912.1,7520.91,partner,risk,2024-07-28,true,0.4895,1,заявка принята
908,34,NSK,27690.92,4422.5,mobile,ops,2025-08-04,false,0.1468,1,повторное обращение
909,37,MSK,64320.35,2283.77,web,risk,2024-07-22,false,0.5796,1,
910,54,SPB,40190.34,1706.57,web,sales,2024-03-12,false,0.4822,0,повторное обращение
911,43,EKB,129885.18,1610.77,web,risk,2025-03-16,true,0.1088,1,документы на проверке
912,22,ROV,81114.8,3135.17,mobile,sales,2024-04-03,false,0.3278,0,клиент не отвечает
913,44,SPB,142857.68,9852.38,web,sales,2025-11-18,false,0.6054,0,клиент не отвечает
914,39,MSK,49563.03,2945.78,partner,ops,2025-07-08,true,0.5906,0,
915,18,NSK,59744.96,14469.21,mobile,risk,2024-03-20,false,0.5269,0,повторное обращение
916,39,SPB,44187.13,1764.6,web,ops,2025-07-30,true,0.3909,0,клиент не отвечает
917,37,NSK,28864.34,3903.79,web,ops,2024-12-22,false,0.4732,1,перевод в другой отдел
918,30,KZN,93690.32,2045.23,mobile,sales,2024-04-04,true,0.5247,0,перевод в другой отдел
919,62,SPB,91694.28,9325.63,web,risk,2025-06-17,true,0.7094,0,документы на проверке
920,54,KZN,121681.43,9042.14,partner,support,2024-03-09,false,0.5945,0,повторное обращение
921,18,NSK,33171.0,3330.24,mobile,risk,2025-05-27,true,0.4438,0,клиент не отвечает
922,40,MSK,65375.93,2913.28,mobile,sales,2024-06-14,true,0.5525,0,заявка принята
923,44,MSK,57811.51,5722.95,mobile,ops,2025-09-12,false,0.4995,1,перевод в другой отдел
924,25,SPB,83257.23,5522.28,offline,risk,2025-09-10,false,0.4829,0,клиент не отвечает
925,37,SPB,20238.18,8305.12,web,support,2025-02-09,true,0.5477,1,повторное обращение
926,45,SPB,52129.23,2954.28,web,sales,2025-01-18,false,0.4318,1,клиент не отвечает
927,56,MSK,110662.94,3179.85,web,support,2024-04-13,false,0.2721,0,заявка принята
928,46,NSK,39688.34,3850.33,partner,risk,2024-02-22,true,0.5295,1,клиент не отвечает
929,38,SPB,70541.65,1966.83,partner,risk,2024-05-25,true,0.3184,0,заявка принята
930,30,MSK,54894.58,3525.24,web,support,2024-03-08,true,0.4131,0,перевод в другой отдел
931,34,MSK,24931.2,896.5,offline,risk,2025-04-25,false,0.1967,1,документы на проверке
932,18,KZN,80735.21,18004.03,partner,risk,2024-08-19,false,0.3742,0,клиент не отвечает
933,34,SPB,89016.14,671.42,mobile,support,2024-09-11,true,0.9328,0,заявка принята
934,33,SPB,64956.32,1741.39,mobile,sales,2024-02-28,false,0.3079,1,повторное обращение
935,18,SPB,43446.17,3710.8,web,ops,2024-10-20,true,0.7658,0,перевод в другой отдел
936,43,SPB,59459.63,2485.67,web,risk,2024-02-11,false,0.6449,0,перевод в другой отдел
937,70,MSK,103325.42,2833.72,web,sales,2024-05-21,false,0.8641,1,повторное обращение
938,26,MSK,70792.68,18821.32,offline,ops,2025-01-02,false,0.291,1,перевод в другой отдел
939,25,SPB,71728.35,3718.09,mobile,sales,2024-03-01,true,0.2384,0,повторное обращение
940,48,MSK,125825.48,6546.37,offline,ops,2024-05-05,false,0.633,1,
941,41,MSK,46105.05,4404.7,web,ops,2025-04-05,false,0.7073,1,
942,50,SPB,72420.33,12929.08,web,ops,2024-05-31,true,0.4708,1,повторное обращение
943,24,MSK,30992.09,2541.18,mobile,risk,2024-04-17,true,0.4931,0,повторное обращение
944,48,KZN,43523.91,4896.63,mobile,support,2024-02-10,false,0.7277,1,документы на проверке
945,51,MSK,,3598.55,web,support,2025-08-28,false,0.506,1,перевод в другой отдел
946,56,KZN,67021.57,10890.24,partner,ops,2025-05-28,false,0.2882,0,документы на проверке
947,30,NSK,73412.07,2552.21,mobile,support,2024-01-15,true,0.3296,0,перевод в другой отдел
948,20,MSK,79889.31,8590.87,web,ops,2025-03-12,true,0.1627,0,перевод в другой отдел
949,60,SPB,62619.47,884.52,partner,risk,2024-04-26,false,0.75,0,заявка принята
950,18,NSK,57427.37,8173.6,web,sales,2024-06-29,true,0.509,1,документы на проверке
951,56,ROV,45098.38,6141.3,partner,risk,2024-12-14,false,0.4119,0,заявка принята
952,45,SPB,73206.71,6578.73,partner,support,2025-07-24,false,0.2186,1,перевод в другой отдел
953,33,MSK,30933.18,6305.71,web,sales,2025-04-19,true,0.4164,1,документы на проверке
954,18,NSK,66337.21,6686.49,web,sales,2024-09-08,false,0.4706,1,перевод в другой отдел
955,43,ROV,17119.3,3063.73,web,risk,2024-01-24,false,0.5307,1,перевод в другой отдел
956,40,MSK,65833.71,7627.79,web,sales,2025-08-13,true,0.583,0,повторное обращение
957,47,EKB,120538.67,22698.49,web,sales,2024-02-11,false,0.5572,1,заявка принята
958,32,MSK,152581.36,1584.95,mobile,ops,2025-02-19,false,0.3907,1,повторное обращение
959,25,KZN,26656.32,9050.01,mobile,sales,2024-08-11,true,0.3852,1,повторное обращение
960,36,EKB,46726.16,15003.42,web,support,2025-07-14,false,0.1764,1,повторное обращение
961,28,KZN,50014.06,1948.59,mobile,sales,2024-09-18,false,0.3934,1,заявка принята
962,50,MSK,40497.27,5539.25,web,support,2024-02-11,true,0.4845,0,
963,42,SPB,48243.11,3712.49,mobile,ops,2024-05-30,true,0.5301,0,перевод в другой отдел
964,32,NSK,56342.71,5617.63,partner,risk,2025-11-12,true,0.675,0,клиент не отвечает
965,28,MSK,,4216.46,web,sales,2025-06-20,false,0.52,1,заявка принята
966,42,MSK,63664.61,2472.55,partner,ops,2024-10-09,false,0.4427,0,перевод в другой отдел
967,42,ROV,,2188.6,web,support,2024-04-22,false,0.6175,0,документы на проверке
968,37,KZN,45569.55,2834.98,web,support,2025-06-25,true,0.5921,1,перевод в другой отдел
969,40,SPB,58686.5,13957.63,mobile,ops,2024-10-05,false,0.2036,1,
970,46,NSK,58102.4,2906.19,web,support,2025-05-19,true,0.3054,1,
971,51,MSK,28734.12,5343.68,web,sales,2024-05-18,true,0.6171,1,повторное обращение
972,35,MSK,38076.92,5547.4,offline,support,2024-12-14,true,0.5457,0,заявка принята
973,45,NSK,85241.91,9043.65,partner,sales,2024-08-09,false,0.2106,1,заявка принята
974,51,ROV,54391.32,3106.91,offline,support,2024-04-09,true,0.6359,0,
975,36,MSK,76721.65,2806.43,mobile,ops,2025-11-08,true,0.6192,0,заявка принята
976,57,MSK,95375.48,6020.62,web,sales,2025-04-30,true,0.7779,0,перевод в другой отдел
977,45,KZN,32021.46,3298.45,mobile,support,2025-06-16,false,0.5345,1,клиент не отвечает
978,60,NSK,117778.03,9337.07,mobile,risk,2024-09-23,true,1.0259,1,повторное обращение
979,28,NSK,27627.53,3251.9,web,support,2025-06-14,true,0.6074,0,повторное обращение
980,38,KZN,27110.49,1334.89,web,sales,2024-09-24,true,0.568,1,повторное обращение
981,51,KZN,136746.11,3878.02,web,sales,2025-04-16,false,0.5671,1,перевод в другой отдел
982,58,KZN,197626.85,6211.25,mobile,support,2024-03-25,false,0.5674,0,заявка принята
983,18,NSK,48893.76,9971.71,mobile,risk,2024-03-28,true,0.6527,0,документы на проверке
984,30,MSK,78481.54,8317.16,mobile,sales,2025-01-23,false,0.3147,1,клиент не отвечает
985,54,MSK,42902.47,3163.1,web,risk,2025-02-18,true,0.55,0,повторное обращение
986,19,SPB,53228.77,3248.51,mobile,ops,2025-07-19,false,0.6773,0,заявка принята
987,30,NSK,56773.81,12466.86,web,support,2024-03-03,true,0.5838,0,заявка принята
988,44,NSK,27814.79,5033.11,mobile,support,2025-01-22,true,0.4071,0,документы на проверке
989,30,MSK,35861.4,10840.61,web,risk,2024-10-31,true,0.3644,1,клиент не отвечает
990,38,EKB,56040.58,10355.29,web,ops,2025-02-03,false,0.4149,0,повторное обращение
991,25,EKB,31011.11,1412.75,web,risk,2024-10-27,true,0.7473,0,
992,48,SPB,39209.31,10646.33,web,sales,2024-04-21,true,0.5988,0,перевод в другой отдел
993,22,SPB,20689.75,1394.06,web,risk,2024-05-05,true,0.9305,1,повторное обращение
994,39,EKB,47238.1,4395.04,partner,risk,2024-02-10,true,0.4366,0,
995,42,EKB,55566.68,17474.43,web,sales,2024-07-08,true,0.545,0,заявка принята
996,28,SPB,109995.13,2373.5,partner,ops,2024-10-17,true,0.4263,1,
997,60,KZN,47197.57,696.05,web,sales,2025-09-10,true,0.2906,1,документы на проверке
998,27,MSK,36673.92,3563.94,web,support,2024-07-18,true,0.3292,1,повторное обращение
999,26,MSK,46957.07,29118.57,mobile,risk,2025-06-16,true,0.3773,0,перевод в другой отдел
1000,23,SPB,51084.79,6008.17,offline,support,2024-01-19,true,0.2817,1,заявка принята
1001,29,SPB,56613.24,6462.86,partner,support,2024-09-17,false,0.4946,0,заявка принята
1002,43,MSK,55151.45,3511.11,partner,support,2025-06-21,false,0.3143,0,
1003,43,SPB,86306.62,4751.71,web,support,2025-10-22,true,0.4895,0,заявка принята
1004,47,EKB,,10914.33,mobile,sales,2024-10-19,true,0.614,1,
1005,75,NSK,126493.44,7003.45,mobile,ops,2025-07-19,false,0.4937,1,заявка принята
1006,45,NSK,43367.48,4450.94,web,support,2024-07-13,true,0.4133,0,перевод в другой отдел
1007,41,SPB,66655.82,4885.63,offline,sales,2025-03-03,true,0.2042,1,
1008,19,SPB,89411.24,1389.44,web,risk,2025-06-16,true,0.6167,0,перевод в другой отдел
1009,50,ROV,40851.84,8837.21,partner,risk,2025-07-16,true,0.1712,0,клиент не отвечает
1010,28,EKB,23685.6,3430.53,web,ops,2024-08-09,false,0.4186,0,клиент не отвечает
1011,56,KZN,87902.88,8372.43,partner,support,2025-08-24,false,0.7064,0,документы на проверке
1012,34,KZN,18716.42,4664.49,web,ops,2024-02-26,false,0.8918,0,документы на проверке
1013,39,MSK,53454.95,5548.21,mobile,sales,2024-02-25,true,0.5807,1,
1014,18,ROV,67150.08,2701.63,mobile,risk,2025-05-22,false,0.4602,0,клиент не отвечает
1015,47,SPB,32662.36,7964.01,partner,risk,2025-07-22,false,0.7528,0,
1016,28,SPB,22764.69,8144.53,offline,risk,2025-02-10,false,0.3653,0,заявка принята
1017,45,SPB,51078.71,13283.48,web,support,2025-11-25,true,0.4878,0,заявка принята
1018,31,SPB,109416.37,4033.61,web,risk,2024-05-04,false,0.5967,1,заявка принята
1019,49,SPB,75597.54,4981.98,web,ops,2025-06-06,true,0.3675,1,клиент не отвечает
1020,31,MSK,47165.79,4249.01,mobile,support,2025-05-26,true,1.0877,1,повторное обращение
1021,58,NSK,136329.0,7335.19,offline,support,2025-06-15,false,0.6652,1,повторное обращение
1022,28,KZN,79621.59,558.05,web,support,2025-06-11,false,0.4378,0,клиент не отвечает
1023,46,EKB,78485.3,3272.95,mobile,sales,2025-05-04,false,0.5336,1,клиент не отвечает
1024,39,EKB,88879.41,1362.86,offline,risk,2024-03-29,false,0.6927,0,заявка принята
1025,40,SPB,37483.59,8679.25,web,support,2025-08-07,false,0.2893,0,клиент не отвечает
1026,38,NSK,73421.57,6436.7,partner,sales,2024-05-09,true,0.0621,0,перевод в другой отдел
1027,46,EKB,100424.53,12862.01,web,risk,2025-10-25,false,0.0876,1,
1028,26,MSK,42130.56,5856.15,web,sales,2024-04-03,true,0.3646,1,повторное обращение
1029,47,SPB,117294.08,1090.27,mobile,sales,2025-05-21,false,0.3984,1,клиент не отвечает
1030,18,NSK,58959.05,7565.66,partner,support,2024-02-09,false,0.4174,1,
1031,26,MSK,101652.66,13309.3,web,risk,2025-08-05,true,0.4823,1,повторное обращение
1032,35,EKB,51858.28,11873.6,web,ops,2024-05-23,false,0.731,0,повторное обращение
1033,27,MSK,65465.11,1457.49,mobile,support,2024-12-14,false,0.3151,0,заявка принята
1034,27,MSK,27397.92,2569.73,partner,risk,2024-08-16,true,0.1429,0,документы на проверке
1035,35,MSK,86796.03,17999.8,partner,sales,2025-05-14,false,0.3425,1,перевод в другой отдел
1036,39,NSK,81515.29,18649.54,mobile,sales,2025-09-05,true,0.6267,1,повторное обращение
1037,19,NSK,41813.75,2866.94,web,risk,2024-07-26,true,0.4721,1,перевод в другой отдел
1038,31,SPB,95201.56,7936.14,web,sales,2024-12-28,false,0.4247,0,документы на проверке
1039,18,EKB,68428.42,29658.33,web,sales,2025-01-04,false,0.3959,1,клиент не отвечает
1040,41,SPB,95233.12,1813.1,mobile,ops,2025-07-05,false,0.5934,1,повторное обращение
1041,50,SPB,95621.09,8770.08,partner,ops,2024-11-20,false,0.725,1,повторное обращение
1042,27,NSK,37828.95,11783.19,mobile,sales,2024-05-14,true,0.508,0,перевод в другой отдел
1043,41,MSK,77395.99,2738.34,mobile,risk,2025-06-16,false,0.4598,1,клиент не отвечает
1044,18,SPB,38845.83,6230.32,mobile,risk,2024-06-02,true,0.2066,1,перевод в другой отдел
1045,57,EKB,37332.83,19372.34,partner,sales,2024-07-13,true,0.081,0,повторное обращение
1046,18,NSK,67043.14,4656.36,mobile,ops,2024-07-27,false,0.2805,0,перевод в другой отдел
1047,45,SPB,31222.84,4271.61,web,risk,2025-05-10,true,0.5264,1,документы на проверке
1048,47,NSK,122477.4,2356.76,web,support,2025-02-05,true,0.4532,0,
1049,32,SPB,73174.26,18973.41,web,support,2024-11-29,true,0.5439,0,документы на проверке
1050,63,MSK,43754.11,3832.79,mobile,sales,2024-08-29,true,0.4003,1,повторное обращение
1051,46,SPB,62986.66,10127.5,mobile,sales,2025-10-22,false,0.4135,1,повторное обращение
1052,44,MSK,,806.71,partner,ops,2024-07-03,false,0.6628,0,заявка принята
1053,40,MSK,56550.89,4431.28,mobile,ops,2024-05-21,true,0.6127,1,повторное обращение
1054,50,EKB,90872.64,4815.76,mobile,sales,2025-07-21,false,0.7754,1,документы на проверке
1055,18,SPB,108725.27,21197.53,mobile,risk,2024-08-30,false,0.5022,0,заявка принята
1056,46,KZN,53917.42,7220.67,web,risk,2025-04-16,true,0.1218,0,повторное обращение
1057,48,ROV,117014.71,5698.88,mobile,support,2024-10-10,true,0.3414,1,заявка принята
1058,31,MSK,57960.35,5122.74,web,sales,2025-02-11,true,0.4329,0,
1059,42,MSK,82333.41,3885.15,partner,sales,2025-09-12,true,0.6101,0,заявка принята
1060,47,MSK,50731.55,1481.05,mobile,support,2024-10-27,false,0.6289,0,клиент не отвечает
1061,30,EKB,78021.02,7371.25,web,sales,2024-10-18,false,0.7004,0,
1062,18,KZN,50420.96,5495.63,offline,sales,2025-01-10,false,0.4469,0,
1063,22,KZN,91958.95,1699.3,web,ops,2024-04-09,false,0.7273,0,заявка принята
1064,42,ROV,63291.12,6730.24,partner,sales,2024-03-17,true,0.6011,1,заявка принята
1065,46,MSK,72273.51,4960.9,mobile,support,2025-03-29,true,0.6697,0,клиент не отвечает
1066,23,SPB,115670.13,35161.34,web,sales,2024-03-01,false,0.6176,0,клиент не отвечает
1067,52,EKB,43954.52,5814.58,mobile,risk,2024-10-18,true,0.4475,1,повторное обращение
1068,37,MSK,57936.17,2313.99,mobile,ops,2024-04-12,false,0.8555,0,заявка принята
1069,25,MSK,,3620.41,mobile,sales,2024-12-16,false,0.5231,0,заявка принята
1070,39,SPB,57391.61,9850.88,web,risk,2024-11-03,false,0.5599,1,повторное обращение
1071,43,MSK,23821.73,6888.16,web,ops,2025-05-23,true,0.5883,1,документы на проверке
1072,45,EKB,38940.53,3978.34,partner,ops,2025-03-23,true,0.5141,1,перевод в другой отдел
1073,25,KZN,58562.4,13400.12,offline,ops,2024-11-14,true,0.3981,0,заявка принята
1074,39,NSK,38910.25,5752.87,web,sales,2025-08-10,true,0.4543,1,
1075,42,KZN,72429.22,8115.24,mobile,ops,2025-09-12,false,0.509,1,
1076,38,SPB,34325.05,7825.6,offline,sales,2025-01-26,true,0.5752,1,повторное обращение
1077,18,SPB,16694.36,8425.61,mobile,support,2025-08-19,true,0.5519,1,документы на проверке
1078,36,EKB,36148.61,1312.48,web,ops,2024-04-18,true,0.5203,0,повторное обращение
1079,28,NSK,15186.33,14978.35,mobile,sales,2025-01-13,false,0.2863,0,повторное обращение
1080,42,SPB,107059.49,5267.79,offline,sales,2025-07-13,false,0.4648,0,перевод в другой отдел
1081,31,MSK,119133.8,6801.83,offline,ops,2025-03-24,true,0.4867,1,заявка принята
1082,41,MSK,58378.71,3715.84,mobile,ops,2025-10-25,true,0.3809,0,документы на проверке
1083,51,NSK,69468.96,7410.81,web,ops,2024-09-30,false,0.3394,0,повторное обращение
1084,35,KZN,54087.42,5638.37,mobile,risk,2024-12-07,false,0.3744,0,заявка принята
1085,40,KZN,76292.5,3301.9,web,ops,2025-09-16,true,0.3134,1,
1086,36,MSK,50409.51,12392.6,mobile,support,2024-10-08,true,0.7565,1,заявка принята
1087,22,KZN,63802.77,4475.76,web,ops,2024-09-21,true,0.5063,0,документы на проверке
1088,23,SPB,35069.58,7243.79,partner,support,2025-11-08,true,0.5896,1,повторное обращение
1089,36,MSK,100105.57,2081.17,partner,sales,2024-12-06,true,0.4261,1,повторное обращение
1090,18,EKB,35185.39,3364.53,web,support,2024-10-07,false,0.8563,1,клиент не отвечает
1091,45,EKB,62640.56,6027.28,mobile,sales,2025-02-14,true,0.3423,0,заявка принята
1092,36,SPB,38619.98,3320.44,mobile,ops,2024-09-28,true,0.7029,1,
1093,49,NSK,108710.93,1896.34,web,risk,2025-11-06,true,0.482,1,документы на проверке
1094,48,MSK,31855.47,3006.66,mobile,support,2024-07-31,true,0.6923,1,клиент не отвечает
1095,55,MSK,41393.8,7441.43,web,risk,2024-07-02,false,0.4707,1,клиент не отвечает
1096,34,ROV,71042.79,3705.0,web,ops,2024-06-14,false,0.3788,1,перевод в другой отдел
1097,27,EKB,131281.06,7791.04,partner,risk,2024-07-15,true,0.5891,0,клиент не отвечает
1098,54,SPB,86904.9,3064.03,mobile,sales,2025-02-10,false,0.7701,0,повторное обращение
1099,39,ROV,84623.5,2482.64,mobile,ops,2025-05-04,false,0.499,1,перевод в другой отдел
1100,21,NSK,39615.51,6117.4,partner,risk,2025-06-30,false,0.6878,1,заявка принята
1101,63,NSK,57994.15,4916.77,mobile,sales,2025-08-14,false,0.525,0,клиент не отвечает
1102,61,ROV,19700.57,6190.63,web,support,2024-06-17,false,0.3481,0,повторное обращение
1103,35,SPB,111623.91,13031.68,web,ops,2025-10-12,false,0.1376,1,документы на проверке
1104,40,EKB,42638.0,839.05,mobile,risk,2024-02-02,false,0.5939,0,перевод в другой отдел
1105,34,NSK,41009.74,7546.68,mobile,ops,2025-04-06,false,0.6719,0,повторное обращение
1106,38,NSK,59309.1,13821.35,partner,ops,2024-03-15,false,0.6599,0,
1107,52,KZN,87213.64,6411.48,mobile,ops,2024-11-28,true,0.5278,0,перевод в другой отдел
1108,31,KZN,91559.23,7252.89,offline,ops,2025-06-10,false,0.4186,1,перевод в другой отдел
1109,47,MSK,50852.42,1201.5,mobile,risk,2025-05-01,true,0.4999,0,клиент не отвечает
1110,33,MSK,179680.16,6042.01,mobile,sales,2025-07-03,false,0.291,0,документы на проверке
1111,36,NSK,69739.0,5875.54,mobile,risk,2025-08-15,false,0.1865,1,заявка принята
1112,36,MSK,97604.24,7703.95,web,risk,2024-10-01,true,0.7044,0,документы на проверке
1113,28,MSK,63898.61,6890.24,web,ops,2025-08-03,true,0.3161,0,документы на проверке
1114,56,EKB,44842.96,2632.56,mobile,sales,2024-03-05,false,0.2067,0,клиент не отвечает
1115,32,ROV,84374.69,6653.19,web,ops,2024-05-04,true,0.5458,1,перевод в другой отдел
1116,42,MSK,45915.7,7349.13,partner,ops,2025-03-07,true,0.6744,1,повторное обращение
1117,33,ROV,70797.04,15524.21,web,ops,2024-01-04,false,0.6794,0,перевод в другой отдел
1118,53,SPB,76880.44,49549.81,mobile,risk,2024-04-02,true,0.4395,0,перевод в другой отдел
1119,51,SPB,35602.12,2934.93,mobile,support,2025-03-05,false,0.512,1,документы на проверке
1120,47,NSK,28467.69,10181.73,mobile,ops,2025-04-28,false,0.6822,0,документы на проверке
1121,40,KZN,28207.44,11183.43,web,sales,2024-05-09,true,0.5298,0,повторное обращение
1122,21,ROV,137517.97,8406.15,offline,ops,2024-11-05,true,0.6266,0,документы на проверке
1123,33,MSK,48744.54,14236.46,mobile,ops,2024-04-02,true,0.5825,1,клиент не отвечает
1124,33,KZN,146980.06,4905.29,web,ops,2025-03-22,true,0.7439,0,повторное обращение
1125,27,SPB,80758.32,5599.35,web,risk,2024-02-16,true,0.3862,1,заявка принята
1126,41,KZN,159309.34,1639.97,offline,risk,2024-10-08,false,0.4277,1,повторное обращение
1127,39,KZN,43029.7,5026.78,web,risk,2024-02-29,true,0.6045,0,повторное обращение
1128,30,MSK,53485.13,8480.42,partner,ops,2024-03-01,true,0.2448,0,заявка принята
1129,46,MSK,50969.98,2854.19,offline,sales,2024-08-20,false,0.6257,1,заявка принята
1130,40,MSK,115112.22,3513.35,mobile,sales,2025-07-29,false,0.4221,1,повторное обращение
1131,40,NSK,72189.78,10431.52,offline,support,2024-10-12,true,0.4179,1,клиент не отвечает
1132,40,NSK,41328.84,4755.31,web,sales,2024-09-21,true,0.4438,0,перевод в другой отдел
1133,40,SPB,88391.82,1076.65,mobile,support,2024-06-04,true,0.2473,1,клиент не отвечает
1134,59,SPB,53704.73,1134.34,mobile,risk,2025-07-08,false,0.1286,1,повторное обращение
1135,34,ROV,126248.25,3828.33,web,sales,2024-12-08,false,0.6278,1,перевод в другой отдел
1136,34,SPB,30612.15,10071.34,mobile,sales,2025-10-06,true,0.3372,1,
1137,43,MSK,60507.62,6922.43,mobile,support,2024-10-29,false,0.5048,1,
1138,23,MSK,48414.01,10305.09,web,risk,2025-11-29,true,0.6861,0,заявка принята
1139,34,ROV,102131.62,5935.11,web,risk,2024-12-11,true,0.411,0,перевод в другой отдел
1140,55,EKB,80819.05,1816.7,mobile,ops,2025-03-29,true,0.4553,0,клиент не отвечает
1141,34,SPB,91063.66,11270.85,web,support,2024-01-13,true,0.4778,1,заявка принята
1142,36,MSK,105449.19,1921.78,web,sales,2025-10-31,true,0.6021,0,документы на проверке
1143,25,MSK,64049.91,3623.66,mobile,sales,2025-05-13,true,0.7453,1,
1144,53,ROV,62566.36,3371.44,offline,risk,2024-09-04,false,0.5382,0,
1145,29,ROV,65171.62,3563.78,mobile,sales,2025-05-17,true,0.2512,1,перевод в другой отдел
1146,34,NSK,37600.0,3561.56,web,ops,2024-10-19,false,0.6213,0,повторное обращение
1147,23,EKB,81345.93,2510.61,mobile,sales,2024-01-16,true,0.3852,0,документы на проверке
1148,62,SPB,98119.37,14175.33,partner,support,2024-06-04,true,0.6047,0,заявка принята
1149,28,KZN,101805.25,14488.78,partner,ops,2025-08-02,true,0.6399,1,повторное обращение
1150,24,SPB,30417.07,8225.86,web,risk,2025-06-17,false,0.3762,1,клиент не отвечает
1151,63,EKB,23187.05,6190.11,offline,support,2024-12-27,true,0.4704,0,документы на проверке
1152,25,MSK,33171.62,4784.0,mobile,sales,2025-08-05,false,0.4178,1,повторное обращение
1153,36,NSK,50006.78,5712.49,offline,support,2025-07-14,true,0.4333,0,документы на проверке
1154,49,MSK,17604.03,19281.59,web,support,2025-05-03,true,0.3983,0,повторное обращение
1155,22,NSK,87257.56,5790.97,web,risk,2024-10-11,false,0.4314,0,
1156,39,EKB,33568.27,11758.26,web,support,2025-11-20,true,0.6029,0,повторное обращение
1157,45,MSK,74245.77,743.87,mobile,ops,2024-05-10,true,0.5376,1,повторное обращение
1158,32,KZN,60169.4,10876.53,mobile,ops,2024-01-03,true,0.5947,0,перевод в другой отдел
1159,34,ROV,56525.39,5993.45,mobile,support,2024-03-13,true,0.2738,0,документы на проверке
1160,53,KZN,35564.78,19165.21,web,support,2024-01-30,false,0.6556,0,заявка принята
1161,29,MSK,55839.16,1594.16,mobile,risk,2025-02-06,true,0.387,1,клиент не отвечает
1162,39,MSK,90128.54,1053.12,web,risk,2025-11-02,false,0.6892,1,клиент не отвечает
1163,56,NSK,39938.6,3264.52,web,support,2025-01-29,true,0.4752,0,заявка принята
1164,36,MSK,40597.67,6410.43,mobile,support,2025-11-26,true,0.6073,0,документы на проверке
1165,35,NSK,24006.92,3127.93,mobile,risk,2025-11-04,false,0.0726,0,перевод в другой отдел
1166,40,KZN,42306.42,6374.9,web,support,2024-09-08,true,0.7366,0,заявка принята
1167,41,MSK,112914.12,3616.4,partner,risk,2025-04-23,false,0.3854,1,
1168,29,SPB,121628.22,7769.41,offline,risk,2025-01-04,false,0.4545,0,перевод в другой отдел
1169,18,MSK,143946.62,1926.68,web,ops,2024-10-14,true,0.2924,0,перевод в другой отдел
1170,37,EKB,,1064.52,web,risk,2024-12-15,false,0.5471,0,документы на проверке
1171,51,SPB,44054.84,2969.18,web,sales,2024-07-04,false,0.757,1,заявка принята
1172,67,NSK,46638.15,1752.66,mobile,sales,2025-08-03,false,0.5035,1,повторное обращение
1173,58,ROV,95235.34,4391.25,offline,risk,2024-05-25,true,0.7492,0,перевод в другой отдел
1174,36,ROV,49166.79,15779.18,partner,support,2025-06-01,false,0.3157,1,перевод в другой отдел
1175,47,EKB,59475.76,1197.53,partner,sales,2024-12-15,true,0.2933,1,повторное обращение
1176,49,MSK,77893.51,3216.87,partner,sales,2024-06-05,true,0.3971,1,заявка принята
1177,48,NSK,43626.79,3026.04,web,support,2025-03-11,false,0.4343,0,повторное обращение
1178,56,MSK,96680.6,5386.74,web,support,2024-07-22,false,0.4542,0,документы на проверке
1179,27,SPB,80243.41,6306.3,mobile,support,2024-05-10,false,0.7431,1,
1180,27,MSK,146438.41,1675.47,web,support,2024-10-21,false,0.15,0,
1181,29,KZN,44158.67,3627.03,web,sales,2025-02-10,true,0.1521,1,документы на проверке
1182,41,MSK,79291.83,4488.35,web,support,2024-02-09,false,0.5018,1,заявка принята
1183,41,NSK,68781.67,18809.84,partner,ops,2025-06-30,false,0.5785,1,клиент не отвечает
1184,41,MSK,41500.1,1122.19,mobile,risk,2024-12-20,true,0.6952,0,
1185,52,NSK,81708.77,3118.73,partner,sales,2024-09-05,false,0.005,1,повторное обращение
1186,53,NSK,81633.87,2184.89,partner,ops,2024-08-22,false,0.6158,1,заявка принята
1187,31,MSK,40493.37,3851.79,mobile,risk,2024-08-22,false,0.3793,1,
1188,35,EKB,33773.33,7112.32,mobile,sales,2024-03-29,false,0.5587,1,заявка принята
1189,56,EKB,37982.29,7725.38,web,ops,2025-08-28,false,0.6536,0,перевод в другой отдел
1190,39,KZN,59644.58,5772.57,web,sales,2025-08-08,false,0.4503,0,документы на проверке
1191,25,NSK,67470.73,2786.67,web,ops,2024-08-24,true,0.6364,1,повторное обращение
1192,26,EKB,43214.72,4965.82,partner,ops,2024-08-30,true,0.5781,1,
1193,27,EKB,84542.47,13385.54,web,risk,2024-08-26,true,0.1555,0,повторное обращение
1194,41,KZN,58752.51,2060.75,web,ops,2024-02-21,false,0.557,0,документы на проверке
1195,27,NSK,59612.3,3904.08,partner,risk,2025-03-05,false,0.5443,0,перевод в другой отдел
1196,18,MSK,48830.47,1629.17,mobile,ops,2025-08-01,true,0.7547,1,клиент не отвечает
1197,32,NSK,21524.4,2754.04,web,risk,2024-01-09,false,0.5413,1,заявка принята
1198,41,SPB,131310.58,20051.7,offline,risk,2024-12-23,false,0.6006,1,
1199,28,SPB,81131.68,3105.19,mobile,risk,2025-02-09,true,0.5705,0,документы на проверке
1200,38,KZN,56700.96,2244.73,web,support,2024-08-17,false,0.7912,0,документы на проверке
1201,23,SPB,67780.25,5522.32,web,risk,2024-09-12,true,0.6281,0,документы на проверке
1202,33,MSK,92113.16,708.13,mobile,risk,2024-10-20,false,0.5315,0,перевод в другой отдел
1203,26,MSK,40440.96,9631.23,web,sales,2025-09-17,true,0.7864,0,заявка принята
1204,50,SPB,47405.14,12849.25,mobile,ops,2024-12-04,false,0.7385,0,заявка принята
1205,26,KZN,324000.97,2663.2,mobile,risk,2024-09-22,false,0.4449,0,клиент не отвечает
1206,38,ROV,90536.91,671.21,web,support,2024-09-11,false,0.5787,0,перевод в другой отдел
1207,43,NSK,,2276.3,partner,ops,2025-07-07,true,0.6779,1,документы на проверке
1208,47,NSK,132007.94,1312.28,web,sales,2025-10-31,false,-0.0102,0,клиент не отвечает
1209,41,MSK,20520.69,2027.66,web,risk,2024-06-16,false,0.4679,0,клиент не отвечает
1210,32,EKB,147680.82,2760.65,web,support,2024-01-10,true,0.5821,0,перевод в другой отдел
1211,18,MSK,44488.3,2354.11,offline,sales,2025-11-17,false,0.8331,0,перевод в другой отдел
1212,39,KZN,57094.99,7352.78,mobile,sales,2024-10-11,true,0.4992,0,заявка принята
1213,60,ROV,63889.68,4349.51,web,support,2024-05-14,false,0.6937,1,клиент не отвечает
1214,67,NSK,49323.55,10788.51,partner,risk,2024-04-14,false,0.7099,1,
1215,28,KZN,111963.94,2621.67,partner,support,2024-06-06,false,0.3512,1,
1216,46,ROV,50826.11,3117.75,mobile,risk,2025-06-03,true,0.6816,1,повторное обращение
1217,21,SPB,38305.99,1182.12,offline,sales,2024-12-20,false,0.5331,0,
1218,24,KZN,57461.07,8334.96,web,sales,2025-09-04,true,0.3339,0,документы на проверке
1219,54,EKB,15308.11,9107.9,offline,support,2024-05-25,false,0.4658,0,
1220,37,SPB,50609.98,2034.83,mobile,ops,2024-09-23,false,0.6369,1,повторное обращение
1221,54,MSK,43631.19,4475.09,mobile,risk,2024-10-04,true,0.3498,0,заявка принята
1222,48,SPB,42912.17,8390.77,mobile,ops,2024-09-20,true,0.3189,1,клиент не отвечает
1223,22,MSK,85216.81,2486.48,partner,ops,2024-11-22,true,0.6265,1,перевод в другой отдел
1224,35,MSK,62486.96,5154.56,mobile,risk,2024-06-03,true,0.4961,0,заявка принята
1225,27,ROV,37368.9,5145.46,mobile,support,2025-11-15,true,0.8332,1,
1226,19,EKB,51086.25,2251.85,web,risk,2024-07-18,true,0.6931,0,повторное обращение
1227,26,MSK,72999.72,6202.68,web,sales,2024-06-04,true,0.2587,0,заявка принята
1228,31,EKB,88650.01,13513.05,partner,ops,2024-11-01,true,0.6186,1,документы на проверке
1229,46,NSK,47308.38,13845.72,mobile,ops,2024-11-17,false,0.6119,0,
1230,18,SPB,100777.22,6590.37,web,support,2025-09-17,false,0.7616,0,повторное обращение
1231,41,MSK,45677.42,10966.12,mobile,ops,2024-04-02,false,0.6165,0,повторное обращение
1232,43,NSK,32323.74,2298.73,web,support,2025-07-16,true,0.3464,0,клиент не отвечает
1233,35,EKB,62425.56,1446.25,web,sales,2025-10-08,true,0.5274,1,перевод в другой отдел
1234,38,MSK,138085.43,2003.55,mobile,support,2024-03-02,false,0.7309,0,повторное обращение
1235,46,ROV,32108.06,4539.33,mobile,support,2025-05-10,true,0.2385,0,документы на проверке
1236,34,NSK,52111.64,1705.36,offline,risk,2024-01-01,true,0.5859,0,повторное обращение
1237,27,MSK,66407.9,4979.96,mobile,support,2024-07-10,true,0.237,1,документы на проверке
1238,19,EKB,58410.87,6361.35,mobile,risk,2024-01-07,true,0.5509,0,
1239,41,MSK,77496.4,6032.67,mobile,support,2024-12-24,true,0.3849,1,
1240,21,KZN,51618.05,12527.37,partner,ops,2025-09-18,true,0.0187,0,повторное обращение
1241,34,NSK,89373.18,2440.59,mobile,ops,2025-03-31,true,0.6188,0,документы на проверке
1242,39,MSK,88109.55,1529.81,mobile,ops,2024-01-23,false,0.4807,1,перевод в другой отдел
1243,32,NSK,91140.69,1519.82,mobile,risk,2025-02-24,false,0.3155,0,клиент не отвечает
1244,21,MSK,64020.14,5009.01,partner,risk,2024-01-11,true,0.4798,1,
1245,24,KZN,33820.54,3642.3,web,sales,2025-07-11,false,0.2587,0,перевод в другой отдел
1246,18,MSK,64695.22,5637.56,partner,ops,2025-11-13,true,0.4712,1,документы на проверке
1247,26,KZN,35665.23,10734.65,partner,ops,2025-08-29,false,0.3954,0,
1248,45,ROV,37507.75,7433.44,mobile,risk,2025-04-04,false,0.8892,1,
1249,52,NSK,39955.93,5830.25,offline,risk,2024-11-06,false,0.3727,1,повторное обращение
1250,18,SPB,47427.15,11178.45,offline,risk,2024-11-04,false,0.2573,0,повторное обращение
1251,39,SPB,115111.06,6981.9,web,support,2025-09-15,true,0.4191,0,повторное обращение
1252,53,MSK,44404.66,9796.46,mobile,risk,2025-01-16,false,0.4021,1,перевод в другой отдел
1253,49,KZN,43707.22,3129.64,web,sales,2025-09-02,true,0.817,0,клиент не отвечает
1254,43,MSK,21579.0,4390.62,web,risk,2025-09-24,false,0.5928,0,
1255,31,MSK,35452.81,2133.25,web,risk,2025-02-19,false,0.3061,0,клиент не отвечает
1256,34,MSK,34141.63,1614.89,web,risk,2025-04-27,false,0.5655,1,
1257,42,MSK,231930.77,828.11,mobile,ops,2024-12-30,false,0.8122,0,повторное обращение
1258,36,NSK,37392.51,4773.29,partner,sales,2024-09-02,true,0.8583,0,клиент не отвечает
1259,51,SPB,109538.13,3481.12,web,ops,2024-01-10,false,0.4259,0,повторное обращение
1260,36,MSK,46746.75,8162.49,mobile,sales,2025-06-08,true,0.5692,0,перевод в другой отдел
1261,25,MSK,59211.38,3918.13,offline,support,2025-08-25,false,0.6034,1,повторное обращение
1262,41,NSK,147096.77,2546.97,web,sales,2024-04-24,false,0.6851,0,клиент не отвечает
1263,38,ROV,76035.65,6537.45,mobile,risk,2024-06-23,false,0.543,1,перевод в другой отдел
1264,36,SPB,71829.61,3590.48,mobile,risk,2024-12-02,false,0.2944,1,документы на проверке
1265,48,MSK,88563.73,5202.13,mobile,sales,2024-11-02,true,0.6652,0,
1266,19,KZN,80581.81,2737.55,mobile,sales,2024-07-30,true,0.2852,1,документы на проверке
1267,72,MSK,62112.19,3662.36,offline,sales,2025-09-16,false,0.4937,0,документы на проверке
1268,63,SPB,,23887.49,mobile,support,2025-03-31,true,0.7185,0,перевод в другой отдел
1269,31,SPB,44743.44,10335.45,partner,sales,2024-01-13,false,0.7214,1,повторное обращение
1270,46,EKB,81236.52,2064.26,web,support,2024-11-10,false,0.6387,1,перевод в другой отдел
1271,51,MSK,69822.83,6071.5,web,risk,2024-05-18,false,0.7092,0,повторное обращение
1272,18,ROV,61907.61,6706.98,mobile,ops,2024-08-10,false,0.739,0,документы на проверке
1273,38,KZN,31739.78,639.94,mobile,ops,2025-01-10,false,0.678,0,клиент не отвечает
1274,35,SPB,46302.78,5142.88,web,sales,2025-01-23,false,0.4442,0,
1275,24,KZN,58114.11,6305.66,web,risk,2024-10-29,true,0.3371,0,клиент не отвечает
1276,41,KZN,84879.05,11279.48,partner,support,2025-07-02,false,0.3803,1,клиент не отвечает
1277,39,SPB,32638.3,2608.78,mobile,ops,2024-08-01,true,0.463,1,перевод в другой отдел
1278,25,SPB,70693.01,5672.47,mobile,sales,2025-05-22,true,0.3086,1,документы на проверке
1279,44,EKB,71587.93,2793.65,partner,risk,2024-08-30,false,0.6996,0,документы на проверке
1280,37,KZN,46632.67,6237.61,partner,sales,2025-01-27,false,0.3121,0,
1281,38,SPB,60292.76,1368.57,mobile,ops,2025-10-29,true,0.4621,1,
1282,39,EKB,81794.35,9467.73,mobile,sales,2024-07-16,false,0.6924,1,заявка принята
1283,40,MSK,33117.74,17896.73,web,risk,2025-04-17,false,0.5967,1,перевод в другой отдел
1284,41,EKB,89261.77,4945.27,mobile,risk,2025-07-18,true,0.5349,0,документы на проверке
1285,21,MSK,64254.31,6996.7,offline,ops,2025-02-03,false,0.537,0,повторное обращение
1286,42,ROV,81556.12,10045.77,web,support,2024-04-12,true,0.6689,1,заявка принята
1287,42,SPB,37595.39,1995.6,partner,support,2024-06-04,true,0.6753,0,документы на проверке
1288,27,SPB,73442.56,3215.22,mobile,sales,2024-12-13,false,0.7845,0,заявка принята
1289,51,MSK,63246.05,7500.42,partner,ops,2024-07-13,true,0.5874,0,
1290,31,MSK,53811.51,4968.1,web,ops,2024-05-25,true,0.5419,1,перевод в другой отдел
1291,27,EKB,40106.96,4289.98,mobile,risk,2024-09-07,true,0.8819,1,повторное обращение
1292,38,KZN,43605.22,3375.99,offline,risk,2024-05-25,true,0.3603,0,документы на проверке
1293,35,SPB,101392.01,3325.12,offline,risk,2024-08-18,false,0.8035,0,клиент не отвечает
1294,49,KZN,92768.04,4731.01,web,sales,2024-04-18,true,0.6059,0,перевод в другой отдел
1295,52,ROV,105887.71,2592.09,mobile,risk,2024-09-18,false,0.4478,1,документы на проверке
1296,35,SPB,120567.58,2483.98,partner,sales,2025-03-24,true,0.4266,0,документы на проверке
1297,40,MSK,34100.21,1555.66,offline,support,2025-09-14,true,0.5394,1,повторное обращение
1298,45,MSK,54284.23,15478.13,offline,sales,2025-08-10,false,0.02,0,перевод в другой отдел
1299,36,EKB,,8581.48,offline,support,2025-01-02,true,0.6246,0,повторное обращение
1300,38,MSK,35926.28,3799.79,mobile,sales,2025-06-12,true,0.4987,0,заявка принята
1301,37,MSK,74951.78,2382.93,mobile,ops,2025-04-12,false,0.6938,0,
1302,37,MSK,44070.05,3791.46,web,sales,2025-12-01,false,0.4568,1,заявка принята
1303,52,MSK,129716.39,6657.01,web,risk,2025-05-28,false,0.3266,1,повторное обращение
1304,45,MSK,31036.12,3237.05,mobile,ops,2024-01-31,false,0.4902,1,документы на проверке
1305,30,NSK,103618.96,18945.41,mobile,sales,2024-05-21,false,0.4248,0,документы на проверке
1306,46,MSK,54356.41,687.81,offline,ops,2024-11-28,false,0.4404,1,повторное обращение
1307,40,ROV,46883.58,4893.76,web,risk,2025-07-16,false,0.3456,0,заявка принята
1308,23,ROV,28273.51,4010.43,web,sales,2025-07-29,true,0.2817,0,клиент не отвечает
1309,42,KZN,67312.42,7880.14,web,risk,2024-09-21,true,0.5504,0,перевод в другой отдел
1310,23,ROV,30972.8,2514.57,partner,support,2025-05-18,false,0.1946,1,повторное обращение
1311,20,MSK,62045.8,3366.93,offline,support,2025-11-15,false,0.8816,1,клиент не отвечает
1312,52,KZN,51595.85,7008.3,offline,support,2024-10-09,false,0.4923,0,клиент не отвечает
1313,45,KZN,73218.48,16999.88,web,sales,2025-01-05,false,0.3544,0,заявка принята
1314,41,NSK,48047.69,9608.33,web,sales,2024-03-29,false,0.3664,0,перевод в другой отдел
1315,22,MSK,45321.11,14138.62,mobile,sales,2024-04-13,false,0.3266,0,повторное обращение
1316,33,MSK,102394.14,2980.05,mobile,risk,2024-03-07,false,0.4887,0,документы на проверке
1317,42,ROV,37347.9,959.85,web,support,2024-01-31,false,0.2982,0,заявка принята
1318,30,NSK,,15003.18,offline,sales,2024-02-24,true,0.7856,1,повторное обращение
1319,55,MSK,126277.67,2042.16,offline,sales,2024-10-31,false,0.6167,0,заявка принята
1320,39,SPB,191461.38,4811.51,partner,sales,2024-06-08,false,0.8093,1,
1321,30,ROV,36474.06,4039.57,web,risk,2025-10-05,true,0.0251,0,клиент не отвечает
1322,32,MSK,58206.38,5969.61,web,ops,2025-04-27,false,0.6476,0,документы на проверке
1323,39,SPB,71940.06,33115.61,mobile,ops,2025-05-07,true,0.2254,1,документы на проверке
1324,41,MSK,36068.98,10978.61,partner,risk,2025-04-21,true,0.6651,1,заявка принята
1325,42,KZN,80196.84,3727.0,web,sales,2025-08-22,false,0.6314,1,документы на проверке
1326,32,SPB,50762.49,3383.25,mobile,risk,2025-03-23,true,0.3557,0,повторное обращение
1327,18,ROV,34342.6,3216.31,offline,sales,2025-05-06,true,0.2687,0,повторное обращение
1328,18,ROV,105882.57,15158.87,partner,support,2025-07-08,true,0.888,1,повторное обращение
1329,48,MSK,105529.23,15926.12,mobile,ops,2025-02-17,true,0.5325,1,повторное обращение
1330,24,KZN,62771.96,1177.12,web,risk,2025-03-06,true,0.1434,1,клиент не отвечает
1331,18,KZN,32397.6,4937.98,partner,sales,2025-07-13,false,0.4986,0,клиент не отвечает
1332,35,MSK,66781.0,3314.14,partner,ops,2025-11-18,false,0.5819,0,повторное обращение
1333,39,MSK,48412.28,3651.84,web,support,2025-01-01,true,0.6852,0,заявка принята
1334,33,SPB,52323.78,6948.74,mobile,support,2025-11-11,true,0.5256,1,заявка принята
1335,27,MSK,,2052.02,partner,sales,2025-05-30,false,0.5229,1,
1336,39,NSK,87838.93,34780.32,mobile,ops,2025-07-22,false,0.5622,0,заявка принята
1337,25,MSK,173224.93,23891.74,offline,risk,2025-07-15,false,0.5703,0,клиент не отвечает
1338,32,NSK,65482.16,14387.91,mobile,ops,2024-09-26,false,0.5586,0,документы на проверке
1339,34,EKB,82573.4,3584.38,mobile,support,2024-07-23,true,0.4087,1,перевод в другой отдел
1340,27,ROV,36290.66,7744.32,mobile,sales,2025-05-27,false,0.3983,1,клиент не отвечает
1341,35,MSK,102893.31,877.0,mobile,risk,2024-07-04,false,0.3497,0,
1342,44,MSK,134856.99,4295.98,web,ops,2025-03-09,false,0.3407,0,повторное обращение
1343,26,MSK,66600.37,2473.05,web,sales,2025-08-15,true,0.3591,1,повторное обращение
1344,45,SPB,68235.3,1638.22,web,risk,2024-03-20,true,0.531,1,заявка принята
1345,18,EKB,79668.34,12699.76,offline,sales,2024-01-12,false,0.6241,1,документы на проверке
1346,40,KZN,106260.2,2900.68,web,ops,2025-07-30,false,0.619,0,клиент не отвечает
1347,64,MSK,73747.54,7487.95,mobile,sales,2024-12-24,false,0.457,0,заявка принята
1348,35,NSK,59124.45,1888.63,offline,risk,2024-11-01,false,0.3899,0,заявка принята
1349,46,SPB,50268.41,13554.42,mobile,risk,2024-07-29,false,0.6454,1,документы на проверке
1350,37,MSK,60518.67,14289.41,offline,support,2024-03-20,false,0.2708,0,повторное обращение
1351,30,NSK,65380.08,2923.17,web,support,2025-01-01,true,0.4104,0,перевод в другой отдел
1352,56,SPB,42002.22,1931.22,mobile,sales,2025-02-18,false,0.3284,0,
1353,41,EKB,94479.75,5144.38,mobile,sales,2025-07-31,true,0.2638,1,заявка принята
1354,59,MSK,30014.18,3965.54,mobile,ops,2025-09-18,true,0.8436,1,заявка принята
1355,44,SPB,58487.39,3606.01,mobile,sales,2024-07-05,false,0.6006,1,
1356,44,SPB,110739.49,2015.84,web,support,2025-05-08,false,0.5769,0,повторное обращение
1357,60,MSK,80251.88,9570.72,partner,sales,2024-01-27,false,0.3884,0,заявка принята
1358,18,MSK,19242.07,4731.54,web,support,2024-03-03,true,0.6075,1,заявка принята
1359,32,SPB,,2197.19,mobile,support,2025-08-18,false,0.6135,0,повторное обращение
1360,36,KZN,74318.57,1935.98,partner,support,2024-09-14,true,0.4605,1,заявка принята
1361,29,KZN,98934.41,4727.65,partner,support,2024-11-05,false,0.5086,0,клиент не отвечает
1362,51,SPB,102478.0,14336.93,offline,sales,2025-09-24,true,0.564,1,перевод в другой отдел
1363,23,MSK,27155.42,10657.97,web,risk,2025-07-08,false,0.556,0,
1364,18,MSK,25843.04,3788.77,offline,support,2024-11-08,false,0.6329,1,
1365,23,SPB,21949.6,8238.23,web,support,2025-04-02,false,0.7359,1,повторное обращение
1366,30,MSK,,7944.14,web,support,2024-10-07,true,0.4373,0,документы на проверке
1367,39,EKB,23784.04,1524.74,partner,sales,2024-12-16,true,0.5121,1,документы на проверке
1368,32,MSK,68085.28,2986.42,web,sales,2024-09-08,true,0.6005,0,документы на проверке
1369,33,MSK,25125.47,4358.28,web,ops,2025-02-13,false,0.4441,1,заявка принята
1370,25,MSK,111778.85,2847.42,web,support,2025-03-09,false,0.5413,1,
1371,43,MSK,23727.29,7645.3,web,sales,2024-11-02,true,0.6118,1,
1372,47,KZN,93294.54,1935.55,offline,ops,2025-05-03,true,0.6073,1,клиент не отвечает
1373,43,MSK,66908.66,2605.76,partner,sales,2024-12-01,true,0.4145,1,документы на проверке
1374,35,MSK,75801.84,1006.95,mobile,sales,2024-10-20,false,0.4988,0,перевод в другой отдел
1375,37,EKB,42313.21,3356.41,mobile,ops,2025-04-04,true,0.6512,1,повторное обращение
1376,31,NSK,38708.81,3427.79,web,risk,2024-06-26,false,0.6262,1,
1377,36,MSK,66577.65,17557.27,web,risk,2024-10-01,false,0.4474,1,
1378,36,NSK,,11821.18,web,support,2025-06-30,false,0.6659,1,заявка принята
1379,30,NSK,43251.49,16503.0,web,risk,2025-04-13,false,0.838,0,заявка принята
1380,25,NSK,92649.66,3564.05,mobile,ops,2025-02-17,true,0.4583,0,перевод в другой отдел
1381,24,MSK,62221.01,1885.95,partner,support,2024-01-12,false,0.1967,0,перевод в другой отдел
1382,50,KZN,37257.73,3834.11,mobile,sales,2024-09-10,false,0.5605,0,документы на проверке
1383,29,SPB,69252.68,2870.14,mobile,sales,2024-07-06,false,0.5028,0,клиент не отвечает
1384,48,NSK,61129.61,4511.82,mobile,risk,2025-01-31,true,0.3776,0,документы на проверке
1385,29,KZN,211595.23,4491.02,partner,ops,2024-11-18,false,0.5884,0,заявка принята
1386,47,NSK,32801.93,3120.26,mobile,sales,2025-11-30,true,0.2971,1,клиент не отвечает
1387,32,MSK,102174.64,12269.76,web,sales,2025-05-17,true,0.5834,0,клиент не отвечает
1388,28,EKB,46563.13,5778.24,mobile,risk,2024-06-24,false,0.0631,1,повторное обращение
1389,56,NSK,105112.08,1773.6,offline,ops,2024-01-28,true,0.564,1,заявка принята
1390,21,SPB,,1912.1,mobile,support,2024-08-25,false,0.2867,1,
1391,42,EKB,152320.1,1622.23,web,sales,2025-10-11,false,0.1896,1,
1392,39,KZN,71161.91,40066.3,web,sales,2024-01-02,false,0.5971,1,заявка принята
1393,41,NSK,67318.4,8557.41,web,sales,2025-04-10,true,0.5497,0,документы на проверке
1394,52,NSK,92593.62,4559.37,mobile,risk,2025-10-18,false,0.885,0,заявка принята
1395,51,SPB,26082.36,1892.6,mobile,ops,2024-01-16,true,0.6121,0,заявка принята
1396,38,MSK,45415.68,2467.06,offline,support,2024-12-08,false,0.6009,1,заявка принята
1397,39,EKB,32655.9,30287.08,web,support,2025-04-14,true,0.523,0,повторное обращение
1398,29,SPB,78350.2,4101.68,web,risk,2025-01-19,false,0.4651,0,заявка принята
1399,32,EKB,123715.5,7558.3,partner,sales,2025-02-13,false,0.6123,0,документы на проверке
1400,32,KZN,54115.88,2764.15,mobile,ops,2025-01-25,false,0.4838,0,документы на проверке
1401,43,SPB,28010.86,5314.91,offline,support,2024-02-21,true,0.0391,0,документы на проверке
1402,30,ROV,35713.0,18568.16,partner,ops,2024-07-12,false,0.4924,0,документы на проверке
1403,64,ROV,63110.88,16342.44,mobile,ops,2025-05-22,true,0.4736,1,перевод в другой отдел
1404,49,SPB,61249.97,2222.07,offline,support,2024-06-07,false,0.4137,0,заявка принята
1405,63,MSK,89005.9,11818.42,web,sales,2025-07-31,false,0.5803,1,заявка принята
1406,52,NSK,58305.56,5849.6,web,risk,2024-10-31,true,0.5327,1,перевод в другой отдел
1407,47,ROV,49897.81,5361.29,offline,ops,2025-09-15,true,0.4226,1,документы на проверке
1408,52,NSK,110997.55,18646.52,web,ops,2024-01-05,false,0.4297,0,повторное обращение
1409,37,NSK,115554.19,2862.75,web,risk,2024-11-13,false,0.5003,0,клиент не отвечает
1410,37,SPB,77612.02,13211.53,mobile,sales,2024-02-23,false,0.7932,0,повторное обращение
1411,35,ROV,46285.5,6051.7,partner,sales,2024-12-07,true,0.4552,0,документы на проверке
1412,42,MSK,48435.32,2540.66,mobile,sales,2025-05-20,false,0.7063,1,
1413,50,MSK,174766.06,4188.98,web,sales,2025-10-06,false,0.4622,1,заявка принята
1414,29,NSK,65293.44,3456.05,partner,risk,2025-09-11,false,0.5239,0,документы на проверке
1415,49,EKB,88323.71,8284.08,mobile,ops,2024-09-11,true,0.5115,1,клиент не отвечает
1416,51,SPB,38037.49,8743.6,partner,support,2024-03-24,true,0.5708,0,
1417,41,EKB,68818.29,4917.26,mobile,risk,2025-11-06,true,0.6809,0,повторное обращение
1418,32,EKB,96735.36,3586.04,mobile,support,2024-12-16,true,0.5763,0,повторное обращение
1419,45,ROV,109560.65,4493.92,mobile,ops,2024-02-13,false,0.5499,1,заявка принята
1420,35,EKB,72287.15,2002.48,mobile,sales,2024-12-09,false,0.4803,0,документы на проверке
1421,44,SPB,26787.72,3683.58,web,ops,2024-05-30,true,0.5413,0,документы на проверке
1422,52,SPB,50896.45,4065.0,partner,sales,2025-10-17,true,0.3576,0,клиент не отвечает
1423,38,EKB,75281.6,5332.57,web,ops,2025-02-21,false,0.3612,1,повторное обращение
1424,38,NSK,36150.27,7123.03,partner,support,2025-05-12,false,0.7905,1,заявка принята
1425,40,SPB,93154.3,1569.61,web,ops,2025-01-14,true,0.6844,0,
1426,31,MSK,71848.53,11110.2,web,support,2024-05-18,false,0.4048,1,перевод в другой отдел
1427,42,ROV,72630.2,1231.72,web,support,2024-02-12,false,0.6108,1,заявка принята
1428,59,SPB,59365.93,1215.53,web,support,2024-11-22,false,0.8588,0,
1429,35,SPB,95107.52,3224.64,partner,support,2024-10-16,false,0.667,1,клиент не отвечает
1430,42,KZN,25783.36,3585.27,partner,ops,2025-03-06,false,0.601,0,документы на проверке
1431,26,MSK,35856.32,1326.9,offline,sales,2025-01-18,true,0.6012,0,заявка принята
1432,21,NSK,59707.19,3784.7,web,ops,2025-01-17,false,0.608,0,перевод в другой отдел
1433,46,SPB,29934.59,3624.1,web,risk,2025-08-20,false,0.5713,1,заявка принята
1434,20,EKB,76976.13,3135.75,web,risk,2025-08-17,false,0.3806,1,клиент не отвечает
1435,49,MSK,67845.88,6860.04,web,sales,2025-04-24,true,0.359,1,повторное обращение
1436,56,KZN,37040.61,2267.33,mobile,sales,2025-03-18,true,0.4992,1,повторное обращение
1437,41,EKB,27544.39,3728.62,web,support,2024-11-25,true,0.429,0,клиент не отвечает
1438,61,SPB,66097.1,1859.03,mobile,support,2024-08-17,false,0.3575,0,
1439,42,EKB,19590.26,2396.6,mobile,support,2024-10-31,true,0.5855,0,документы на проверке
1440,32,NSK,55289.38,9317.3,partner,risk,2024-05-09,true,0.4546,1,клиент не отвечает
1441,31,NSK,63341.26,3624.5,web,support,2025-11-20,false,0.7188,0,
1442,36,MSK,57774.45,5509.94,mobile,ops,2024-11-01,true,0.4085,1,клиент не отвечает
1443,53,MSK,33828.2,2150.63,mobile,sales,2025-10-17,false,0.515,0,
1444,62,MSK,109111.85,9126.72,web,ops,2025-03-06,true,0.6371,1,клиент не отвечает
1445,38,MSK,34917.21,2591.45,mobile,risk,2025-10-23,true,0.4837,1,документы на проверке
1446,68,EKB,58021.93,4813.66,offline,sales,2025-09-05,false,0.2809,1,заявка принята
1447,23,SPB,130754.82,7482.39,web,ops,2024-10-30,true,0.3768,1,
1448,40,KZN,184175.29,5076.43,web,sales,2025-09-22,false,0.7469,1,повторное обращение
1449,37,MSK,50025.22,2604.44,web,support,2024-12-15,false,0.5263,0,
1450,24,KZN,76757.65,1760.29,mobile,ops,2024-12-03,false,0.5047,0,заявка принята
1451,35,EKB,23615.58,5242.58,mobile,risk,2025-08-11,false,0.5471,1,клиент не отвечает
1452,55,SPB,76490.61,7365.71,partner,support,2025-09-27,false,0.5516,0,повторное обращение
1453,44,MSK,64459.91,1713.81,web,sales,2025-03-04,false,0.8199,0,
1454,24,ROV,80616.95,3615.46,web,risk,2024-12-26,true,0.5766,1,перевод в другой отдел
1455,28,MSK,54395.24,8856.99,mobile,sales,2024-03-14,false,0.5368,1,перевод в другой отдел
1456,34,KZN,24479.92,5601.37,partner,risk,2024-05-27,true,0.6027,0,повторное обращение
1457,18,ROV,,7920.11,web,support,2024-07-17,false,0.4374,1,перевод в другой отдел
1458,42,NSK,92214.29,6746.82,web,risk,2024-08-05,true,0.6123,0,документы на проверке
1459,40,KZN,55051.92,12576.01,web,ops,2024-10-06,true,0.2555,0,документы на проверке
1460,37,SPB,32465.21,7777.89,offline,ops,2025-06-05,true,0.6327,1,документы на проверке
1461,30,ROV,232713.27,6073.03,offline,sales,2025-11-04,true,0.7416,0,повторное обращение
1462,36,MSK,111649.25,23589.21,web,support,2025-06-17,true,0.376,1,клиент не отвечает
1463,41,MSK,111859.33,4086.05,web,ops,2025-09-16,true,0.6552,1,
1464,32,SPB,124877.34,4960.55,partner,risk,2025-06-10,false,0.7115,1,заявка принята
1465,31,NSK,121552.77,7393.3,mobile,ops,2024-06-18,false,0.4645,1,перевод в другой отдел
1466,45,KZN,79077.58,1531.37,offline,sales,2024-04-04,true,0.4561,1,клиент не отвечает
1467,31,EKB,65673.61,6687.39,web,ops,2024-08-29,true,0.484,0,повторное обращение
1468,34,NSK,35116.55,18145.76,partner,ops,2024-10-06,false,0.4354,1,заявка принята
1469,30,KZN,75654.27,3794.85,mobile,support,2025-07-11,true,0.3093,0,клиент не отвечает
1470,37,MSK,40636.68,4982.97,partner,ops,2025-02-18,true,0.3094,0,документы на проверке
1471,36,SPB,77980.36,1367.83,offline,sales,2024-04-27,true,0.7247,0,
1472,49,NSK,78763.07,16166.64,mobile,sales,2024-01-28,false,0.2713,0,заявка принята
1473,48,EKB,57252.03,4313.55,mobile,support,2025-07-20,true,0.4196,1,повторное обращение
1474,35,EKB,85186.07,4162.97,mobile,risk,2025-03-06,false,0.7884,0,документы на проверке
1475,19,KZN,47781.54,9312.43,partner,sales,2025-11-04,true,0.2744,0,заявка принята
1476,33,MSK,37003.4,1526.36,web,support,2024-10-13,false,0.6572,1,перевод в другой отдел
1477,52,MSK,120411.72,1823.57,mobile,ops,2024-11-28,false,0.4846,0,документы на проверке
1478,22,NSK,138234.97,6700.83,offline,support,2025-10-16,false,0.3328,0,перевод в другой отдел
1479,29,SPB,80160.35,17349.51,web,ops,2024-01-23,true,0.5768,1,повторное обращение
1480,27,EKB,45071.15,5569.6,offline,ops,2025-09-07,true,0.3757,0,
1481,32,SPB,123072.45,3083.33,web,risk,2024-08-20,false,0.5415,0,заявка принята
1482,18,SPB,69278.27,2413.48,offline,ops,2025-04-22,false,0.9068,0,перевод в другой отдел
1483,44,EKB,80631.58,5896.01,mobile,risk,2025-10-04,true,0.1751,0,клиент не отвечает
1484,38,MSK,33197.7,1237.13,web,sales,2024-04-11,false,0.5154,1,перевод в другой отдел
1485,32,KZN,37048.73,18172.4,mobile,risk,2024-05-11,true,0.3553,0,документы на проверке
1486,23,ROV,99004.09,6155.53,partner,support,2025-07-25,false,0.6594,0,клиент не отвечает
1487,32,EKB,12619.48,884.02,web,sales,2024-05-11,true,0.5372,0,перевод в другой отдел
1488,26,MSK,91418.01,4263.19,partner,sales,2025-04-30,true,0.3621,0,перевод в другой отдел
1489,44,KZN,37736.48,753.14,web,risk,2025-04-13,false,0.6339,0,перевод в другой отдел
1490,28,KZN,25536.78,1094.92,mobile,ops,2024-03-09,false,0.5719,0,
1491,47,NSK,65133.24,1114.58,web,ops,2024-04-04,true,0.4105,1,заявка принята
1492,42,KZN,81891.51,9744.41,web,ops,2024-05-24,true,0.8579,1,документы на проверке
1493,51,MSK,42955.56,2341.35,web,sales,2025-05-08,true,0.511,1,повторное обращение
1494,34,EKB,62428.69,7826.8,web,support,2024-10-23,false,0.5792,0,перевод в другой отдел
1495,38,SPB,25102.7,10290.16,mobile,sales,2025-07-02,true,0.7204,0,заявка принята
1496,31,SPB,41026.19,4711.21,partner,sales,2025-05-12,true,0.73,0,документы на проверке
1497,34,EKB,48009.7,2905.2,mobile,sales,2025-10-19,true,0.5249,1,повторное обращение
1498,52,NSK,54825.9,1086.85,web,support,2024-04-07,true,0.2574,1,заявка принята
1499,26,MSK,41109.5,10490.05,web,support,2025-06-15,true,0.6271,0,повторное обращение
1500,37,SPB,65616.71,2190.01,offline,support,2024-04-07,true,0.5549,0,заявка принята
1501,44,NSK,64899.38,6037.11,web,ops,2024-08-07,false,0.5906,0,перевод в другой отдел
1502,44,MSK,42780.35,1082.73,web,ops,2024-01-06,false,0.3489,1,клиент не отвечает
1503,40,MSK,100089.65,11448.81,mobile,ops,2024-10-10,false,0.6143,0,повторное обращение
1504,21,SPB,38500.16,4876.56,web,ops,2024-06-10,true,0.2751,1,
1505,21,SPB,23824.0,3503.09,partner,risk,2024-10-22,false,0.4929,0,клиент не отвечает
1506,28,MSK,74792.87,9742.57,web,risk,2024-06-06,false,0.5732,0,клиент не отвечает
1507,44,MSK,34785.59,4833.28,web,risk,2025-11-06,false,0.4626,0,документы на проверке
1508,37,NSK,29832.23,5230.06,web,sales,2024-04-08,true,0.3746,1,
1509,42,SPB,92742.64,2104.7,web,ops,2025-04-30,true,0.4852,0,клиент не отвечает
1510,30,EKB,36246.15,10791.77,web,risk,2024-04-30,true,0.2201,0,перевод в другой отдел
1511,31,EKB,56334.27,14901.31,web,support,2024-10-30,false,0.581,1,повторное обращение
1512,44,MSK,127363.27,1466.68,web,risk,2025-11-14,false,0.4517,0,
1513,54,NSK,63300.5,2889.42,web,sales,2024-04-20,true,0.358,1,заявка принята
1514,22,NSK,81304.89,2115.79,mobile,risk,2024-08-08,false,0.6765,1,клиент не отвечает
1515,33,EKB,78266.65,1358.56,mobile,sales,2025-05-20,true,0.4084,1,заявка принята
1516,64,MSK,102266.72,17866.72,mobile,support,2024-06-03,false,0.4951,0,клиент не отвечает
1517,48,NSK,67262.52,7322.71,web,risk,2025-07-20,true,0.4277,1,заявка принята
1518,40,SPB,71030.12,3217.39,web,sales,2025-07-10,true,0.6256,0,перевод в другой отдел
1519,39,EKB,59585.56,812.85,web,risk,2024-05-18,false,0.4301,0,
1520,42,ROV,72209.59,3821.88,offline,risk,2025-05-11,true,0.4309,0,документы на проверке
1521,40,KZN,28774.84,34954.54,mobile,sales,2024-11-04,true,0.6975,1,
1522,44,NSK,46476.1,819.1,offline,sales,2024-03-25,true,0.5019,0,перевод в другой отдел
1523,53,SPB,50965.28,2653.16,partner,support,2024-06-28,false,0.587,1,
1524,36,MSK,56371.74,13591.01,web,risk,2025-03-12,false,0.5758,1,документы на проверке
1525,18,MSK,45518.7,8562.64,offline,ops,2024-12-22,false,0.3221,1,повторное обращение
1526,24,MSK,128358.91,7830.83,partner,ops,2024-05-16,false,0.7436,1,клиент не отвечает
1527,31,KZN,69757.91,18466.25,web,risk,2024-08-15,false,0.6134,0,документы на проверке
1528,19,KZN,99231.42,6803.57,offline,sales,2025-10-15,false,0.142,0,клиент не отвечает
1529,33,MSK,92342.96,4676.03,mobile,ops,2024-07-15,true,0.4938,0,заявка принята
1530,25,MSK,63239.49,4951.54,partner,risk,2024-11-30,true,0.767,1,перевод в другой отдел
1531,54,MSK,,5094.64,partner,sales,2025-01-16,true,0.5099,0,
1532,44,EKB,104571.63,1436.68,partner,ops,2024-06-17,true,0.5998,0,заявка принята
1533,41,MSK,62978.84,9391.42,web,sales,2025-07-07,true,0.3237,0,заявка принята
1534,42,MSK,98907.86,1863.4,web,support,2025-11-02,false,0.4587,0,документы на проверке
1535,26,EKB,63109.75,8072.31,web,support,2025-01-29,false,0.6161,0,клиент не отвечает
1536,53,EKB,65029.7,2381.38,partner,ops,2024-09-02,false,0.483,1,документы на проверке
1537,28,SPB,46022.82,2950.29,mobile,sales,2024-07-10,true,0.4378,1,клиент не отвечает
1538,27,NSK,51920.02,6146.9,mobile,sales,2024-03-09,false,0.3952,1,перевод в другой отдел
1539,30,SPB,56945.02,3782.74,mobile,ops,2024-08-16,true,0.5741,0,перевод в другой отдел
1540,25,MSK,33808.51,4238.16,web,support,2024-10-29,false,0.3905,1,клиент не отвечает
1541,42,KZN,65070.53,2937.45,web,risk,2024-08-05,true,0.4224,0,заявка принята
1542,36,MSK,49393.91,16014.91,mobile,risk,2024-11-18,true,0.7059,1,клиент не отвечает
1543,44,KZN,,2741.42,web,sales,2024-08-06,true,0.698,0,документы на проверке
1544,43,MSK,46180.2,51641.95,web,support,2024-08-19,true,0.2505,1,повторное обращение
1545,28,ROV,69845.27,2037.01,web,support,2024-05-14,true,0.3998,0,клиент не отвечает
1546,18,MSK,88107.08,10814.1,web,support,2024-01-06,true,0.6025,1,перевод в другой отдел
1547,38,MSK,92508.97,3503.04,mobile,sales,2024-04-07,true,0.0306,1,заявка принята
1548,22,MSK,58822.75,5685.72,web,risk,2024-04-11,true,0.3906,1,перевод в другой отдел
1549,24,MSK,61033.72,11308.2,web,ops,2024-08-20,false,0.7105,0,
1550,40,EKB,45951.07,3578.85,web,sales,2024-12-05,false,0.3912,1,
1551,35,MSK,40462.06,6035.48,mobile,sales,2025-05-25,false,0.6412,1,
1552,34,MSK,107388.83,6667.04,web,sales,2025-11-09,true,0.5373,1,повторное обращение
1553,41,MSK,104413.93,4216.79,web,risk,2024-05-18,false,0.5603,0,заявка принята
1554,22,MSK,105432.94,2423.85,web,ops,2025-05-24,false,0.4518,0,повторное обращение
1555,31,MSK,16501.44,7306.51,web,support,2024-03-15,false,0.4371,0,клиент не отвечает
1556,28,SPB,66877.41,1958.12,mobile,risk,2025-05-17,true,0.7287,0,
1557,27,MSK,122904.93,1551.61,web,risk,2025-03-14,true,0.5132,0,клиент не отвечает
1558,18,MSK,41053.15,9703.01,mobile,support,2025-01-09,false,0.618,1,клиент не отвечает
1559,18,MSK,43980.29,6410.28,mobile,sales,2024-11-10,true,0.1855,0,перевод в другой отдел
1560,50,MSK,43549.7,3441.83,partner,sales,2024-05-09,false,0.5168,1,
1561,21,MSK,28750.05,7428.58,web,risk,2024-03-15,true,0.5219,0,перевод в другой отдел
1562,18,SPB,,2435.98,offline,ops,2025-07-17,true,0.6311,1,перевод в другой отдел
1563,65,EKB,100361.37,8999.66,web,sales,2024-01-25,true,0.2533,1,заявка принята
1564,33,KZN,28514.11,24459.79,mobile,risk,2024-03-06,false,0.7311,1,клиент не отвечает
1565,22,MSK,84052.66,9291.77,offline,sales,2024-03-09,true,0.6809,0,заявка принята
1566,48,KZN,61764.03,2646.35,offline,risk,2024-07-28,true,0.1992,0,клиент не отвечает
1567,48,SPB,68366.17,8649.23,web,ops,2024-07-30,false,0.2906,0,
1568,30,MSK,65177.85,3440.91,web,sales,2024-07-11,false,0.2894,0,заявка принята
1569,61,SPB,48990.3,533.96,offline,sales,2024-08-09,true,0.2831,0,перевод в другой отдел
1570,37,MSK,31906.57,10081.2,mobile,support,2024-07-14,true,0.5776,1,перевод в другой отдел
1571,29,SPB,60238.94,5286.43,web,ops,2025-01-25,true,0.4981,1,клиент не отвечает
1572,45,MSK,75082.38,7162.89,mobile,support,2024-04-15,true,0.3441,1,перевод в другой отдел
1573,26,ROV,55672.11,7818.28,mobile,ops,2024-12-30,true,0.4921,1,
1574,41,SPB,51117.86,17855.23,web,risk,2024-09-18,true,0.6866,0,документы на проверке
1575,31,EKB,83688.01,2565.89,mobile,ops,2024-04-06,false,0.6409,0,перевод в другой отдел
1576,33,SPB,113902.2,3795.46,web,sales,2024-01-07,false,0.4856,0,повторное обращение
1577,50,MSK,52233.44,5834.01,web,sales,2024-03-03,true,0.7913,1,документы на проверке
1578,31,MSK,97636.07,4968.07,mobile,ops,2024-01-09,true,0.6204,0,документы на проверке
1579,53,ROV,43034.18,12612.38,mobile,support,2024-05-11,false,0.2495,1,
1580,26,MSK,38671.38,3079.65,mobile,sales,2025-11-05,false,0.5056,1,клиент не отвечает
1581,51,ROV,55770.92,5979.32,mobile,sales,2025-01-08,false,0.6492,1,перевод в другой отдел
1582,39,SPB,83503.66,1399.94,web,support,2024-09-29,false,0.329,1,повторное обращение
1583,49,MSK,95876.66,1907.64,partner,support,2024-05-10,true,0.795,0,перевод в другой отдел
1584,38,MSK,82268.89,1564.77,web,sales,2024-12-02,true,0.7615,0,заявка принята
1585,55,ROV,49385.31,10982.83,mobile,ops,2025-09-04,true,0.6292,1,повторное обращение
1586,32,EKB,139536.52,1270.15,web,ops,2024-09-15,false,0.7046,0,
1587,30,KZN,147934.13,3642.72,mobile,support,2025-02-06,false,0.6056,1,документы на проверке
1588,67,SPB,110370.05,5548.08,web,ops,2024-03-29,false,0.1983,0,заявка принята
1589,31,NSK,44717.92,10553.45,mobile,support,2025-10-22,true,0.7275,0,повторное обращение
1590,32,NSK,85401.2,9350.5,mobile,support,2025-07-20,true,0.6801,0,
1591,66,KZN,26241.32,6494.21,mobile,risk,2025-10-01,true,0.5195,0,заявка принята
1592,54,NSK,49256.93,6642.11,mobile,sales,2024-05-20,false,0.3797,0,документы на проверке
1593,59,KZN,94140.08,11229.17,offline,sales,2025-05-24,false,0.6536,1,документы на проверке
1594,18,MSK,37595.06,7968.38,mobile,ops,2024-12-30,true,0.498,1,клиент не отвечает
1595,42,EKB,59469.31,21979.32,mobile,support,2024-08-29,false,0.3344,1,заявка принята
1596,52,KZN,42847.01,3707.46,mobile,sales,2025-04-03,true,0.6476,0,клиент не отвечает
1597,48,MSK,134839.21,5077.94,mobile,ops,2025-08-17,false,0.4995,1,документы на проверке
1598,31,SPB,56769.31,3756.91,web,support,2025-06-28,true,0.4885,1,заявка принята
1599,62,MSK,49684.94,5796.52,web,support,2025-02-09,true,0.2999,1,документы на проверке
1600,33,MSK,61257.58,9909.74,web,sales,2025-09-09,false,0.4949,0,документы на проверке
1601,35,ROV,100007.39,4215.99,mobile,support,2024-05-24,true,0.401,0,заявка принята
1602,57,SPB,,6149.75,web,sales,2024-10-08,true,0.7298,1,клиент не отвечает
1603,29,MSK,44860.47,9919.42,partner,sales,2024-06-21,true,0.3028,1,клиент не отвечает
1604,36,MSK,37936.37,6220.64,mobile,ops,2024-09-01,false,0.4824,1,заявка принята
1605,34,KZN,181417.95,12092.35,web,ops,2024-09-18,false,0.3586,1,документы на проверке
1606,55,SPB,97040.71,3466.02,offline,ops,2025-07-16,false,0.3286,1,перевод в другой отдел
1607,50,EKB,61502.3,8001.32,web,risk,2025-10-07,false,0.4148,1,клиент не отвечает
1608,45,KZN,77594.94,3132.38,partner,risk,2024-06-11,false,0.9978,0,документы на проверке
1609,21,NSK,26042.05,2247.97,mobile,support,2025-02-14,true,0.4118,1,заявка принята
1610,28,ROV,99930.36,7249.04,web,ops,2025-08-27,false,0.5482,0,
1611,25,MSK,64739.27,2396.87,web,sales,2024-12-17,true,0.3117,1,документы на проверке
1612,44,MSK,142831.17,14623.75,mobile,support,2025-05-18,false,0.5789,0,повторное обращение
1613,54,ROV,42370.02,2181.77,mobile,ops,2024-06-01,false,0.6466,1,повторное обращение
1614,41,EKB,59430.29,5593.74,offline,risk,2024-12-16,false,0.3549,1,
1615,39,KZN,77635.95,3422.66,web,risk,2025-01-01,true,0.0166,1,
1616,35,EKB,54702.88,3909.23,web,support,2025-11-14,false,0.523,0,перевод в другой отдел
1617,56,EKB,80943.41,1861.06,web,sales,2025-02-05,true,0.4445,1,клиент не отвечает
1618,33,KZN,82886.08,5680.92,offline,sales,2025-05-20,false,0.4775,1,перевод в другой отдел
1619,48,NSK,54709.91,4894.57,web,sales,2025-05-29,true,0.5426,1,
1620,36,MSK,43704.59,6240.74,web,support,2024-09-09,false,0.6099,0,перевод в другой отдел
1621,39,SPB,46698.92,13813.54,mobile,support,2024-09-11,false,0.3168,1,повторное обращение
1622,42,MSK,58938.0,5930.9,mobile,ops,2025-11-30,false,0.4716,0,документы на проверке
1623,56,ROV,93610.53,2637.16,web,ops,2025-09-21,true,0.7877,0,
1624,29,NSK,66611.03,4913.59,mobile,risk,2024-08-11,false,0.5072,1,клиент не отвечает
1625,40,MSK,72275.71,6257.06,web,sales,2024-07-20,false,0.5376,1,перевод в другой отдел
1626,58,MSK,97424.19,4744.63,mobile,sales,2024-11-13,true,0.6134,0,повторное обращение
1627,26,SPB,21624.45,2016.95,mobile,support,2025-02-21,false,0.391,1,
1628,28,NSK,40659.12,4479.05,web,support,2025-04-02,true,0.7159,0,перевод в другой отдел
1629,45,SPB,49465.03,1358.38,web,support,2024-08-29,true,0.5893,1,
1630,35,EKB,101597.24,1941.76,mobile,sales,2024-09-08,true,0.1408,1,клиент не отвечает
1631,37,SPB,58920.31,1366.94,mobile,sales,2024-01-10,false,0.2688,1,повторное обращение
1632,36,KZN,148253.98,3293.47,web,ops,2025-06-25,true,0.6804,0,документы на проверке
1633,38,KZN,43304.81,5264.39,web,ops,2024-12-12,true,0.2589,1,документы на проверке
1634,42,MSK,173332.25,9858.58,web,ops,2025-03-11,false,0.6851,0,клиент не отвечает
1635,53,EKB,100683.95,11636.05,web,ops,2025-04-14,false,0.6939,0,
1636,29,MSK,82063.64,3730.45,web,risk,2025-01-25,false,1.0603,1,повторное обращение
1637,37,ROV,93792.21,2021.21,web,sales,2024-07-09,true,0.5027,1,заявка принята
1638,18,EKB,97899.32,2551.13,web,ops,2024-01-23,true,0.185,1,заявка принята
1639,52,SPB,73252.41,10516.85,web,support,2025-08-31,true,0.5498,0,клиент не отвечает
1640,48,NSK,35172.75,4776.62,web,support,2025-05-06,true,0.4398,1,заявка принята
1641,43,EKB,106353.03,7425.78,mobile,risk,2024-10-18,false,0.5563,1,документы на проверке
1642,29,ROV,59318.63,4951.89,mobile,risk,2024-12-30,true,0.4176,1,документы на проверке
1643,25,ROV,17270.25,699.13,partner,sales,2024-07-23,true,0.3285,1,документы на проверке
1644,18,KZN,52772.59,2824.84,mobile,ops,2024-03-31,true,0.6188,0,документы на проверке
1645,49,NSK,26490.01,2279.04,mobile,sales,2024-03-19,false,0.2838,1,перевод в другой отдел
1646,44,MSK,138662.37,3934.91,mobile,support,2025-04-26,false,0.7628,0,перевод в другой отдел
1647,20,MSK,87482.5,8055.35,partner,risk,2025-06-12,true,0.3674,1,перевод в другой отдел
1648,29,KZN,73308.1,6666.44,mobile,ops,2024-08-11,true,0.1436,1,повторное обращение
1649,55,KZN,83305.42,579.4,partner,sales,2025-05-20,true,0.3442,1,заявка принята
1650,53,EKB,48541.21,2858.46,web,support,2024-11-21,false,0.0057,1,клиент не отвечает
1651,38,MSK,113768.24,4970.05,web,sales,2025-11-08,false,0.568,1,повторное обращение
1652,19,MSK,122225.01,7448.89,offline,support,2025-10-28,true,0.2195,1,клиент не отвечает
1653,34,KZN,68132.73,4021.37,mobile,support,2025-05-05,false,0.5484,0,заявка принята
1654,35,MSK,31824.74,5251.53,mobile,support,2025-02-25,true,0.4008,0,повторное обращение
1655,36,SPB,,7804.55,partner,support,2025-07-20,false,0.319,1,повторное обращение
1656,29,MSK,175510.42,3910.65,mobile,sales,2025-11-15,false,0.2762,0,
1657,47,ROV,,7950.92,web,risk,2024-12-25,true,0.5749,1,повторное обращение
1658,27,KZN,91140.56,4755.62,offline,ops,2025-11-14,true,0.5421,0,заявка принята
1659,31,SPB,101349.23,1316.0,web,support,2025-05-06,false,0.3867,0,клиент не отвечает
1660,18,SPB,38706.17,2446.8,mobile,risk,2024-03-07,true,0.2992,0,документы на проверке
1661,27,KZN,47486.19,5492.27,mobile,sales,2025-03-10,true,0.2034,1,перевод в другой отдел
1662,31,MSK,40349.37,4746.96,mobile,risk,2025-06-03,false,0.5746,0,перевод в другой отдел
1663,42,NSK,67441.58,2750.7,offline,sales,2024-06-16,false,0.6317,1,документы на проверке
1664,33,SPB,116544.72,10735.14,web,support,2025-09-07,false,1.0288,1,клиент не отвечает
1665,33,MSK,72525.65,2230.34,offline,ops,2024-10-08,false,0.6328,0,
1666,18,SPB,68097.16,2989.82,web,sales,2025-08-21,false,0.8319,1,документы на проверке
1667,33,MSK,84646.9,1869.37,web,ops,2024-11-29,false,0.5373,1,заявка принята
1668,24,ROV,44639.29,6098.74,partner,support,2025-09-17,false,0.4532,1,документы на проверке
1669,35,ROV,106099.1,2895.59,web,support,2024-12-17,true,0.5062,1,
1670,37,MSK,62205.5,2927.46,web,risk,2024-05-13,true,0.369,0,документы на проверке
1671,29,SPB,32063.02,9205.12,partner,risk,2025-02-20,true,0.7619,0,
1672,30,SPB,,3649.92,mobile,risk,2025-09-17,true,0.6149,0,перевод в другой отдел
1673,29,SPB,118020.96,3199.27,web,ops,2024-08-09,false,0.3435,0,повторное обращение
1674,45,SPB,72821.12,5534.11,web,ops,2024-08-26,true,0.5477,0,
1675,45,SPB,74511.59,9491.84,partner,risk,2025-04-17,true,0.4826,1,
1676,32,MSK,66699.75,5073.77,partner,ops,2024-09-28,false,0.5603,1,документы на проверке
1677,36,MSK,60062.32,9815.74,partner,ops,2024-09-16,true,0.6565,1,повторное обращение
1678,24,NSK,47235.93,14907.44,web,ops,2024-03-23,false,0.54,1,перевод в другой отдел
1679,39,SPB,19455.55,1023.52,partner,sales,2025-08-07,true,0.5836,0,клиент не отвечает
1680,30,SPB,46912.88,14680.89,web,ops,2024-09-08,true,0.6314,1,повторное обращение
1681,42,SPB,226743.74,10400.81,web,sales,2024-03-12,true,0.4387,0,перевод в другой отдел
1682,20,SPB,72704.55,31024.88,web,sales,2025-07-14,false,0.3568,0,документы на проверке
1683,44,KZN,54623.87,2746.54,mobile,sales,2025-06-07,true,0.9587,1,перевод в другой отдел
1684,34,SPB,62808.17,8129.08,web,support,2025-02-17,false,0.2224,1,заявка принята
1685,21,MSK,44426.75,9333.83,offline,support,2025-03-08,true,0.4682,1,перевод в другой отдел
1686,35,MSK,43027.76,2632.27,web,support,2025-06-28,true,0.713,0,перевод в другой отдел
1687,24,MSK,88282.71,8439.05,web,support,2025-04-11,false,0.5291,1,повторное обращение
1688,48,MSK,37253.8,15243.19,web,sales,2025-02-27,false,0.5127,1,клиент не отвечает
1689,35,ROV,31139.76,3511.17,partner,ops,2025-07-01,false,0.625,1,повторное обращение
1690,64,EKB,43328.95,4928.87,partner,sales,2025-11-24,true,0.3819,1,повторное обращение
1691,52,SPB,69082.37,9942.45,mobile,risk,2024-08-08,true,0.4687,0,документы на проверке
1692,40,ROV,42729.94,1457.85,web,support,2024-06-09,false,0.7281,1,документы на проверке
1693,18,ROV,180589.43,2744.61,offline,support,2024-04-02,false,0.5889,1,
1694,31,MSK,51369.28,2783.74,mobile,risk,2024-01-11,true,0.5791,1,
1695,32,NSK,48726.46,1386.89,mobile,risk,2025-02-20,false,0.1396,1,повторное обращение
1696,37,ROV,153445.5,1538.89,partner,support,2025-09-20,false,0.3563,1,перевод в другой отдел
1697,45,EKB,116739.33,5228.1,web,support,2025-11-11,true,0.6631,0,клиент не отвечает
1698,25,SPB,92677.45,4381.67,partner,ops,2025-10-27,false,0.4686,0,повторное обращение
1699,45,MSK,31258.35,1487.91,partner,risk,2024-05-12,false,0.5325,1,заявка принята
1700,35,MSK,44258.25,4400.69,web,support,2024-05-05,false,0.409,1,заявка принята
1701,35,EKB,81694.81,6200.62,web,ops,2025-01-24,true,0.6209,0,повторное обращение
1702,43,MSK,50344.2,4199.63,mobile,ops,2024-02-12,true,0.1815,1,перевод в другой отдел
1703,49,ROV,47135.83,6148.17,mobile,sales,2024-12-03,false,0.3245,1,клиент не отвечает
1704,40,NSK,115489.83,9892.53,web,support,2024-07-29,true,0.3905,0,клиент не отвечает
1705,22,MSK,62848.85,743.95,partner,risk,2024-03-22,true,0.2111,1,повторное обращение
1706,29,MSK,48936.31,884.6,mobile,risk,2024-03-16,true,0.5031,1,перевод в другой отдел
1707,23,MSK,49549.85,2546.53,web,sales,2025-04-30,true,0.5682,1,документы на проверке
1708,33,NSK,48020.7,7952.13,web,risk,2025-11-07,true,0.621,1,перевод в другой отдел
1709,42,NSK,120290.54,1647.94,web,sales,2025-06-23,true,0.0889,0,перевод в другой отдел
1710,41,SPB,62503.94,12714.84,web,ops,2025-05-29,false,0.6967,1,перевод в другой отдел
1711,31,SPB,45304.8,5189.5,mobile,sales,2024-12-31,true,0.7138,0,клиент не отвечает
1712,33,KZN,254214.79,7606.27,offline,ops,2024-03-30,true,0.6587,1,
1713,18,SPB,113919.8,3375.24,web,sales,2025-03-10,true,0.149,1,перевод в другой отдел
1714,29,SPB,91460.2,17425.76,offline,ops,2024-08-31,true,0.3999,1,заявка принята
1715,30,EKB,72147.71,1594.87,mobile,support,2025-11-09,false,0.4609,1,клиент не отвечает
1716,34,NSK,50021.51,993.22,web,support,2025-07-20,false,0.5405,1,повторное обращение
1717,29,KZN,42700.53,1938.71,partner,risk,2025-03-02,false,0.5604,1,повторное обращение
1718,18,MSK,58801.29,5495.52,web,support,2025-10-06,true,0.3149,0,клиент не отвечает
1719,58,MSK,164266.17,3062.64,web,support,2024-02-13,true,0.3505,1,перевод в другой отдел
1720,56,KZN,81048.99,20279.42,mobile,ops,2024-11-23,true,0.4557,1,повторное обращение
1721,28,MSK,46875.59,1247.71,mobile,sales,2025-07-28,true,0.6325,1,клиент не отвечает
1722,40,KZN,63975.77,4502.08,web,risk,2024-03-11,false,0.4447,1,перевод в другой отдел
1723,46,KZN,77564.02,2271.71,mobile,support,2025-11-09,false,0.5974,1,клиент не отвечает
1724,27,KZN,34792.48,920.39,offline,support,2024-08-15,false,0.5667,1,документы на проверке
1725,24,SPB,181502.47,27574.18,mobile,risk,2025-05-13,true,0.5483,0,перевод в другой отдел
1726,45,SPB,49437.11,4103.8,mobile,risk,2024-09-03,false,0.3857,1,
1727,31,SPB,108815.54,2882.29,web,risk,2024-11-12,false,0.4881,1,
1728,32,EKB,116703.49,11905.43,mobile,sales,2025-05-12,false,0.5988,1,клиент не отвечает
1729,28,NSK,80142.24,5427.21,web,support,2024-06-20,false,0.6718,1,клиент не отвечает
1730,40,MSK,67966.33,8274.78,web,ops,2024-10-24,false,0.5104,0,
1731,33,MSK,59824.98,7267.85,web,sales,2024-01-27,false,0.6588,1,заявка принята
1732,51,NSK,56679.48,3055.94,mobile,risk,2025-05-15,true,0.5342,0,документы на проверке
1733,31,SPB,81317.39,11906.71,mobile,ops,2025-02-15,false,0.7609,1,повторное обращение
1734,41,MSK,140693.31,5093.15,web,sales,2024-05-11,true,0.3088,1,перевод в другой отдел
1735,43,MSK,39390.29,1382.29,mobile,risk,2025-05-19,true,0.0476,0,клиент не отвечает
1736,23,MSK,102701.03,2848.35,offline,sales,2025-06-16,true,0.6609,1,
1737,41,EKB,41501.33,13768.82,mobile,support,2024-01-26,false,0.0282,1,повторное обращение
1738,54,MSK,145765.02,1640.61,web,ops,2025-08-20,true,0.425,1,
1739,43,KZN,68206.29,4267.27,partner,support,2025-09-25,false,0.5959,1,перевод в другой отдел
1740,29,NSK,52078.4,1721.08,web,risk,2024-03-19,true,0.5523,1,
1741,18,ROV,72230.62,5534.97,mobile,support,2025-03-15,true,0.4393,1,документы на проверке
1742,39,SPB,53265.59,5965.8,offline,support,2024-09-30,true,0.3666,1,заявка принята
1743,40,MSK,35211.32,10491.79,web,risk,2025-05-09,true,0.6104,1,клиент не отвечает
1744,30,MSK,87502.26,7528.79,mobile,ops,2025-10-31,true,0.3344,1,
1745,18,SPB,77130.73,3820.21,web,risk,2025-05-28,true,0.7386,0,заявка принята
1746,41,MSK,114516.13,2477.03,mobile,risk,2025-08-25,false,0.8435,0,заявка принята
1747,26,EKB,20769.1,7788.38,web,sales,2024-11-01,true,0.8612,0,
1748,50,MSK,82880.92,5038.3,offline,support,2025-04-20,false,0.4626,1,перевод в другой отдел
1749,51,ROV,146575.52,3416.52,web,sales,2024-06-27,true,0.9183,0,документы на проверке
1750,34,KZN,66890.74,34113.86,mobile,support,2024-01-05,false,0.3185,0,повторное обращение
1751,46,MSK,106537.0,1272.84,partner,risk,2024-01-27,true,0.4045,0,перевод в другой отдел
1752,58,MSK,47101.31,2756.94,web,ops,2024-08-13,false,0.6053,0,заявка принята
1753,24,KZN,40003.81,4468.05,web,risk,2024-05-12,false,0.5195,0,заявка принята
1754,23,MSK,109808.24,5203.86,web,ops,2025-07-26,false,0.9154,1,клиент не отвечает
1755,18,SPB,52885.18,9443.71,partner,support,2025-10-16,true,0.6052,0,заявка принята
1756,39,NSK,167111.13,1748.71,web,ops,2024-12-14,true,0.6213,1,перевод в другой отдел
1757,18,KZN,76645.68,3576.9,mobile,risk,2024-06-15,false,0.4079,1,документы на проверке
1758,40,ROV,78186.88,3695.11,mobile,sales,2024-02-22,false,0.2758,0,клиент не отвечает
1759,33,MSK,52572.36,4802.01,mobile,support,2025-01-31,true,0.6944,0,перевод в другой отдел
1760,28,ROV,69409.63,1394.33,web,ops,2025-03-20,true,0.5038,0,
1761,35,MSK,50453.97,3865.26,web,ops,2025-09-02,true,0.3295,1,
1762,42,KZN,38281.71,808.35,partner,ops,2025-11-17,true,0.7331,0,клиент не отвечает
1763,40,MSK,54993.07,8759.53,web,support,2024-07-25,true,-0.0263,1,
1764,46,KZN,66141.2,2792.64,offline,sales,2025-08-02,false,0.462,1,
1765,41,SPB,37014.15,4841.78,web,support,2024-04-02,false,0.9074,1,повторное обращение
1766,18,MSK,99312.46,14641.63,web,risk,2024-12-14,true,0.5477,1,документы на проверке
1767,24,NSK,,2200.05,partner,risk,2025-06-26,false,0.2845,0,повторное обращение
1768,50,ROV,33511.29,3645.43,web,ops,2025-07-11,true,0.4804,1,заявка принята
1769,40,MSK,86522.8,2984.57,partner,ops,2025-08-29,true,0.7482,0,документы на проверке
1770,43,EKB,115561.23,19759.51,mobile,risk,2024-11-13,false,0.2944,0,повторное обращение
1771,32,ROV,49791.32,1665.37,web,sales,2024-01-05,true,0.4693,1,
1772,52,SPB,106583.57,8098.75,web,risk,2024-10-05,false,0.5666,1,документы на проверке
1773,31,KZN,92260.53,1757.14,web,risk,2024-04-10,false,0.5111,0,
1774,32,MSK,26066.38,1198.77,offline,risk,2025-07-09,true,0.3323,1,повторное обращение
1775,69,SPB,35473.1,6279.71,mobile,sales,2024-12-09,true,0.5496,1,повторное обращение
1776,47,MSK,37922.81,6048.69,mobile,sales,2024-02-15,false,0.6653,1,клиент не отвечает
1777,20,SPB,69916.25,4928.66,web,support,2024-05-09,true,0.2888,1,документы на проверке
1778,37,MSK,36481.92,3425.06,offline,sales,2025-07-02,false,0.5148,1,перевод в другой отдел
1779,39,KZN,68633.77,12577.51,offline,ops,2024-04-23,false,0.4429,1,повторное обращение
1780,31,KZN,42750.85,5930.65,web,support,2024-07-01,false,0.823,0,
1781,18,NSK,57508.98,7266.48,partner,risk,2025-10-06,false,0.6048,0,документы на проверке
1782,49,MSK,48895.72,3055.26,partner,risk,2025-06-14,true,0.3784,0,повторное обращение
1783,26,EKB,68733.54,3314.41,mobile,sales,2024-02-21,true,0.3569,0,документы на проверке
1784,55,SPB,45921.94,2218.47,mobile,support,2024-08-14,true,0.6221,0,заявка принята
1785,33,ROV,67374.87,1955.9,offline,ops,2024-04-21,true,0.4673,0,клиент не отвечает
1786,41,SPB,56639.54,1974.77,mobile,support,2024-12-03,false,0.6146,0,клиент не отвечает
1787,40,NSK,72167.42,3661.89,offline,ops,2024-03-25,true,0.4079,1,документы на проверке
1788,45,SPB,88219.55,8449.81,web,sales,2024-07-26,true,0.5236,0,документы на проверке
1789,69,MSK,57355.52,8772.85,mobile,support,2025-05-30,false,0.6233,1,перевод в другой отдел
1790,36,EKB,68768.77,6686.16,offline,sales,2025-03-29,false,0.9341,1,документы на проверке
1791,39,ROV,54871.92,3247.26,mobile,support,2024-06-27,true,0.6275,1,перевод в другой отдел
1792,29,KZN,93529.84,9666.9,partner,risk,2025-10-06,true,0.5466,0,заявка принята
1793,41,SPB,65909.73,7661.66,web,sales,2024-08-23,false,0.628,0,заявка принята
1794,32,KZN,102092.37,801.97,offline,sales,2025-10-11,true,0.5649,1,перевод в другой отдел
1795,52,KZN,112528.42,1044.7,partner,support,2025-01-16,true,0.8221,1,перевод в другой отдел
1796,40,MSK,62006.24,10413.57,offline,support,2025-09-17,true,0.8314,1,документы на проверке
1797,34,SPB,84339.68,2143.38,mobile,support,2024-10-11,true,0.3125,0,клиент не отвечает
1798,46,KZN,81949.38,3884.41,mobile,sales,2025-04-14,true,0.637,0,перевод в другой отдел
1799,44,SPB,35820.27,6612.43,web,ops,2024-03-20,true,0.5368,1,
1800,40,ROV,88496.72,2815.74,web,sales,2024-02-09,false,0.5012,0,
1801,59,NSK,128041.52,4796.09,web,risk,2025-09-02,false,0.7901,1,
1802,53,SPB,73269.17,3642.52,offline,sales,2025-05-05,false,0.5628,0,повторное обращение
1803,46,ROV,174682.52,3654.79,mobile,ops,2024-12-26,true,0.2519,0,клиент не отвечает
1804,18,EKB,61710.47,3478.14,web,risk,2025-10-18,false,0.4813,0,документы на проверке
1805,26,KZN,57653.88,11857.55,web,ops,2025-01-16,false,0.4542,1,клиент не отвечает
1806,41,SPB,43238.39,3265.28,mobile,risk,2024-04-01,false,0.4631,0,повторное обращение
1807,32,EKB,114560.58,2962.92,mobile,support,2025-04-25,false,0.4565,0,повторное обращение
1808,45,SPB,57533.95,2005.21,mobile,risk,2025-07-14,true,0.5239,1,заявка принята
1809,41,EKB,33203.97,3536.41,mobile,sales,2024-10-29,true,0.4297,1,документы на проверке
1810,57,EKB,63247.69,9846.0,mobile,ops,2025-06-16,true,0.4983,0,перевод в другой отдел
1811,29,MSK,81673.69,1380.34,web,sales,2025-08-17,true,0.6349,0,перевод в другой отдел
1812,43,ROV,45721.95,2586.67,mobile,ops,2024-10-04,false,0.6388,1,повторное обращение
1813,23,MSK,69257.05,2499.19,web,risk,2024-02-27,true,0.4941,1,повторное обращение
1814,46,ROV,49518.36,1895.94,web,risk,2024-09-25,true,0.5398,0,документы на проверке
1815,39,MSK,25449.38,2334.3,mobile,support,2025-06-23,false,0.4912,1,клиент не отвечает
1816,35,NSK,53819.89,4051.59,web,risk,2024-11-06,true,0.4747,1,повторное обращение
1817,40,NSK,63734.18,6681.87,web,ops,2025-04-18,false,0.3771,0,заявка принята
1818,38,KZN,65708.44,3410.68,mobile,sales,2024-05-04,true,0.5796,1,
1819,36,MSK,125628.81,32282.03,offline,support,2025-01-22,true,0.5009,1,перевод в другой отдел
1820,36,NSK,46156.01,4555.93,offline,sales,2024-01-10,false,0.3274,1,заявка принята
1821,35,SPB,157543.42,2765.04,mobile,risk,2024-01-02,false,0.3865,1,заявка принята
1822,47,SPB,99035.45,472.61,web,risk,2025-04-30,true,0.1458,1,клиент не отвечает
1823,22,NSK,56799.4,10069.22,offline,ops,2025-09-10,true,0.9453,0,документы на проверке
1824,44,EKB,47936.44,8497.8,mobile,support,2025-10-23,false,0.5905,0,клиент не отвечает
1825,48,MSK,76658.8,1190.83,web,support,2024-08-19,false,0.4283,1,перевод в другой отдел
1826,47,MSK,57280.67,6467.44,web,risk,2025-06-13,true,0.5295,1,
1827,38,MSK,45896.33,18652.5,web,risk,2025-09-01,true,0.837,1,заявка принята
1828,32,ROV,55850.65,2700.23,offline,risk,2024-03-29,false,0.5389,1,перевод в другой отдел
1829,45,MSK,80440.5,10227.28,web,risk,2024-06-14,true,0.3568,1,клиент не отвечает
1830,38,MSK,98232.67,5358.79,mobile,ops,2024-08-07,true,0.4688,1,
1831,24,SPB,21675.82,6098.31,partner,ops,2024-07-19,false,0.34,0,документы на проверке
1832,30,EKB,33834.71,11603.05,offline,sales,2024-03-21,true,0.623,1,перевод в другой отдел
1833,19,KZN,70755.69,2642.13,mobile,ops,2024-11-23,true,0.3627,0,заявка принята
1834,42,MSK,90274.11,46763.11,web,risk,2025-02-06,true,0.4477,1,документы на проверке
1835,22,MSK,87148.72,2806.89,mobile,support,2024-09-13,false,0.457,0,
1836,40,NSK,152331.82,2193.41,mobile,sales,2024-01-25,true,0.4406,1,клиент не отвечает
1837,39,EKB,79689.26,9488.25,mobile,ops,2025-08-22,false,0.508,0,перевод в другой отдел
1838,57,NSK,63315.85,9620.58,mobile,risk,2025-08-09,false,0.4503,1,клиент не отвечает
1839,50,MSK,80918.69,4118.5,offline,ops,2025-10-05,false,0.7039,0,перевод в другой отдел
1840,37,MSK,98411.66,2489.03,mobile,ops,2024-03-24,false,0.4422,0,перевод в другой отдел
1841,46,NSK,177915.6,1986.27,web,sales,2025-09-14,true,0.6326,1,перевод в другой отдел
1842,52,MSK,56556.95,2824.66,web,sales,2025-11-05,false,0.3818,0,повторное обращение
1843,41,KZN,51353.22,1840.08,web,support,2025-08-20,false,0.2941,1,повторное обращение
1844,47,ROV,44445.04,4992.92,mobile,support,2025-07-09,true,0.4492,1,заявка принята
1845,56,MSK,35362.49,4627.92,partner,ops,2024-03-28,false,0.6518,1,
1846,27,KZN,72901.45,8046.49,mobile,sales,2024-12-30,true,0.7305,0,заявка принята
1847,35,SPB,36891.8,3838.97,mobile,support,2024-11-27,true,0.3721,0,документы на проверке
1848,40,SPB,290142.43,4204.38,partner,ops,2025-09-08,false,0.403,0,документы на проверке
1849,33,NSK,20260.32,3146.48,web,sales,2025-11-22,false,0.662,1,клиент не отвечает
1850,56,SPB,45954.85,659.69,partner,support,2024-02-01,true,0.5311,0,перевод в другой отдел
1851,30,EKB,66362.25,1343.75,mobile,support,2024-06-24,true,0.5915,0,
1852,27,ROV,57263.16,2396.46,mobile,risk,2025-03-23,true,0.5846,0,клиент не отвечает
1853,28,KZN,50171.48,7129.44,mobile,risk,2025-12-01,true,0.3856,0,перевод в другой отдел
1854,40,MSK,62538.46,1821.86,web,support,2024-02-18,false,0.4795,0,заявка принята
1855,44,MSK,93679.07,9265.89,web,risk,2025-04-12,true,0.5076,0,документы на проверке
1856,47,NSK,87670.78,1787.48,mobile,ops,2024-05-06,false,0.6369,0,документы на проверке
1857,26,EKB,44705.21,3399.04,web,risk,2024-01-05,false,0.6616,1,перевод в другой отдел
1858,40,MSK,77814.63,2307.89,web,ops,2025-06-12,true,0.3533,0,перевод в другой отдел
1859,47,SPB,,9674.58,web,ops,2024-07-18,true,0.6061,0,
1860,34,MSK,104072.28,7894.84,web,ops,2025-10-13,false,0.6026,1,перевод в другой отдел
1861,36,KZN,20752.02,2319.74,offline,sales,2024-04-28,true,0.0631,0,перевод в другой отдел
1862,30,KZN,88518.73,1583.22,web,sales,2024-01-21,false,0.7583,0,документы на проверке
1863,49,EKB,29190.89,1218.24,offline,support,2024-12-02,false,0.3744,1,
1864,36,MSK,106585.32,3862.07,web,sales,2025-11-27,false,0.2693,0,документы на проверке
1865,40,EKB,22622.45,4000.31,web,sales,2025-02-02,false,0.3876,0,документы на проверке
1866,18,MSK,155151.17,7153.35,offline,ops,2024-01-08,true,0.3402,0,перевод в другой отдел
1867,20,MSK,169361.88,6818.09,web,sales,2024-10-14,true,0.5801,1,
1868,44,KZN,79394.17,15049.85,offline,ops,2025-10-10,false,0.6007,0,
1869,35,KZN,27826.55,35006.42,offline,support,2025-10-20,false,0.5451,1,документы на проверке
1870,29,EKB,127465.37,5910.43,web,sales,2025-04-26,false,0.3253,0,документы на проверке
1871,23,KZN,36005.15,5778.01,partner,risk,2024-04-22,true,0.3875,1,клиент не отвечает
1872,18,MSK,38993.54,2388.3,offline,risk,2024-12-29,true,0.7339,1,
1873,18,EKB,140188.95,1593.66,partner,risk,2025-04-18,false,0.7775,0,перевод в другой отдел
1874,27,SPB,74612.98,13687.92,mobile,sales,2025-05-03,true,0.5038,1,перевод в другой отдел
1875,31,ROV,30224.05,5612.62,mobile,sales,2025-05-18,true,0.3229,0,клиент не отвечает
1876,32,MSK,107627.76,5338.69,web,risk,2024-07-10,true,0.4587,0,
1877,41,MSK,106588.04,8043.66,mobile,ops,2024-09-25,true,0.3614,0,повторное обращение
1878,42,MSK,25373.12,3492.11,web,support,2024-11-17,false,0.5824,1,заявка принята
1879,43,MSK,45951.01,10789.6,partner,risk,2025-04-26,true,0.457,1,повторное обращение
1880,50,ROV,111500.76,1413.26,web,sales,2025-02-18,true,0.6553,1,повторное обращение
1881,55,NSK,52250.7,5023.2,web,sales,2025-01-14,false,0.2233,1,документы на проверке
1882,34,SPB,52984.65,4281.95,mobile,risk,2024-08-25,false,0.591,0,клиент не отвечает
1883,42,EKB,77636.56,6898.96,partner,ops,2025-03-10,true,0.4185,0,повторное обращение
1884,45,MSK,51144.86,5737.3,offline,ops,2024-03-09,true,0.4725,0,повторное обращение
1885,45,KZN,71419.42,16059.8,mobile,sales,2024-07-05,true,0.5395,1,
1886,39,MSK,72814.72,2759.91,partner,support,2024-01-03,true,0.7832,0,заявка принята
1887,30,ROV,25217.27,13079.74,web,ops,2024-10-13,true,0.5231,1,перевод в другой отдел
1888,34,SPB,25300.12,26779.85,mobile,sales,2024-06-20,true,0.7346,0,перевод в другой отдел
1889,36,SPB,59411.19,7428.76,mobile,sales,2024-09-28,false,0.7903,1,перевод в другой отдел
1890,43,SPB,39204.64,9453.36,web,ops,2025-09-12,false,0.6894,0,клиент не отвечает
1891,18,MSK,26994.33,4448.44,web,support,2024-06-07,true,0.5719,1,документы на проверке
1892,52,MSK,113973.51,7134.97,web,ops,2024-01-02,false,0.7528,0,заявка принята
1893,20,MSK,89995.48,3659.78,web,ops,2025-10-13,false,0.1703,1,документы на проверке
1894,18,KZN,73716.84,2555.09,web,sales,2024-01-19,true,0.453,1,документы на проверке
1895,29,MSK,82482.29,1865.46,partner,sales,2025-04-27,true,0.4614,0,перевод в другой отдел
1896,39,NSK,55310.84,9678.45,mobile,risk,2024-03-26,false,0.6971,1,заявка принята
1897,60,NSK,,5738.42,mobile,sales,2025-07-22,true,0.7338,1,
1898,43,MSK,64023.46,11678.31,web,support,2024-03-24,true,0.6656,0,документы на проверке
1899,49,ROV,56107.89,8882.37,mobile,risk,2025-09-05,false,0.3919,0,
1900,29,MSK,92765.9,7240.29,web,support,2024-10-15,false,0.8264,0,заявка принята
1901,26,SPB,131420.08,704.77,offline,support,2025-04-14,true,0.7428,0,клиент не отвечает
1902,43,SPB,111294.9,3687.89,web,ops,2025-06-26,false,0.1987,0,заявка принята
1903,42,NSK,50652.51,8385.65,mobile,sales,2024-10-06,true,0.3241,1,документы на проверке
1904,66,KZN,20680.05,6831.27,mobile,risk,2024-01-28,false,0.6712,1,повторное обращение
1905,42,MSK,52944.27,5875.79,web,risk,2025-07-01,false,0.6688,0,документы на проверке
1906,24,EKB,44803.41,924.65,mobile,sales,2024-07-22,true,0.3399,1,заявка принята
1907,43,KZN,56435.13,891.39,web,ops,2025-09-16,true,0.4426,0,перевод в другой отдел
1908,20,NSK,55585.95,2259.41,mobile,ops,2025-05-08,false,0.5603,0,
1909,18,MSK,38461.22,3510.96,mobile,risk,2024-05-27,true,0.5612,1,клиент не отвечает
1910,18,SPB,62414.02,5817.29,web,ops,2024-12-04,false,0.6532,1,документы на проверке
1911,37,MSK,48259.36,9207.03,mobile,support,2024-01-04,false,0.7072,1,повторное обращение
1912,34,ROV,65727.45,13659.67,partner,sales,2024-06-05,false,0.3575,0,перевод в другой отдел
1913,29,EKB,21807.52,1767.81,mobile,ops,2024-05-15,true,0.528,0,заявка принята
1914,59,MSK,73262.28,7442.46,web,risk,2024-09-11,false,0.4405,0,
1915,49,NSK,58999.82,5554.11,mobile,risk,2024-12-26,true,0.8449,1,заявка принята
1916,41,NSK,,4793.81,mobile,ops,2025-02-08,false,0.5624,0,
1917,46,KZN,53629.74,3243.57,offline,risk,2025-06-19,true,0.3978,0,
1918,49,MSK,62535.96,4039.06,mobile,risk,2025-02-03,false,0.2946,1,повторное обращение
1919,18,ROV,128417.8,1525.0,partner,support,2024-04-03,true,0.4231,1,повторное обращение
1920,37,MSK,50002.64,1166.82,mobile,ops,2024-05-19,false,0.1076,1,повторное обращение
1921,23,EKB,74928.22,4873.42,mobile,ops,2024-10-02,true,0.5498,0,
1922,45,NSK,34632.69,25603.55,web,risk,2024-09-05,false,0.5152,1,повторное обращение
1923,44,KZN,53447.37,3127.25,web,risk,2024-08-11,true,0.7543,1,клиент не отвечает
1924,41,KZN,36207.02,3268.02,web,risk,2024-06-05,false,0.7616,0,перевод в другой отдел
1925,50,EKB,34053.69,1969.92,web,ops,2024-10-27,false,0.3909,0,клиент не отвечает
1926,52,ROV,73007.63,10226.61,web,ops,2025-06-24,false,0.4696,0,клиент не отвечает
1927,30,ROV,98570.13,7109.71,mobile,support,2024-07-10,true,0.4146,0,
1928,45,SPB,113286.41,9005.5,partner,risk,2025-08-19,false,0.7028,1,повторное обращение
1929,35,SPB,66322.37,2171.54,mobile,sales,2025-05-31,false,0.5316,0,повторное обращение
1930,29,SPB,15210.55,6690.31,partner,sales,2025-01-09,true,0.4727,0,клиент не отвечает
1931,33,SPB,23761.69,4336.06,offline,ops,2024-11-22,false,0.8312,0,документы на проверке
1932,22,SPB,73451.39,11602.0,web,risk,2025-01-11,false,0.6146,1,перевод в другой отдел
1933,45,NSK,72874.84,1498.41,web,risk,2025-07-26,false,0.4293,0,повторное обращение
1934,35,KZN,116032.11,4464.0,web,sales,2025-10-27,true,0.4214,1,документы на проверке
1935,32,MSK,58372.09,3417.63,web,support,2025-11-11,false,0.4265,0,документы на проверке
1936,47,MSK,63418.84,1173.32,mobile,support,2024-06-21,false,0.3741,0,перевод в другой отдел
1937,56,NSK,55455.8,4986.37,mobile,sales,2025-01-05,true,0.5269,0,перевод в другой отдел
1938,27,NSK,21546.71,5420.76,web,support,2024-06-06,false,0.5315,0,заявка принята
1939,60,MSK,128705.93,706.09,web,risk,2024-03-11,false,0.7094,1,
1940,43,NSK,59410.51,17979.52,web,support,2024-08-17,false,0.689,0,документы на проверке
1941,47,MSK,72965.36,8850.62,partner,ops,2024-11-05,true,0.3315,1,повторное обращение
1942,49,EKB,71772.58,3176.87,offline,support,2025-03-28,true,0.6674,0,клиент не отвечает
1943,50,SPB,71711.9,4350.91,web,support,2025-09-25,false,0.3383,0,перевод в другой отдел
1944,59,MSK,44361.29,940.17,offline,risk,2024-01-29,true,0.5835,1,перевод в другой отдел
1945,48,SPB,83994.44,6681.86,web,ops,2024-08-19,false,0.3842,0,
1946,41,KZN,132545.39,7628.59,partner,ops,2024-07-11,false,0.6843,0,повторное обращение
1947,49,SPB,,5319.02,web,ops,2025-09-11,true,0.5773,1,повторное обращение
1948,40,MSK,82930.76,4140.61,mobile,risk,2025-07-26,true,0.7062,0,повторное обращение
1949,39,MSK,44392.36,4370.2,mobile,support,2024-09-06,true,0.6326,0,документы на проверке
1950,31,KZN,67266.17,7843.73,web,risk,2024-12-30,true,0.5145,1,повторное обращение
1951,33,NSK,18484.08,7327.46,mobile,ops,2025-07-14,true,0.4492,0,клиент не отвечает
1952,54,MSK,61591.14,7003.63,web,ops,2025-06-15,false,0.2705,1,перевод в другой отдел
1953,18,ROV,49984.77,2235.05,mobile,risk,2025-08-11,false,0.4781,0,заявка принята
1954,46,SPB,47567.19,3705.71,partner,risk,2025-01-23,true,0.6275,0,клиент не отвечает
1955,32,SPB,28231.13,720.09,web,sales,2024-12-15,false,0.4881,1,клиент не отвечает
1956,63,MSK,114656.44,2062.14,partner,sales,2024-10-24,false,0.4393,0,
1957,34,SPB,121306.18,5632.71,partner,support,2025-05-23,true,0.3755,0,документы на проверке
1958,26,ROV,95699.88,16811.16,web,support,2025-06-27,false,0.6778,1,
1959,38,NSK,67158.88,7285.14,mobile,sales,2025-02-20,false,0.4508,0,заявка принята
1960,33,SPB,39797.06,2785.64,web,ops,2024-02-04,false,0.4915,1,повторное обращение
1961,48,SPB,36805.14,3206.5,mobile,risk,2024-10-18,false,0.1266,1,клиент не отвечает
1962,29,KZN,90381.71,7662.53,web,risk,2025-05-27,true,0.441,0,заявка принята
1963,18,KZN,73188.91,2359.59,web,risk,2025-08-22,false,0.7216,1,
1964,47,MSK,40075.88,9988.54,web,sales,2024-02-24,true,0.6343,0,клиент не отвечает
1965,18,MSK,34923.04,1017.91,partner,support,2024-10-04,false,0.3597,0,документы на проверке
1966,34,KZN,97343.04,9030.11,web,risk,2025-07-08,true,0.7833,0,клиент не отвечает
1967,45,SPB,51034.48,3737.19,web,risk,2025-04-28,true,0.7045,1,перевод в другой отдел
1968,31,EKB,81969.96,5114.99,web,sales,2025-08-13,false,0.4995,1,заявка принята
1969,62,MSK,23895.68,3320.41,web,support,2025-05-16,false,0.7025,1,
1970,43,EKB,34633.84,16030.85,mobile,sales,2025-04-25,true,0.7035,0,
1971,43,SPB,21748.52,4831.99,mobile,support,2025-05-09,true,0.617,1,документы на проверке
1972,27,EKB,30707.49,12661.07,web,support,2025-04-15,false,0.6093,1,клиент не отвечает
1973,38,MSK,178189.03,3549.16,partner,sales,2024-02-17,false,0.2428,1,документы на проверке
1974,40,SPB,44741.27,5071.71,offline,ops,2025-08-07,true,0.2926,0,перевод в другой отдел
1975,21,EKB,59264.97,3870.66,web,support,2024-12-21,false,0.503,1,перевод в другой отдел
1976,33,SPB,33038.02,3413.2,offline,support,2025-04-02,false,0.3838,0,клиент не отвечает
1977,26,KZN,40366.95,2457.78,web,support,2024-07-02,true,0.5344,1,заявка принята
1978,42,SPB,46488.43,7398.96,web,sales,2024-08-20,false,0.8501,1,документы на проверке
1979,28,MSK,58637.17,2727.89,mobile,ops,2024-03-04,false,0.7269,0,повторное обращение
1980,18,SPB,35701.4,1497.74,partner,risk,2024-06-12,true,0.7514,1,клиент не отвечает
1981,51,KZN,71939.97,6868.79,mobile,sales,2024-08-22,true,0.7535,0,заявка принята
1982,22,MSK,42685.77,13795.97,web,support,2025-01-10,true,0.446,1,повторное обращение
1983,29,NSK,46475.28,1408.44,offline,risk,2025-05-03,false,0.6702,0,документы на проверке
1984,70,NSK,94728.6,885.55,mobile,support,2025-01-11,true,0.5614,0,клиент не отвечает
1985,32,MSK,98071.06,3664.33,web,ops,2025-09-23,true,0.4376,1,документы на проверке
1986,46,KZN,75294.68,24458.18,mobile,support,2024-03-23,true,0.5038,0,повторное обращение
1987,46,SPB,190629.58,11061.35,web,support,2024-01-12,false,0.718,1,
1988,30,EKB,70365.91,2760.69,mobile,sales,2025-08-04,false,0.3621,1,повторное обращение
1989,47,EKB,77449.47,3201.94,web,ops,2024-06-21,false,0.6958,1,перевод в другой отдел
1990,26,ROV,27440.89,3326.21,web,risk,2025-09-02,true,0.4367,1,документы на проверке
1991,28,EKB,50818.18,3656.5,web,sales,2024-08-10,true,0.4491,1,
1992,39,MSK,57828.61,6016.64,mobile,support,2025-02-03,false,0.4844,1,повторное обращение
1993,33,MSK,41257.25,2965.57,web,sales,2025-11-14,true,0.179,1,документы на проверке
1994,49,SPB,28742.28,3748.41,mobile,ops,2025-11-11,false,0.6818,0,документы на проверке
1995,19,MSK,196264.31,5236.92,offline,support,2024-04-09,false,0.8332,1,
1996,31,ROV,28584.77,20315.21,partner,ops,2025-08-11,false,0.3668,1,клиент не отвечает
1997,42,ROV,159619.98,10993.65,mobile,sales,2025-02-02,true,0.2449,1,документы на проверке
1998,43,KZN,53039.03,15668.94,web,support,2024-10-07,false,0.72,1,перевод в другой отдел
1999,59,SPB,60160.42,6371.76,partner,support,2025-06-07,false,0.5997,0,перевод в другой отдел
2000,25,NSK,20816.68,2722.21,offline,ops,2024-06-30,true,0.6631,1,заявка принята
2001,33,KZN,27396.05,1750.81,web,risk,2025-09-28,false,0.3456,1,заявка принята
2002,51,MSK,45028.6,1462.38,web,sales,2025-03-12,true,0.375,0,заявка принята
2003,39,EKB,94448.63,2994.36,mobile,ops,2025-10-15,true,0.4599,0,заявка принята
2004,40,SPB,40539.51,10006.18,partner,ops,2024-04-12,false,0.3614,0,перевод в другой отдел
2005,37,MSK,96041.21,1320.13,mobile,risk,2025-01-29,true,0.203,0,документы на проверке
2006,33,NSK,40408.44,1085.18,web,risk,2025-08-12,true,0.7339,0,документы на проверке
2007,27,SPB,59129.28,5110.44,partner,support,2024-06-15,false,0.6117,0,заявка принята
2008,18,MSK,28962.1,2787.79,web,support,2025-08-13,true,0.5339,1,заявка принята
2009,18,EKB,102444.72,4179.29,mobile,risk,2024-06-07,false,0.3455,1,документы на проверке
2010,50,MSK,46785.66,3671.41,web,risk,2025-11-20,true,0.5179,1,заявка принята
2011,34,NSK,167548.43,969.68,web,support,2024-07-19,false,0.4911,0,перевод в другой отдел
2012,20,EKB,82225.34,3030.46,mobile,sales,2025-08-19,true,0.3605,0,документы на проверке
2013,39,MSK,179000.4,7286.25,mobile,ops,2025-07-08,false,0.1541,0,заявка принята
2014,37,NSK,54415.71,1506.36,partner,risk,2025-02-27,false,0.8349,0,перевод в другой отдел
2015,31,NSK,238489.76,2437.83,mobile,ops,2024-05-25,false,0.6714,1,заявка принята
2016,31,NSK,54915.16,751.62,partner,risk,2025-02-19,true,0.7605,1,документы на проверке
2017,40,MSK,132471.81,4869.0,mobile,sales,2024-10-27,false,0.3987,1,документы на проверке
2018,26,MSK,71944.47,2273.58,partner,ops,2024-01-09,false,0.8645,1,документы на проверке
2019,28,ROV,74597.08,8681.8,web,sales,2025-02-09,true,0.4902,0,клиент не отвечает
2020,37,MSK,59711.06,3178.87,web,support,2024-06-04,false,0.1759,1,заявка принята
2021,48,KZN,45755.6,1265.91,mobile,risk,2024-01-09,true,0.5107,0,перевод в другой отдел
2022,39,EKB,49610.19,5644.55,web,support,2024-06-02,true,0.5832,0,заявка принята
2023,18,ROV,46001.65,5479.36,web,sales,2025-06-08,true,0.2822,1,
2024,45,KZN,67602.52,1472.34,offline,sales,2025-03-13,true,0.3418,0,повторное обращение
2025,49,ROV,122096.04,4486.8,partner,sales,2024-06-03,true,0.6253,1,клиент не отвечает
2026,30,EKB,55772.14,2797.78,partner,ops,2024-12-21,false,0.6769,1,повторное обращение
2027,39,NSK,20414.61,4349.95,mobile,risk,2024-10-29,true,0.3587,1,
2028,33,MSK,63013.41,1938.88,mobile,risk,2024-08-23,true,0.6541,1,документы на проверке
2029,44,ROV,57665.18,3737.05,web,support,2024-11-02,false,0.4851,1,заявка принята
2030,36,NSK,67518.19,7156.59,partner,sales,2025-05-07,true,0.4166,0,перевод в другой отдел
2031,40,MSK,30360.45,2898.54,web,support,2024-11-09,false,0.3738,1,перевод в другой отдел
2032,36,MSK,16439.47,3490.91,partner,sales,2024-01-26,true,0.6308,0,
2033,34,NSK,93726.09,2861.61,mobile,ops,2025-06-27,true,0.6522,0,клиент не отвечает
2034,34,EKB,64450.33,5364.93,web,ops,2025-06-11,false,0.5056,0,документы на проверке
2035,57,MSK,41352.75,5379.56,web,sales,2024-01-15,true,0.1812,1,
2036,45,ROV,93188.43,3411.55,web,ops,2025-05-23,false,0.6149,1,заявка принята
2037,40,KZN,78293.77,13110.89,partner,support,2024-07-04,true,0.6846,0,заявка принята
2038,18,KZN,117814.84,3921.33,web,ops,2025-03-12,true,0.3088,0,документы на проверке
2039,44,ROV,44805.74,13098.72,mobile,sales,2025-02-14,false,0.8476,1,заявка принята
2040,49,ROV,28663.94,4943.5,mobile,sales,2025-06-17,false,0.3636,0,перевод в другой отдел
2041,63,MSK,52855.02,4847.93,mobile,sales,2025-07-26,true,0.7816,1,клиент не отвечает
2042,37,MSK,95047.28,8722.93,mobile,risk,2024-03-16,false,0.9501,0,документы на проверке
2043,38,MSK,25680.43,2847.43,mobile,ops,2025-04-17,false,0.1042,1,клиент не отвечает
2044,22,SPB,43515.95,1742.9,mobile,sales,2024-07-02,false,0.5274,1,повторное обращение
2045,43,MSK,84015.88,2097.28,mobile,sales,2024-11-11,true,0.7401,1,перевод в другой отдел
2046,33,SPB,91142.08,2021.07,partner,sales,2024-01-03,false,0.803,0,заявка принята
2047,41,KZN,153801.5,4947.09,mobile,ops,2025-06-27,true,0.3414,0,клиент не отвечает
2048,18,SPB,53193.3,8627.28,mobile,ops,2024-08-17,true,0.6307,1,перевод в другой отдел
2049,26,NSK,72733.81,11093.75,mobile,risk,2025-11-29,true,0.5,1,повторное обращение
2050,39,MSK,38654.07,6026.59,partner,support,2024-01-05,false,0.3028,1,документы на проверке
2051,30,EKB,78913.75,4913.92,mobile,ops,2024-12-21,false,0.6909,0,документы на проверке
2052,35,EKB,91106.41,3679.33,mobile,ops,2025-11-04,false,0.6298,1,документы на проверке
2053,18,MSK,49798.04,3593.73,web,risk,2024-03-21,true,0.736,1,перевод в другой отдел
2054,53,KZN,74145.07,1589.09,mobile,ops,2024-06-22,true,0.1979,1,документы на проверке
2055,35,EKB,48752.76,5736.05,partner,sales,2025-03-27,false,0.2419,0,перевод в другой отдел
2056,18,EKB,24330.63,3312.63,web,support,2025-09-13,false,0.3672,0,документы на проверке
2057,18,NSK,24988.35,4171.01,web,sales,2024-03-30,false,0.8471,1,повторное обращение
2058,54,MSK,103725.76,5290.09,web,ops,2024-07-29,false,0.9964,1,клиент не отвечает
2059,21,MSK,17965.22,5556.12,mobile,risk,2024-02-24,false,0.5631,0,заявка принята
2060,42,MSK,46971.81,12062.54,web,ops,2025-06-14,true,0.5355,0,заявка принята
2061,29,MSK,98135.66,7601.08,offline,support,2024-01-24,false,0.5723,1,
2062,38,MSK,50244.76,1747.86,mobile,sales,2024-03-28,true,0.2525,1,повторное обращение
2063,30,EKB,123436.23,1625.13,mobile,risk,2025-09-04,false,0.432,1,
2064,53,MSK,58487.7,3977.57,web,sales,2025-08-15,true,0.6864,1,
2065,41,NSK,29613.33,4115.17,mobile,risk,2025-06-27,true,0.3367,1,заявка принята
2066,39,EKB,38948.55,9029.78,mobile,sales,2024-09-25,false,0.7253,1,повторное обращение
2067,21,MSK,77383.51,1572.25,mobile,ops,2024-09-08,true,0.4881,1,клиент не отвечает
2068,23,EKB,45683.74,5425.99,web,risk,2024-01-25,true,0.5203,0,
2069,54,SPB,,6939.36,mobile,ops,2024-05-07,true,0.563,0,повторное обращение
2070,46,KZN,74825.47,3608.59,partner,support,2025-01-01,false,0.2845,0,перевод в другой отдел
2071,37,MSK,68778.26,1582.01,mobile,sales,2025-11-30,true,0.5244,0,заявка принята
2072,55,NSK,15363.21,10511.29,offline,risk,2024-08-10,false,0.753,1,клиент не отвечает
2073,38,SPB,37915.85,531.68,web,risk,2025-07-02,true,0.3027,0,
2074,43,MSK,124338.47,841.44,partner,risk,2025-03-04,true,0.7103,1,перевод в другой отдел
2075,51,MSK,34225.53,27902.51,mobile,risk,2024-09-25,false,0.3749,1,клиент не отвечает
2076,55,MSK,40286.88,5075.34,mobile,risk,2025-06-06,false,0.705,0,перевод в другой отдел
2077,29,MSK,43310.0,5461.56,partner,risk,2025-01-12,true,0.5921,0,заявка принята
2078,19,EKB,83966.42,8693.34,web,ops,2024-10-05,true,0.4961,1,перевод в другой отдел
2079,34,MSK,39188.08,8363.76,web,ops,2025-09-22,false,0.7861,1,заявка принята
2080,32,KZN,19878.35,6382.73,mobile,ops,2024-04-18,true,0.1546,1,повторное обращение
2081,33,SPB,36690.52,5324.34,mobile,sales,2025-04-06,false,0.3623,0,документы на проверке
2082,37,SPB,58420.71,3730.88,offline,sales,2025-01-11,true,0.4733,1,перевод в другой отдел
2083,58,NSK,49770.78,2842.02,partner,risk,2025-03-21,true,0.7466,1,клиент не отвечает
2084,67,EKB,37200.6,8264.93,web,sales,2024-01-08,true,0.4877,1,заявка принята
2085,18,MSK,57762.27,2857.02,mobile,risk,2024-04-05,false,0.5048,0,документы на проверке
2086,39,SPB,47236.89,5745.84,web,risk,2024-03-31,false,0.6881,0,документы на проверке
2087,39,MSK,42855.91,11045.19,mobile,support,2025-08-07,false,0.5787,0,документы на проверке
2088,63,EKB,66318.03,7021.97,web,sales,2025-06-24,false,0.6143,0,документы на проверке
2089,54,EKB,93857.66,1776.38,mobile,support,2024-07-09,false,0.6867,1,клиент не отвечает
2090,35,EKB,55729.21,21083.67,web,ops,2025-02-20,false,0.6503,1,документы на проверке
2091,53,SPB,38792.46,2115.38,offline,ops,2024-11-09,false,0.6625,0,клиент не отвечает
2092,41,KZN,51231.81,1290.9,web,ops,2025-10-31,false,0.3945,1,заявка принята
2093,53,KZN,65492.25,10801.76,offline,ops,2025-11-14,true,0.4193,1,заявка принята
2094,30,KZN,83229.64,12206.48,mobile,support,2025-01-27,true,0.3202,1,повторное обращение
2095,45,MSK,64095.73,1297.19,offline,ops,2025-06-17,false,0.4364,1,документы на проверке
2096,38,KZN,36561.9,23124.24,partner,ops,2025-10-29,false,0.9229,1,клиент не отвечает
2097,22,MSK,23657.24,1927.24,mobile,ops,2024-09-24,false,0.5065,1,повторное обращение
2098,64,MSK,54045.38,3977.63,web,risk,2024-06-30,false,0.4304,1,повторное обращение
2099,53,SPB,236337.34,2290.82,offline,sales,2025-08-08,false,0.6534,0,
2100,40,SPB,38537.42,14036.88,web,sales,2025-10-02,true,0.497,0,повторное обращение
2101,47,SPB,107032.53,4299.85,web,sales,2024-05-11,true,0.2645,1,заявка принята
2102,18,EKB,59398.98,1330.67,offline,risk,2025-04-15,false,0.7433,1,документы на проверке
2103,44,NSK,,10986.7,mobile,support,2025-09-23,true,0.35,1,заявка принята
2104,40,ROV,40868.27,17213.97,web,ops,2024-05-06,false,0.3911,1,заявка принята
2105,57,KZN,28412.7,4056.82,web,support,2024-04-22,false,0.5304,1,повторное обращение
2106,44,MSK,38311.49,7343.85,web,ops,2024-12-25,true,0.4881,1,повторное обращение
2107,40,ROV,52022.36,7196.22,web,risk,2024-12-12,false,0.6896,1,повторное обращение
2108,52,SPB,76718.01,6288.76,mobile,sales,2025-03-23,true,0.3437,1,клиент не отвечает
2109,28,ROV,68079.42,3626.31,web,support,2024-09-03,true,0.4348,0,документы на проверке
2110,44,ROV,,8855.36,partner,risk,2024-03-24,false,0.2228,1,перевод в другой отдел
2111,33,SPB,61379.1,2645.56,partner,risk,2025-06-25,false,0.5203,1,
2112,40,EKB,144218.73,4736.07,mobile,risk,2024-02-21,true,0.5357,0,перевод в другой отдел
2113,29,MSK,42860.97,1866.52,mobile,risk,2024-07-17,true,0.6182,1,заявка принята
2114,24,MSK,68819.12,3292.37,web,risk,2024-03-03,true,0.4048,1,перевод в другой отдел
2115,31,MSK,86675.4,24833.12,partner,sales,2025-10-19,false,0.1591,1,клиент не отвечает
2116,25,NSK,52171.26,10021.33,offline,support,2024-03-11,false,0.4739,0,
2117,23,MSK,79591.73,6137.62,mobile,support,2024-10-21,true,0.7649,1,документы на проверке
2118,20,EKB,38022.03,52612.2,mobile,risk,2024-12-08,false,0.3115,0,клиент не отвечает
2119,51,ROV,45888.67,1429.49,web,ops,2025-03-11,true,0.5384,1,клиент не отвечает
2120,51,MSK,71892.85,1769.15,offline,sales,2024-01-28,true,0.6798,0,клиент не отвечает
2121,46,MSK,83451.55,1458.2,mobile,sales,2024-05-19,false,0.3065,0,
2122,39,ROV,80888.36,4045.96,web,ops,2024-03-27,false,0.5446,0,повторное обращение
2123,33,KZN,65810.08,9985.34,web,ops,2025-03-20,false,0.3075,1,клиент не отвечает
2124,41,NSK,135142.8,2110.79,mobile,sales,2025-01-12,false,0.6604,0,перевод в другой отдел
2125,35,NSK,32795.47,2951.22,web,ops,2024-07-12,true,0.1979,1,документы на проверке
2126,42,EKB,59759.99,2508.75,mobile,risk,2025-09-10,false,0.5745,1,заявка принята
2127,40,MSK,25618.38,11350.93,partner,sales,2025-01-25,true,0.6003,0,документы на проверке
2128,48,NSK,42288.26,2902.74,web,ops,2024-02-10,false,0.6098,0,документы на проверке
2129,52,EKB,42504.78,2977.41,mobile,support,2024-05-19,false,0.7482,0,документы на проверке
2130,46,SPB,65129.22,14536.36,mobile,risk,2024-05-05,true,0.4725,1,повторное обращение
2131,43,SPB,32117.53,8598.75,mobile,ops,2025-10-21,false,0.6067,1,перевод в другой отдел
2132,56,SPB,49777.2,2131.32,web,risk,2024-07-30,true,0.4504,1,заявка принята
2133,32,MSK,112938.52,1905.22,mobile,sales,2025-01-24,false,0.3144,0,клиент не отвечает
2134,18,MSK,32412.14,3622.07,mobile,ops,2025-06-17,false,0.072,0,заявка принята
2135,21,MSK,70889.68,1725.2,web,ops,2025-09-29,false,0.6889,1,документы на проверке
2136,53,MSK,100635.18,17064.88,partner,sales,2024-06-08,true,0.8383,0,перевод в другой отдел
2137,18,MSK,60268.11,1974.93,web,ops,2024-07-12,false,0.6522,0,клиент не отвечает
2138,42,ROV,41879.89,8820.49,offline,risk,2025-03-02,true,0.536,1,повторное обращение
2139,59,SPB,43205.85,1155.26,partner,risk,2025-05-16,true,0.4288,0,клиент не отвечает
2140,38,MSK,70373.52,13471.97,web,sales,2025-03-03,true,0.6605,0,документы на проверке
2141,18,MSK,77916.05,2721.24,web,risk,2024-06-30,true,0.4266,0,повторное обращение
2142,36,SPB,68350.51,3298.72,web,sales,2024-10-03,true,0.5927,1,
2143,41,EKB,,15686.51,mobile,sales,2025-03-17,false,0.6797,1,документы на проверке
2144,50,MSK,58252.44,1805.98,web,risk,2024-06-23,true,0.6837,0,
2145,31,MSK,72113.98,2974.13,offline,sales,2025-06-09,false,0.2701,0,документы на проверке
2146,24,MSK,40604.19,6149.08,web,risk,2024-06-04,false,0.3943,0,
2147,32,SPB,51689.05,3292.95,offline,support,2024-07-10,true,0.7438,1,повторное обращение
2148,31,EKB,47971.06,5531.0,mobile,risk,2024-06-02,true,0.3407,0,заявка принята
2149,41,SPB,33826.16,8914.29,mobile,support,2024-01-13,true,0.5472,1,
2150,57,SPB,58580.43,890.91,web,sales,2024-11-16,false,0.2263,0,повторное обращение
2151,38,KZN,58518.24,11881.31,mobile,support,2025-10-17,false,0.6988,1,
2152,27,MSK,59096.03,2384.27,partner,sales,2024-09-03,true,0.6341,0,перевод в другой отдел
2153,39,EKB,110802.05,2236.1,partner,ops,2024-10-23,false,0.4823,1,
2154,51,NSK,48834.5,14961.67,mobile,risk,2024-08-12,true,0.0095,0,документы на проверке
2155,51,NSK,97435.72,3791.29,web,sales,2024-02-10,true,0.8708,1,перевод в другой отдел
2156,48,NSK,69898.34,586.72,web,ops,2025-11-21,true,0.397,0,перевод в другой отдел
2157,38,EKB,58823.42,11975.27,mobile,risk,2025-11-05,false,0.7921,1,повторное обращение
2158,40,SPB,43621.94,2698.85,web,risk,2025-01-02,true,0.3154,1,повторное обращение
2159,50,SPB,86338.64,1720.37,web,sales,2024-10-28,false,0.3704,1,повторное обращение
2160,31,ROV,53596.29,2207.52,partner,ops,2025-02-15,true,0.3681,0,перевод в другой отдел
2161,37,SPB,46150.55,11841.41,partner,ops,2024-07-22,true,0.3736,0,повторное обращение
2162,27,MSK,63561.16,15342.66,mobile,risk,2025-11-21,false,0.3422,1,повторное обращение
2163,43,ROV,41167.98,8830.74,partner,sales,2025-09-12,true,0.4842,1,повторное обращение
2164,43,MSK,30523.37,23762.63,web,risk,2024-01-28,true,0.505,0,документы на проверке
2165,40,SPB,53061.24,2040.25,web,sales,2024-02-16,false,0.3824,1,клиент не отвечает
2166,53,SPB,81665.66,7300.42,mobile,ops,2024-08-02,true,0.608,0,перевод в другой отдел
2167,41,SPB,41589.35,1768.39,web,sales,2024-01-22,false,0.6537,0,заявка принята
2168,53,MSK,48488.7,9748.13,partner,support,2025-04-28,true,0.6116,0,
2169,30,NSK,54754.85,4134.83,offline,sales,2025-07-21,false,0.2638,1,клиент не отвечает
2170,20,ROV,37573.41,5688.45,offline,support,2025-06-29,true,0.6457,0,документы на проверке
2171,21,MSK,58634.24,2804.53,mobile,risk,2025-05-28,true,0.5791,1,
2172,36,EKB,83020.81,5329.07,mobile,risk,2024-09-10,true,0.312,0,перевод в другой отдел
2173,53,SPB,41414.99,2051.67,web,risk,2025-09-07,true,0.2819,1,документы на проверке
2174,40,NSK,97961.07,2862.78,offline,ops,2024-05-23,false,0.5775,0,
2175,48,SPB,25332.64,2289.35,mobile,risk,2024-08-12,false,0.5863,1,перевод в другой отдел
2176,59,SPB,61949.44,3554.72,partner,support,2024-04-18,true,0.3749,0,
2177,58,EKB,,1183.61,offline,risk,2024-03-10,true,0.5854,1,перевод в другой отдел
2178,23,SPB,45082.63,4241.08,offline,risk,2024-06-01,true,0.6679,1,перевод в другой отдел
2179,28,SPB,65657.85,16682.23,web,ops,2024-08-24,false,0.9247,0,клиент не отвечает
2180,41,NSK,89976.82,11642.24,partner,ops,2025-09-07,true,0.2372,1,повторное обращение
2181,35,KZN,52991.0,5096.78,web,support,2025-04-23,true,0.4627,1,заявка принята
2182,54,MSK,82686.93,2688.35,mobile,ops,2024-04-09,true,0.3929,1,повторное обращение
2183,22,KZN,113701.83,3217.44,offline,ops,2024-01-30,false,0.5647,1,повторное обращение
2184,30,KZN,45592.05,3457.09,partner,sales,2025-08-29,true,0.6173,0,
2185,45,SPB,48942.94,8254.92,mobile,risk,2024-06-16,false,0.6437,1,клиент не отвечает
2186,21,EKB,42185.91,806.52,mobile,risk,2024-05-25,true,0.1516,1,документы на проверке
2187,34,SPB,62057.44,5150.26,web,risk,2025-06-30,false,0.843,0,заявка принята
2188,41,MSK,94644.41,4675.4,mobile,risk,2025-06-04,false,0.6171,0,заявка принята
2189,50,MSK,69968.93,47066.49,web,ops,2025-01-04,false,0.4156,0,повторное обращение
2190,31,EKB,58624.39,16223.54,web,risk,2024-02-04,false,0.6236,0,заявка принята
2191,39,NSK,108693.39,4782.67,partner,ops,2025-01-08,false,0.5172,1,клиент не отвечает
2192,20,KZN,74008.1,5075.13,mobile,sales,2024-01-25,false,0.3347,1,перевод в другой отдел
2193,42,MSK,32286.63,1166.25,mobile,risk,2024-02-01,true,0.3534,1,клиент не отвечает
2194,48,ROV,77036.28,1898.79,web,sales,2024-05-14,true,0.4596,0,
2195,30,NSK,75731.4,10080.23,mobile,support,2025-07-24,true,0.2596,1,
2196,49,KZN,135719.75,7094.09,web,risk,2025-09-30,false,0.4233,1,
2197,32,SPB,30681.59,5735.55,partner,sales,2024-05-15,false,0.506,0,заявка принята
2198,46,MSK,117925.3,1767.18,web,risk,2025-11-13,true,0.7168,0,перевод в другой отдел
2199,36,EKB,37644.54,5157.11,offline,sales,2024-01-07,true,0.3328,1,документы на проверке
2200,36,SPB,75533.66,1716.4,mobile,support,2025-03-06,false,0.4051,1,повторное обращение
2201,40,EKB,198863.42,6414.98,mobile,ops,2025-09-14,true,0.629,0,заявка принята
2202,43,MSK,40666.96,18928.38,web,ops,2024-12-17,false,0.3625,1,заявка принята
2203,30,MSK,64356.78,4909.78,mobile,risk,2025-05-02,true,0.6394,0,клиент не отвечает
2204,18,MSK,94886.71,1947.33,mobile,risk,2024-06-12,false,0.6161,0,
2205,47,NSK,62227.43,5880.8,mobile,support,2025-07-28,false,0.4191,0,заявка принята
2206,57,MSK,80871.09,1498.66,web,risk,2024-02-08,true,0.1978,1,заявка принята
2207,46,ROV,61437.94,3042.95,web,ops,2024-07-21,true,0.2069,0,документы на проверке
2208,33,SPB,,47144.63,web,ops,2024-01-13,false,0.5001,1,заявка принята
2209,64,MSK,64754.63,2230.96,mobile,ops,2024-12-14,false,0.3728,1,заявка принята
2210,24,MSK,21612.28,1871.75,web,ops,2025-09-28,false,0.3867,1,повторное обращение
2211,24,ROV,98271.78,5832.24,web,support,2025-11-09,true,0.5816,1,
2212,46,SPB,92703.68,2446.33,mobile,support,2024-04-19,false,0.4706,1,клиент не отвечает
2213,37,NSK,97122.5,6189.16,web,risk,2025-04-02,true,0.557,1,заявка принята
2214,54,ROV,35464.01,15430.36,mobile,support,2025-07-04,false,0.5972,1,повторное обращение
2215,34,ROV,55246.26,8099.82,offline,support,2024-09-09,false,0.5266,1,документы на проверке
2216,50,MSK,67859.41,1330.55,partner,ops,2025-02-07,true,0.5278,1,клиент не отвечает
2217,58,MSK,78328.26,804.17,partner,support,2024-06-07,true,0.2814,0,заявка принята
2218,27,NSK,43750.16,3597.34,partner,risk,2024-12-14,false,0.4566,0,заявка принята
2219,52,EKB,,7650.98,web,sales,2024-02-01,false,0.5197,0,заявка принята
2220,52,KZN,69647.32,4618.21,partner,risk,2025-03-27,true,0.0678,1,
2221,34,MSK,46609.8,1894.2,partner,sales,2024-11-12,false,0.5106,1,повторное обращение
2222,28,EKB,96967.09,4524.34,offline,ops,2024-03-22,false,0.6354,0,
2223,27,MSK,56307.34,6938.62,mobile,risk,2025-05-15,true,0.5198,0,
2224,43,EKB,57293.99,11078.59,web,support,2025-10-10,true,0.5436,0,
2225,42,KZN,28539.61,1322.73,mobile,sales,2024-05-21,true,0.8663,0,перевод в другой отдел
2226,32,MSK,24344.99,4286.83,mobile,risk,2025-04-20,false,0.0808,0,клиент не отвечает
2227,48,NSK,110094.08,2114.94,mobile,risk,2025-03-26,false,0.517,1,
2228,56,SPB,57550.29,3707.78,web,ops,2025-07-29,true,0.4102,0,документы на проверке
2229,24,KZN,55152.27,3287.8,web,ops,2024-03-04,false,0.1463,1,документы на проверке
2230,48,SPB,37773.88,3649.44,web,support,2025-11-26,false,0.682,1,
2231,37,KZN,48013.53,602.83,partner,sales,2024-04-24,false,0.5734,0,
2232,49,SPB,61641.58,2190.47,web,support,2024-04-16,false,0.5326,1,повторное обращение
2233,26,MSK,30641.38,5526.77,web,ops,2025-11-03,false,0.6145,0,клиент не отвечает
2234,63,SPB,70904.88,22586.84,web,risk,2025-11-11,false,0.3994,1,
2235,31,ROV,75817.25,6439.44,mobile,ops,2025-10-11,true,0.489,1,документы на проверке
2236,45,EKB,31097.98,3588.02,mobile,ops,2025-03-20,true,0.8153,0,заявка принята
2237,38,NSK,65985.33,12526.49,mobile,support,2024-07-11,false,0.4953,0,повторное обращение
2238,43,EKB,78789.26,27454.93,partner,ops,2024-11-08,false,0.5659,0,клиент не отвечает
2239,35,MSK,48317.07,2806.84,web,risk,2025-06-18,true,0.4147,0,
2240,42,MSK,28073.71,758.99,web,risk,2025-11-19,true,0.5793,0,заявка принята
2241,44,MSK,46302.5,2103.6,mobile,support,2024-07-07,false,0.6238,0,заявка принята
2242,44,SPB,26595.09,5891.21,partner,risk,2024-05-12,false,0.6198,0,клиент не отвечает
2243,32,SPB,56711.41,2007.19,web,support,2024-11-24,true,0.4176,1,перевод в другой отдел
2244,32,ROV,45381.35,19210.97,mobile,support,2024-07-02,true,0.5262,1,повторное обращение
2245,48,ROV,43604.19,8339.76,partner,risk,2024-10-21,false,0.4705,0,повторное обращение
2246,43,NSK,74829.46,1423.4,offline,sales,2024-05-31,false,0.8751,0,документы на проверке
2247,38,SPB,79453.21,7846.8,partner,support,2024-02-04,false,0.7878,0,
2248,36,MSK,,2949.87,web,ops,2024-08-08,false,0.3529,1,перевод в другой отдел
2249,39,EKB,55428.03,933.26,mobile,sales,2025-04-19,true,0.6131,0,клиент не отвечает
2250,26,SPB,101893.59,4334.7,partner,support,2025-07-07,true,0.6368,0,заявка принята
2251,53,KZN,36197.28,387.27,mobile,ops,2024-10-17,false,0.5315,1,заявка принята
2252,22,SPB,33863.89,14037.27,partner,support,2024-10-20,false,0.5394,0,
2253,42,SPB,21212.19,1903.16,web,ops,2024-12-06,false,0.2147,0,клиент не отвечает
2254,47,EKB,60725.19,2866.5,mobile,risk,2025-08-16,false,0.9734,1,заявка принята
2255,64,ROV,44445.74,6604.44,web,ops,2025-06-12,true,0.6173,1,заявка принята
2256,45,ROV,37203.79,382.8,mobile,risk,2025-04-09,true,0.5158,0,клиент не отвечает
2257,35,MSK,55449.04,7124.35,mobile,support,2024-01-17,true,0.5431,0,перевод в другой отдел
2258,33,KZN,66780.07,5408.84,mobile,risk,2024-05-16,true,0.432,1,клиент не отвечает
2259,44,EKB,65190.53,2530.18,offline,ops,2024-02-21,false,0.2556,0,документы на проверке
2260,43,SPB,80464.19,17512.26,mobile,risk,2025-06-14,true,0.6371,0,
2261,36,MSK,66312.89,5535.81,web,ops,2025-01-21,true,0.1194,0,повторное обращение
2262,45,SPB,40634.77,13548.75,mobile,support,2024-02-26,false,0.2176,1,клиент не отвечает
2263,47,EKB,54225.34,6413.9,web,sales,2025-06-09,false,0.7911,1,
2264,37,ROV,67499.23,13221.46,offline,risk,2025-06-16,false,0.2325,0,клиент не отвечает
2265,40,MSK,67146.83,6315.17,web,sales,2025-07-11,false,0.3864,0,документы на проверке
2266,37,SPB,121693.69,3371.44,partner,support,2024-04-03,true,0.3681,0,повторное обращение
2267,40,SPB,78959.18,5284.07,web,support,2024-07-18,false,0.4919,0,
2268,38,MSK,66016.12,2042.14,web,ops,2024-07-10,true,0.3844,1,повторное обращение
2269,26,KZN,58822.62,9503.51,partner,sales,2025-01-20,true,0.3395,1,повторное обращение
2270,59,NSK,117832.54,3683.48,mobile,risk,2024-11-07,true,0.3789,1,заявка принята
2271,21,KZN,57107.17,9949.16,mobile,sales,2024-10-16,true,0.5648,0,повторное обращение
2272,41,SPB,89734.81,3138.08,mobile,support,2025-11-30,false,0.417,0,повторное обращение
2273,35,SPB,45878.3,4152.19,offline,risk,2025-06-25,true,0.3379,0,повторное обращение
2274,48,MSK,31417.32,15639.52,web,ops,2025-09-04,false,0.3766,0,заявка принята
2275,30,KZN,55504.25,5567.48,mobile,ops,2024-08-01,true,0.6956,1,перевод в другой отдел
2276,39,KZN,65195.19,1776.9,web,ops,2024-11-23,false,0.5006,1,документы на проверке
2277,31,SPB,60258.63,5212.37,mobile,sales,2024-01-25,false,0.7152,0,перевод в другой отдел
2278,25,SPB,34842.12,2554.12,mobile,ops,2024-05-20,true,0.2237,0,заявка принята
2279,46,MSK,,12464.7,web,sales,2025-01-07,false,0.324,0,заявка принята
2280,34,EKB,58477.43,3228.78,mobile,ops,2025-06-06,true,0.5481,1,
2281,34,ROV,99887.13,5572.6,mobile,risk,2024-09-09,true,0.4201,0,документы на проверке
2282,43,ROV,84185.1,7335.56,partner,ops,2025-08-21,true,0.5455,0,перевод в другой отдел
2283,19,MSK,54186.56,14004.37,partner,ops,2024-05-12,true,0.3939,0,документы на проверке
2284,56,SPB,43221.21,3503.63,web,risk,2024-06-01,false,0.5174,0,
2285,22,NSK,74663.44,3029.8,mobile,support,2024-06-24,true,0.3653,1,повторное обращение
2286,30,SPB,75134.98,3512.09,mobile,risk,2024-10-20,false,0.3915,1,повторное обращение
2287,34,NSK,177816.68,2153.21,mobile,sales,2025-11-08,true,0.3879,1,повторное обращение
2288,27,ROV,43016.16,1452.39,mobile,support,2024-04-16,true,0.5371,0,повторное обращение
2289,37,MSK,33460.54,8523.79,partner,support,2024-07-05,true,0.5723,1,перевод в другой отдел
2290,28,MSK,122409.79,1958.1,web,risk,2025-08-04,false,0.5471,1,повторное обращение
2291,38,NSK,28747.31,3103.9,web,sales,2024-03-17,true,0.4363,1,заявка принята
2292,50,EKB,41188.25,3684.85,mobile,ops,2024-09-16,true,0.4854,0,перевод в другой отдел
2293,43,NSK,44223.71,8683.3,web,sales,2025-04-20,true,0.8929,0,перевод в другой отдел
2294,18,MSK,107839.81,13957.16,offline,support,2024-12-13,true,0.8275,0,перевод в другой отдел
2295,34,MSK,37515.77,2235.55,web,ops,2024-11-11,true,0.6164,0,
2296,46,SPB,98217.83,12669.37,offline,ops,2025-04-01,true,0.5714,0,повторное обращение
2297,44,SPB,55153.77,6537.74,offline,ops,2024-01-02,true,0.2042,0,повторное обращение
2298,49,NSK,70783.28,16292.82,offline,support,2024-04-25,true,0.4,0,документы на проверке
2299,34,EKB,45275.34,15688.88,partner,ops,2025-06-01,true,0.5564,1,заявка принята
2300,53,MSK,45888.65,1245.7,mobile,ops,2024-09-09,false,0.4015,0,заявка принята
2301,35,SPB,102720.05,12362.11,mobile,risk,2024-11-27,false,0.345,1,повторное обращение
2302,58,EKB,41483.59,2869.28,mobile,ops,2025-02-03,true,0.2752,0,клиент не отвечает
2303,31,MSK,83621.65,4775.47,web,risk,2025-08-06,true,0.7435,0,перевод в другой отдел
2304,50,MSK,45421.51,3174.8,partner,ops,2024-01-16,false,0.4777,1,повторное обращение
2305,26,ROV,100524.51,2224.89,web,sales,2025-05-27,false,0.7213,0,повторное обращение
2306,31,KZN,49618.76,5091.59,web,support,2025-02-19,false,0.3596,1,повторное обращение
2307,43,SPB,96935.52,1412.4,mobile,ops,2024-11-26,true,0.2655,1,клиент не отвечает
2308,44,KZN,12211.67,2262.34,partner,risk,2025-04-13,true,0.4133,1,заявка принята
2309,26,EKB,124796.3,5562.76,partner,risk,2024-12-01,true,0.2354,1,документы на проверке
2310,30,KZN,63431.59,2042.93,mobile,risk,2024-02-08,true,0.593,1,документы на проверке
2311,37,NSK,41289.12,5062.49,web,risk,2025-07-10,true,0.5878,0,
2312,60,SPB,39883.9,3991.1,web,risk,2025-06-07,true,0.3793,0,клиент не отвечает
2313,40,KZN,62724.68,4403.28,offline,support,2024-12-23,true,0.3922,1,
2314,40,MSK,72164.01,1955.94,partner,support,2025-05-31,false,0.7201,0,перевод в другой отдел
2315,52,MSK,66993.79,5462.53,web,sales,2025-08-17,false,0.6454,0,клиент не отвечает
2316,34,SPB,93482.96,9292.8,web,ops,2024-11-14,false,0.2251,1,перевод в другой отдел
2317,34,MSK,36357.28,8608.06,offline,risk,2024-04-20,true,0.4681,0,клиент не отвечает
2318,26,SPB,78168.3,1652.05,mobile,sales,2025-01-08,true,0.3445,0,перевод в другой отдел
2319,52,SPB,57784.04,2432.63,mobile,ops,2025-01-29,true,0.4743,0,перевод в другой отдел
2320,33,KZN,60520.23,4981.77,mobile,risk,2025-04-09,false,0.4418,0,повторное обращение
2321,52,MSK,40166.43,727.34,mobile,risk,2025-04-09,true,0.59,0,повторное обращение
2322,32,MSK,96783.65,14018.64,web,risk,2024-03-25,false,0.5908,1,документы на проверке
2323,20,EKB,96332.76,2986.86,web,support,2025-08-21,false,0.3619,0,заявка принята
2324,45,KZN,47525.07,2806.82,mobile,sales,2025-05-29,false,0.4884,0,документы на проверке
2325,30,MSK,104342.13,8130.07,mobile,support,2024-02-15,true,0.2272,1,заявка принята
2326,41,MSK,172251.41,4407.85,web,ops,2025-11-20,false,0.3619,0,заявка принята
2327,39,EKB,21696.84,3280.48,web,support,2024-12-19,true,0.659,1,
2328,18,KZN,148627.19,3875.43,mobile,risk,2024-12-29,false,0.5028,0,клиент не отвечает
2329,23,SPB,36464.31,18555.88,mobile,sales,2025-02-28,false,0.4817,1,заявка принята
2330,26,EKB,55236.1,5165.31,partner,sales,2024-04-29,true,0.4346,1,повторное обращение
2331,40,ROV,43198.86,3491.23,mobile,support,2024-05-28,false,0.6665,0,документы на проверке
2332,19,SPB,79208.94,4326.67,web,ops,2024-07-21,false,0.5993,1,повторное обращение
2333,44,NSK,33199.87,7752.64,web,risk,2025-03-08,true,0.5484,0,заявка принята
2334,44,MSK,59096.01,1135.1,offline,ops,2025-04-22,true,0.4752,0,документы на проверке
2335,30,KZN,,7176.63,web,sales,2024-07-12,false,0.6359,1,повторное обращение
2336,30,SPB,75967.57,5511.52,partner,sales,2024-11-01,true,0.3798,0,повторное обращение
2337,42,MSK,36199.5,632.67,partner,support,2024-12-15,true,0.4263,0,заявка принята
2338,20,MSK,111789.13,6967.62,mobile,risk,2024-05-22,false,0.4137,1,повторное обращение
2339,65,KZN,60014.58,4214.04,web,support,2025-03-10,true,0.2788,1,клиент не отвечает
2340,21,SPB,36856.72,2037.38,web,risk,2024-01-11,false,0.1646,1,документы на проверке
2341,45,EKB,59257.32,5582.98,mobile,sales,2024-06-08,false,0.5438,0,повторное обращение
2342,45,EKB,117973.82,1395.26,mobile,support,2025-01-13,false,0.3479,0,документы на проверке
2343,57,MSK,54007.14,15833.42,partner,sales,2024-06-12,true,0.63,1,документы на проверке
2344,30,MSK,48828.91,4062.24,web,risk,2024-09-08,true,0.5081,0,клиент не отвечает
2345,46,KZN,90576.21,6543.43,mobile,risk,2025-07-31,true,0.3583,1,повторное обращение
2346,23,MSK,169166.87,2763.55,mobile,ops,2024-03-19,true,0.4212,1,документы на проверке
2347,25,NSK,,21835.83,mobile,risk,2025-03-30,true,0.4667,1,повторное обращение
2348,21,EKB,85571.81,6776.22,web,ops,2025-03-01,false,0.4073,0,
2349,38,NSK,127559.46,5187.28,partner,sales,2024-01-12,false,0.5572,0,клиент не отвечает
2350,45,MSK,20934.13,6279.75,mobile,ops,2025-03-06,false,0.3577,1,
2351,51,MSK,109215.78,534.84,mobile,support,2025-05-15,false,0.6598,1,перевод в другой отдел
2352,27,NSK,35262.49,7200.3,partner,risk,2025-03-11,false,0.6345,1,
2353,56,MSK,120921.17,1318.38,web,support,2025-03-05,false,0.4508,1,клиент не отвечает
2354,42,EKB,61045.62,1754.03,web,ops,2024-02-11,true,0.1338,0,заявка принята
2355,24,ROV,48568.76,2610.45,partner,ops,2024-09-06,true,0.5763,1,документы на проверке
2356,35,NSK,29190.77,11905.09,web,sales,2024-05-26,true,0.4751,0,перевод в другой отдел
2357,30,NSK,81197.32,5428.53,mobile,sales,2024-12-27,true,0.9122,0,документы на проверке
2358,33,MSK,44799.95,11548.09,web,sales,2024-05-22,false,0.7651,0,
2359,26,KZN,117638.42,11895.32,partner,risk,2024-07-25,false,0.6089,0,заявка принята
2360,28,KZN,38211.88,1704.61,web,support,2025-06-24,true,0.3243,0,клиент не отвечает
2361,39,NSK,83723.97,4136.59,mobile,ops,2024-09-05,true,0.785,1,клиент не отвечает
2362,58,NSK,39233.62,4143.93,mobile,risk,2025-04-04,false,0.8014,1,клиент не отвечает
2363,43,EKB,82140.51,49714.62,web,ops,2025-03-24,false,0.5524,1,документы на проверке
2364,19,MSK,53461.1,674.82,web,ops,2025-01-22,false,0.2332,0,заявка принята
2365,42,NSK,44901.58,7827.15,partner,risk,2025-11-25,true,0.6802,1,перевод в другой отдел
2366,46,KZN,91817.7,8422.76,partner,ops,2024-09-12,false,0.6542,1,заявка принята
2367,32,EKB,31934.54,10798.46,mobile,sales,2025-05-31,true,0.6822,0,документы на проверке
2368,40,EKB,58311.62,3901.37,web,risk,2025-01-20,true,0.6993,1,повторное обращение
2369,40,MSK,87905.92,8730.2,partner,risk,2024-11-20,false,0.277,0,
2370,23,ROV,33572.14,7765.14,mobile,support,2025-11-24,true,0.5508,1,клиент не отвечает
2371,42,NSK,136227.57,330.15,mobile,risk,2025-03-03,true,0.556,1,повторное обращение
2372,36,EKB,145905.87,7017.96,partner,sales,2024-05-05,true,0.4803,0,повторное обращение
2373,33,MSK,73207.71,3540.33,web,risk,2025-05-28,false,0.0732,0,перевод в другой отдел
2374,33,NSK,40770.55,2561.12,mobile,ops,2024-11-30,true,0.8511,0,перевод в другой отдел
2375,53,EKB,52407.62,11025.7,web,ops,2024-04-04,false,0.486,0,заявка принята
2376,30,NSK,47775.67,5679.43,mobile,ops,2025-11-27,true,0.493,0,повторное обращение
2377,45,SPB,65185.06,6107.81,web,support,2024-08-02,true,0.524,1,повторное обращение
2378,53,SPB,36878.42,13463.92,mobile,sales,2024-07-31,false,0.5336,0,перевод в другой отдел
2379,26,KZN,73122.78,7739.39,offline,support,2024-08-22,true,0.3733,0,
2380,43,SPB,139973.99,3374.19,mobile,sales,2024-01-03,false,0.4851,1,клиент не отвечает
2381,18,ROV,101007.19,6661.64,mobile,sales,2025-06-23,true,0.2374,1,клиент не отвечает
2382,35,EKB,81205.8,3970.39,mobile,sales,2024-09-25,false,0.2017,1,повторное обращение
2383,21,MSK,33685.55,9534.47,mobile,sales,2025-02-02,false,0.4922,1,перевод в другой отдел
2384,62,MSK,110898.5,5984.66,web,support,2024-12-20,false,0.4796,0,заявка принята
2385,18,NSK,,4189.99,web,risk,2024-06-21,true,0.5885,0,перевод в другой отдел
2386,25,KZN,28057.17,2780.85,partner,support,2025-05-26,false,0.281,0,клиент не отвечает
2387,28,MSK,167769.72,1369.61,partner,support,2024-01-06,true,0.4387,0,документы на проверке
2388,62,MSK,34293.08,20790.6,partner,support,2025-03-27,true,0.4096,0,заявка принята
2389,44,NSK,91616.38,1213.96,partner,risk,2024-08-25,false,0.4917,0,повторное обращение
2390,58,EKB,58144.69,2795.74,partner,risk,2024-02-18,true,0.621,1,клиент не отвечает
2391,30,MSK,16677.78,5077.15,offline,sales,2024-08-18,false,0.3786,0,
2392,37,NSK,119448.9,1783.34,partner,sales,2024-02-28,false,0.5908,1,
2393,23,MSK,83033.33,2316.52,web,ops,2024-04-17,true,0.4952,0,клиент не отвечает
2394,37,NSK,42383.16,2829.99,mobile,risk,2024-12-03,false,0.6488,1,повторное обращение
2395,18,NSK,118850.23,2391.81,web,sales,2025-04-26,true,0.5515,1,заявка принята
2396,23,MSK,30086.68,1105.8,web,risk,2024-11-09,true,0.4293,0,перевод в другой отдел
2397,39,SPB,42190.65,3579.89,mobile,sales,2025-11-13,false,0.5331,0,повторное обращение
2398,26,SPB,113782.46,2816.81,mobile,ops,2024-06-09,true,0.6384,1,документы на проверке
2399,39,NSK,42120.75,3309.98,mobile,risk,2024-07-04,false,0.6312,0,повторное обращение
2400,31,MSK,100675.81,7737.42,web,risk,2025-05-16,false,0.8588,1,клиент не отвечает
2401,57,ROV,128725.89,1882.61,mobile,ops,2025-08-11,false,0.58,1,повторное обращение
2402,33,ROV,81873.25,3391.33,mobile,ops,2024-02-22,true,0.4591,0,перевод в другой отдел
2403,44,SPB,50614.17,4532.19,mobile,ops,2024-03-10,false,0.2484,1,документы на проверке
2404,27,SPB,53563.96,4808.35,offline,ops,2024-04-23,false,0.4163,1,перевод в другой отдел
2405,44,NSK,65148.75,13585.34,mobile,risk,2024-09-21,true,0.2519,0,документы на проверке
2406,39,NSK,100739.89,5035.73,mobile,risk,2025-04-21,true,0.4817,0,
2407,40,KZN,62331.15,3423.49,partner,ops,2025-03-21,false,0.3898,0,перевод в другой отдел
2408,18,MSK,55235.58,5297.71,mobile,ops,2024-06-29,false,0.3906,0,
2409,39,ROV,36193.02,3972.23,partner,support,2024-04-27,false,0.4096,1,
2410,42,NSK,128098.56,15187.21,mobile,ops,2025-11-13,true,0.6842,0,заявка принята
2411,43,ROV,25105.34,8154.89,mobile,ops,2024-05-03,true,0.3756,1,
2412,21,MSK,35045.85,2819.23,web,ops,2025-04-21,false,0.6888,1,заявка принята
2413,18,KZN,105770.91,1708.15,partner,risk,2025-02-24,false,0.7195,0,повторное обращение
2414,51,NSK,33556.91,4644.17,web,ops,2025-04-17,true,0.5095,1,клиент не отвечает
2415,57,SPB,46807.66,110557.6,web,risk,2024-05-09,true,0.5736,1,перевод в другой отдел
2416,27,KZN,90560.15,4064.36,web,sales,2024-12-25,true,0.6446,1,клиент не отвечает
2417,45,MSK,86728.17,9494.82,offline,ops,2025-02-19,false,0.4392,1,
2418,46,NSK,81919.15,6954.35,web,risk,2024-12-08,true,0.5135,0,документы на проверке
2419,37,SPB,21115.06,1697.97,web,support,2024-04-28,false,0.1119,0,документы на проверке
2420,39,NSK,47608.57,3703.82,offline,sales,2024-01-12,false,0.113,1,
2421,28,SPB,70845.33,5334.98,web,risk,2024-04-04,true,0.6681,1,перевод в другой отдел
2422,52,KZN,64213.02,5478.9,mobile,ops,2024-11-17,true,0.4059,0,клиент не отвечает
2423,31,SPB,56237.76,7259.4,web,risk,2025-08-22,false,0.3796,0,документы на проверке
2424,35,ROV,19854.35,4637.6,mobile,sales,2025-03-09,true,0.5678,1,повторное обращение
2425,49,MSK,51252.1,3860.73,partner,support,2024-05-10,false,0.4389,0,клиент не отвечает
2426,55,MSK,29323.59,1225.07,mobile,ops,2025-09-22,false,0.5758,0,заявка принята
2427,40,KZN,23426.74,17662.59,mobile,sales,2025-02-15,false,0.2835,0,документы на проверке
2428,38,NSK,,4945.55,offline,sales,2025-11-01,true,0.8004,1,документы на проверке
2429,39,MSK,71334.44,6890.85,web,ops,2025-10-11,true,0.5323,0,повторное обращение
2430,43,EKB,31647.68,2561.57,partner,risk,2025-02-10,true,0.5098,0,клиент не отвечает
2431,41,SPB,120659.24,6532.49,web,sales,2025-02-02,true,0.3808,0,заявка принята
2432,38,KZN,38552.18,3312.4,web,sales,2024-01-24,false,0.583,0,заявка принята
2433,28,NSK,49041.85,1258.56,partner,risk,2024-05-13,true,0.8991,0,заявка принята
2434,31,MSK,53725.26,2758.33,mobile,support,2025-01-06,false,0.528,1,документы на проверке
2435,26,MSK,60361.23,4625.41,mobile,risk,2025-11-22,false,0.6387,0,документы на проверке
2436,24,NSK,,5681.21,mobile,support,2025-01-14,false,0.4491,0,повторное обращение
2437,50,MSK,62091.09,2256.73,web,risk,2025-06-29,false,0.4527,0,перевод в другой отдел
2438,29,NSK,84706.62,4541.21,mobile,ops,2024-03-23,true,0.358,1,клиент не отвечает
2439,44,KZN,,12164.7,web,risk,2025-04-10,false,0.6199,1,
2440,39,KZN,93442.2,1486.93,mobile,ops,2025-08-09,false,0.5885,1,клиент не отвечает
2441,18,MSK,95271.04,6143.03,mobile,sales,2024-01-02,false,0.159,1,повторное обращение
2442,36,MSK,,1267.19,partner,ops,2025-09-27,true,0.1622,1,повторное обращение
2443,51,MSK,43501.78,5344.19,mobile,support,2025-05-19,true,0.288,1,клиент не отвечает
2444,27,EKB,69419.37,2758.24,offline,risk,2025-03-18,true,0.5564,1,
2445,27,NSK,93567.53,25210.16,offline,risk,2024-12-05,true,0.6632,1,перевод в другой отдел
2446,26,SPB,32286.15,12040.41,web,support,2025-06-22,true,0.2373,0,
2447,33,ROV,34965.58,11925.08,mobile,ops,2025-02-25,false,0.4313,1,
2448,21,MSK,79255.28,2282.0,web,sales,2025-08-10,false,0.5886,0,
2449,28,MSK,28241.01,6714.7,mobile,risk,2024-03-30,false,0.7885,0,повторное обращение
2450,22,MSK,61107.02,1669.21,mobile,risk,2025-11-26,true,0.5183,1,
2451,21,MSK,74116.56,6901.06,partner,risk,2025-05-31,false,0.5437,0,документы на проверке
2452,45,MSK,65045.11,10138.09,mobile,ops,2024-04-10,true,0.5505,1,
2453,37,MSK,61369.25,2656.55,partner,support,2025-11-20,false,0.5093,1,
2454,27,SPB,38042.55,5179.37,web,risk,2025-04-12,false,0.0853,0,повторное обращение
2455,37,NSK,25137.09,2769.61,mobile,ops,2025-01-17,false,0.4446,1,клиент не отвечает
2456,29,EKB,33685.64,939.13,mobile,risk,2024-07-30,true,0.5569,0,перевод в другой отдел
2457,33,NSK,57026.66,7830.07,web,support,2025-02-26,true,0.2775,0,клиент не отвечает
2458,60,SPB,43593.9,8330.62,web,support,2025-04-15,true,0.0044,0,перевод в другой отдел
2459,39,SPB,85799.56,3619.98,mobile,risk,2025-06-28,false,0.3386,1,клиент не отвечает
2460,43,SPB,59790.2,1743.79,offline,ops,2024-10-01,false,0.7904,1,
2461,25,MSK,30331.84,7318.06,partner,ops,2024-04-19,false,0.1259,0,повторное обращение
2462,55,SPB,36347.73,10536.57,partner,sales,2025-02-06,false,0.2019,1,повторное обращение
2463,42,SPB,73514.38,12706.93,web,sales,2024-09-22,false,0.5095,1,
2464,59,KZN,39239.12,10939.66,offline,support,2025-10-08,true,0.4386,1,документы на проверке
2465,18,SPB,32001.56,3383.09,web,sales,2025-01-04,true,0.7205,1,клиент не отвечает
2466,44,NSK,75696.04,2031.58,web,support,2024-01-10,true,0.5707,1,документы на проверке
2467,38,KZN,31285.72,3908.65,partner,support,2025-07-12,false,0.8213,1,заявка принята
2468,29,EKB,28303.0,2389.94,mobile,risk,2024-03-28,false,0.6693,1,перевод в другой отдел
2469,31,MSK,173209.48,2762.52,web,sales,2024-07-18,true,0.4726,1,повторное обращение
2470,18,MSK,89017.56,4789.68,partner,risk,2024-12-25,false,0.4044,0,перевод в другой отдел
2471,31,NSK,79031.39,2756.74,web,sales,2025-12-01,true,0.5203,1,заявка принята
2472,39,MSK,40205.28,4619.35,mobile,ops,2025-02-16,false,0.1026,1,заявка принята
2473,37,MSK,,4655.78,mobile,ops,2025-08-31,false,0.3464,1,перевод в другой отдел
2474,33,MSK,100321.89,3925.8,partner,ops,2025-02-01,true,0.5102,1,повторное обращение
2475,40,SPB,54075.44,19326.67,offline,support,2025-03-16,true,0.8402,0,документы на проверке
2476,58,SPB,58905.95,12797.78,web,risk,2024-02-21,true,0.7798,1,заявка принята
2477,36,ROV,,3835.94,mobile,sales,2025-10-18,true,0.496,1,документы на проверке
2478,47,NSK,119658.73,7224.95,partner,sales,2025-03-25,false,0.5876,0,
2479,39,MSK,62187.16,4035.29,web,risk,2025-04-08,true,0.7013,1,
2480,31,MSK,30905.97,8910.04,mobile,risk,2024-09-13,false,0.421,1,перевод в другой отдел
2481,39,MSK,41961.02,705.83,partner,sales,2025-07-15,false,0.7665,0,перевод в другой отдел
2482,26,EKB,24634.63,1445.57,web,ops,2025-01-23,false,0.6824,0,перевод в другой отдел
2483,57,MSK,48659.38,1821.11,web,ops,2024-05-17,true,0.5689,0,повторное обращение
2484,62,EKB,50208.05,8459.26,offline,risk,2024-11-17,true,0.3593,1,документы на проверке
2485,20,SPB,34674.65,4266.42,offline,ops,2025-05-02,false,0.7097,0,клиент не отвечает
2486,38,SPB,76880.97,2400.7,mobile,ops,2024-01-28,false,0.7497,1,документы на проверке
2487,48,ROV,119891.23,6628.03,offline,support,2024-06-09,true,0.1245,1,
2488,62,NSK,72469.58,3105.08,web,support,2024-10-23,true,0.7133,1,перевод в другой отдел
2489,25,EKB,32840.04,2451.36,partner,ops,2024-10-11,false,0.3249,0,документы на проверке
2490,58,KZN,57802.34,4521.29,mobile,sales,2024-12-03,true,0.7094,1,
2491,37,MSK,72734.79,3984.83,mobile,risk,2025-04-09,true,0.5062,0,перевод в другой отдел
2492,44,MSK,57108.18,3631.33,mobile,ops,2024-07-06,false,0.5676,0,повторное обращение
2493,18,NSK,65604.53,2908.86,mobile,support,2025-03-12,true,0.6244,0,документы на проверке
2494,32,SPB,94289.77,3922.73,mobile,ops,2024-12-10,true,0.6004,1,клиент не отвечает
2495,26,ROV,56503.7,973.07,offline,risk,2025-05-07,true,0.5373,1,перевод в другой отдел
2496,47,MSK,104495.21,6103.61,mobile,sales,2025-10-05,false,0.4886,0,перевод в другой отдел
2497,31,SPB,165673.5,5356.56,offline,sales,2024-10-22,true,0.4916,0,перевод в другой отдел
2498,41,SPB,102372.75,1907.35,partner,sales,2025-11-27,true,0.5422,1,перевод в другой отдел
2499,26,ROV,68119.18,1779.64,web,risk,2024-02-13,false,0.3195,0,перевод в другой отдел
2500,35,NSK,32621.38,1351.6,mobile,sales,2024-11-13,false,0.4948,1,документы на проверке
2501,38,SPB,30215.45,2679.52,partner,risk,2024-05-23,false,0.7027,1,перевод в другой отдел
2502,31,EKB,61475.85,1721.37,web,risk,2024-09-23,false,0.7014,0,клиент не отвечает
2503,32,MSK,32194.25,50292.43,partner,sales,2025-07-17,false,0.2535,1,клиент не отвечает
2504,22,MSK,,4994.7,mobile,ops,2025-08-01,false,0.255,0,повторное обращение
2505,58,ROV,34628.64,3375.88,web,sales,2024-01-19,false,0.6597,0,клиент не отвечает
2506,23,NSK,37887.83,2553.92,web,support,2025-03-25,true,0.3467,1,перевод в другой отдел
2507,39,SPB,56994.24,19247.16,web,ops,2025-05-15,true,0.5944,1,документы на проверке
2508,52,SPB,69094.58,2851.8,web,ops,2024-10-11,true,0.5953,0,перевод в другой отдел
2509,48,SPB,23304.24,3089.87,web,support,2024-09-24,false,0.2437,1,
2510,27,MSK,49889.26,7308.96,offline,sales,2024-08-12,false,0.261,0,документы на проверке
2511,53,SPB,62977.47,2509.11,partner,risk,2024-11-15,false,0.5768,0,
2512,21,SPB,33628.29,6176.37,web,support,2024-06-07,false,0.6503,1,клиент не отвечает
2513,44,KZN,95608.12,9688.69,mobile,sales,2025-08-12,false,0.5716,0,повторное обращение
2514,49,EKB,48142.65,13527.76,partner,sales,2025-10-24,true,0.3262,1,
2515,44,MSK,90175.82,1919.09,mobile,sales,2024-06-04,true,0.5187,0,клиент не отвечает
2516,38,SPB,111899.0,2816.08,mobile,sales,2025-01-29,false,0.6143,1,
2517,32,NSK,65391.83,9078.74,web,support,2025-05-15,false,0.2204,1,повторное обращение
2518,60,EKB,60698.44,14073.19,mobile,risk,2025-02-18,false,0.4849,0,
2519,18,MSK,57828.64,3256.01,web,support,2024-07-12,false,0.5073,0,
2520,56,SPB,49939.18,1216.0,web,risk,2024-03-14,false,0.4054,0,
2521,50,NSK,58820.64,1936.53,web,sales,2025-11-20,false,0.3669,0,заявка принята
2522,18,MSK,31995.65,12693.01,partner,support,2024-11-14,false,0.5098,0,документы на проверке
2523,33,ROV,118795.58,7882.11,web,ops,2024-03-07,false,0.4366,0,заявка принята
2524,59,KZN,59348.63,2705.76,offline,sales,2025-07-31,false,0.6788,0,
2525,23,SPB,62899.11,1776.09,web,support,2024-10-24,true,0.7975,0,клиент не отвечает
2526,41,EKB,65102.26,1572.51,partner,ops,2025-02-11,false,0.5046,0,заявка принята
2527,18,ROV,60925.15,7777.77,web,support,2024-08-24,true,0.1243,0,документы на проверке
2528,45,MSK,83975.51,6075.82,web,support,2024-09-19,false,0.6182,1,документы на проверке
2529,29,NSK,115837.42,9345.96,web,sales,2024-11-14,false,0.2726,1,клиент не отвечает
2530,34,KZN,76176.26,2557.27,partner,ops,2025-09-05,true,0.4923,1,клиент не отвечает
2531,44,NSK,49718.3,4401.83,mobile,ops,2024-02-02,true,0.3679,1,
2532,42,MSK,37477.42,2814.93,web,sales,2024-07-16,true,0.6905,1,перевод в другой отдел
2533,30,MSK,32817.02,1021.4,web,support,2024-11-30,false,0.2997,0,повторное обращение
2534,59,SPB,76110.76,1698.89,web,support,2024-04-29,false,0.4817,0,заявка принята
2535,62,MSK,,3985.91,mobile,sales,2024-11-20,false,0.2574,1,заявка принята
2536,35,EKB,31966.13,7577.32,offline,risk,2025-03-03,false,0.585,0,документы на проверке
2537,28,SPB,45862.71,5187.45,web,ops,2024-02-25,false,0.6591,0,
2538,31,NSK,48685.38,4088.98,mobile,risk,2025-01-11,false,0.5606,0,перевод в другой отдел
2539,40,SPB,58215.83,6906.8,mobile,sales,2025-06-23,true,0.5981,1,клиент не отвечает
2540,44,MSK,40421.87,918.56,offline,risk,2024-11-08,false,0.3005,1,повторное обращение
2541,54,MSK,93737.49,16184.31,web,ops,2025-09-03,false,0.6312,1,
2542,48,EKB,,12103.94,mobile,ops,2024-04-01,false,0.5653,1,заявка принята
2543,44,MSK,54822.51,19176.6,web,sales,2024-06-15,true,0.8646,1,перевод в другой отдел
2544,26,ROV,97433.64,780.77,mobile,ops,2025-03-24,true,0.5429,0,перевод в другой отдел
2545,49,MSK,75505.69,11918.36,web,risk,2025-03-22,true,0.5956,1,повторное обращение
2546,41,NSK,97599.18,1250.17,mobile,risk,2025-10-04,true,0.8533,0,повторное обращение
2547,34,SPB,107703.26,3815.9,partner,support,2025-03-19,false,0.7807,0,документы на проверке
2548,38,MSK,81438.27,6205.64,mobile,sales,2025-10-19,false,0.4859,0,
2549,44,MSK,138497.49,4274.69,web,risk,2025-01-19,true,0.4212,1,заявка принята
2550,35,SPB,45917.85,2618.88,web,support,2024-08-16,false,0.7844,1,повторное обращение
2551,23,MSK,60031.94,9172.08,partner,support,2025-11-12,false,0.6114,0,перевод в другой отдел
2552,70,KZN,36669.15,3203.98,web,ops,2025-10-21,false,0.6656,1,повторное обращение
2553,28,KZN,32305.3,1978.66,mobile,support,2025-02-11,false,0.4466,1,повторное обращение
2554,37,NSK,25286.56,11426.16,mobile,ops,2025-05-14,true,0.2646,0,документы на проверке
2555,78,EKB,60022.39,6790.63,web,sales,2025-08-19,true,0.4222,1,документы на проверке
2556,51,MSK,35049.48,4349.47,partner,sales,2025-06-15,false,0.7805,0,заявка принята
2557,21,EKB,46503.69,9838.98,web,ops,2024-05-27,false,0.6355,0,повторное обращение
2558,30,MSK,74528.0,1305.81,mobile,support,2025-03-25,false,0.169,0,перевод в другой отдел
2559,51,SPB,67279.56,2590.08,partner,risk,2025-10-18,true,0.6786,0,документы на проверке
2560,25,EKB,58440.66,6402.48,web,risk,2025-05-15,false,0.7174,0,клиент не отвечает
2561,46,NSK,41145.99,2983.67,web,sales,2025-11-02,true,0.6857,0,заявка принята
2562,30,ROV,41226.17,10968.86,web,risk,2024-06-23,true,0.5279,0,повторное обращение
2563,39,MSK,25101.0,2454.81,partner,risk,2025-08-21,true,0.6189,0,повторное обращение
2564,18,ROV,53758.69,4300.54,partner,support,2025-03-10,true,0.5747,0,повторное обращение
2565,35,MSK,69482.25,2788.97,web,sales,2025-07-10,true,0.5522,1,документы на проверке
2566,51,MSK,62409.96,9181.76,web,risk,2025-02-09,false,0.5138,1,перевод в другой отдел
2567,33,SPB,101623.8,15746.31,mobile,support,2025-07-19,true,0.6907,1,документы на проверке
2568,53,MSK,91369.62,4331.37,mobile,support,2025-06-11,false,0.5493,1,повторное обращение
2569,18,SPB,21553.0,9732.54,web,sales,2024-01-17,false,0.6339,1,
2570,41,KZN,26304.01,3337.73,mobile,support,2024-07-29,true,0.4699,1,перевод в другой отдел
2571,34,SPB,52729.2,1781.7,web,support,2025-02-28,true,0.3904,0,заявка принята
2572,45,ROV,39207.4,2998.56,web,risk,2024-09-06,false,0.4201,1,заявка принята
2573,41,KZN,68642.18,10638.19,web,ops,2024-05-12,false,0.0791,0,повторное обращение
2574,54,MSK,67742.28,11447.83,offline,risk,2024-01-12,true,0.3444,1,документы на проверке
2575,20,ROV,80326.93,716.53,web,ops,2025-04-02,true,0.3122,0,заявка принята
2576,47,ROV,76526.87,7845.38,mobile,support,2024-04-29,false,0.4836,0,перевод в другой отдел
2577,25,MSK,34245.89,3363.18,mobile,sales,2025-10-07,true,0.3657,1,перевод в другой отдел
2578,39,SPB,34161.47,2002.11,mobile,risk,2025-01-29,true,0.3698,1,перевод в другой отдел
2579,36,SPB,53532.17,16224.59,mobile,support,2025-02-09,false,0.2886,1,клиент не отвечает
2580,33,MSK,57651.4,896.51,web,sales,2024-12-27,false,0.5453,1,заявка принята
2581,32,NSK,49784.47,13055.73,web,sales,2024-09-19,false,0.4785,1,
2582,33,SPB,81666.99,692.15,partner,sales,2024-08-22,true,0.9445,0,
2583,38,SPB,29711.93,9893.47,partner,ops,2025-01-09,true,0.7483,1,перевод в другой отдел
2584,35,EKB,61822.67,5710.97,partner,risk,2025-09-01,true,0.4411,1,документы на проверке
2585,19,ROV,41505.12,6361.26,partner,risk,2024-08-28,true,0.5854,1,
2586,37,KZN,69212.46,4262.06,partner,ops,2025-03-04,false,0.2792,1,повторное обращение
2587,34,MSK,44660.18,10864.75,mobile,ops,2025-07-05,false,0.526,0,клиент не отвечает
2588,25,SPB,121332.24,2274.78,web,ops,2024-05-09,true,0.5888,1,заявка принята
2589,18,SPB,37112.76,3354.52,partner,risk,2024-08-05,false,0.6248,1,клиент не отвечает
2590,47,MSK,47783.19,6787.83,web,risk,2025-09-24,false,0.554,1,клиент не отвечает
2591,40,SPB,51003.54,1261.56,mobile,risk,2024-12-10,false,0.4214,1,клиент не отвечает
2592,64,EKB,148350.65,10238.21,mobile,risk,2024-01-11,true,0.3586,0,клиент не отвечает
2593,50,NSK,93765.26,6006.47,mobile,ops,2025-07-22,false,0.4219,0,повторное обращение
2594,36,SPB,106961.9,7232.52,partner,ops,2025-11-28,false,0.252,1,документы на проверке
2595,50,NSK,52734.76,3840.46,web,sales,2024-12-29,false,0.8547,1,клиент не отвечает
2596,34,MSK,26272.86,4988.82,mobile,ops,2024-12-17,false,0.3845,0,заявка принята
2597,51,SPB,62930.65,4521.87,mobile,ops,2024-01-22,true,0.6534,0,повторное обращение
2598,38,KZN,58573.3,9902.46,web,support,2025-09-30,true,0.2106,1,заявка принята
2599,32,NSK,66840.26,8295.42,web,risk,2024-09-26,true,0.2559,1,заявка принята
2600,23,ROV,65218.83,11130.3,offline,sales,2025-09-09,false,0.4498,1,
2601,23,MSK,63728.95,3602.7,mobile,risk,2025-06-26,false,0.6072,0,повторное обращение
2602,24,SPB,18087.9,4273.11,web,sales,2025-08-12,true,0.5434,1,клиент не отвечает
2603,40,KZN,35339.32,5443.0,web,risk,2025-04-22,false,0.5566,0,
2604,18,EKB,68554.9,1715.78,mobile,ops,2024-06-18,false,0.5396,1,перевод в другой отдел
2605,23,ROV,43633.05,31764.71,offline,support,2025-09-27,false,0.513,1,перевод в другой отдел
2606,46,MSK,29218.25,12165.21,mobile,sales,2024-05-17,false,0.783,0,повторное обращение
2607,40,MSK,53183.37,10089.44,web,ops,2025-01-01,true,0.3775,0,документы на проверке
2608,40,MSK,60789.73,4019.4,web,sales,2025-05-03,true,0.6293,0,
2609,36,EKB,63801.19,11690.18,web,sales,2024-08-26,true,0.4473,1,
2610,77,KZN,56805.61,8910.54,web,sales,2024-01-06,false,0.2491,0,документы на проверке
2611,41,KZN,67425.06,6181.05,web,sales,2024-03-20,false,0.6026,1,перевод в другой отдел
2612,35,SPB,26718.71,2758.61,web,sales,2025-04-27,true,0.7843,1,заявка принята
2613,48,MSK,47212.63,24872.61,mobile,ops,2024-06-03,true,0.4661,0,
2614,51,ROV,58497.66,1774.43,web,risk,2024-06-02,false,0.2656,1,заявка принята
2615,41,SPB,85790.57,20616.94,web,ops,2025-05-18,false,0.4165,0,заявка принята
2616,37,EKB,28226.91,7314.24,web,sales,2025-07-23,true,0.4042,1,документы на проверке
2617,18,SPB,58960.53,9075.67,mobile,sales,2024-10-04,true,0.5116,1,перевод в другой отдел
2618,46,MSK,47090.04,2374.02,partner,sales,2024-12-20,true,0.429,0,перевод в другой отдел
2619,41,EKB,54046.22,5748.65,offline,support,2025-03-31,true,0.3927,0,клиент не отвечает
2620,35,NSK,41138.92,3962.6,mobile,support,2025-02-04,true,0.4656,1,
2621,46,KZN,51180.0,4412.01,mobile,ops,2024-04-23,true,0.5502,1,заявка принята
2622,59,NSK,44662.9,4161.17,partner,ops,2025-05-08,false,0.2746,1,клиент не отвечает
2623,19,NSK,112301.72,1831.7,web,sales,2024-07-29,true,0.5305,1,заявка принята
2624,29,MSK,58910.01,2395.86,mobile,risk,2025-06-20,true,0.6603,0,повторное обращение
2625,36,NSK,139711.4,9653.18,mobile,sales,2024-06-29,true,0.4596,0,перевод в другой отдел
2626,38,MSK,63129.16,1467.66,partner,sales,2025-02-17,true,0.1884,0,
2627,54,EKB,41217.42,3149.57,web,sales,2024-05-06,false,0.5867,1,заявка принята
2628,26,ROV,89414.25,7708.8,web,sales,2025-01-03,false,0.5832,0,документы на проверке
2629,18,KZN,32277.42,3599.19,partner,ops,2024-07-28,false,0.5405,1,заявка принята
2630,44,MSK,55284.42,2984.54,partner,support,2024-01-28,false,0.3066,0,клиент не отвечает
2631,55,SPB,46482.62,12293.98,web,ops,2025-01-28,true,0.6163,0,клиент не отвечает
2632,23,MSK,66168.62,8619.11,mobile,support,2024-09-26,true,0.7401,0,клиент не отвечает
2633,29,MSK,47598.2,1139.39,partner,sales,2025-10-07,true,0.3148,1,документы на проверке
2634,18,ROV,51160.62,4495.82,web,risk,2025-05-11,false,0.3856,0,повторное обращение
2635,23,KZN,50420.58,11991.66,web,risk,2024-02-27,false,0.496,1,повторное обращение
2636,37,KZN,54541.5,3497.56,mobile,sales,2024-03-30,false,0.5838,1,
2637,46,MSK,50918.76,16111.27,mobile,support,2024-06-06,true,0.5918,0,клиент не отвечает
2638,18,NSK,63426.55,1733.82,partner,support,2024-07-01,true,0.3659,1,клиент не отвечает
2639,49,MSK,56301.34,2665.58,mobile,risk,2024-05-20,true,0.4871,0,документы на проверке
2640,40,NSK,55545.88,3265.26,web,support,2025-11-04,false,0.6979,0,
2641,69,MSK,62972.84,1089.61,web,risk,2024-10-27,true,0.4156,0,
2642,43,SPB,58064.71,6694.26,partner,sales,2024-06-08,true,0.473,1,повторное обращение
2643,45,NSK,27156.06,6853.9,partner,risk,2024-01-25,true,0.2552,0,документы на проверке
2644,61,SPB,27217.0,2252.29,mobile,ops,2024-07-26,true,0.3036,1,перевод в другой отдел
2645,48,MSK,66108.61,4188.28,mobile,support,2025-04-20,false,1.0792,1,перевод в другой отдел
2646,52,SPB,70274.54,19965.24,mobile,ops,2025-02-17,true,0.6714,0,документы на проверке
2647,35,SPB,54279.36,11832.12,mobile,sales,2025-05-13,false,0.4556,0,
2648,45,NSK,44449.18,8140.0,mobile,support,2024-04-13,false,0.3807,1,документы на проверке
2649,30,MSK,34213.48,4711.45,web,ops,2025-07-06,false,0.5542,1,
2650,30,MSK,80349.69,7951.52,mobile,sales,2025-10-17,false,0.3769,1,
2651,34,MSK,81030.07,1936.32,web,risk,2025-03-25,false,0.3932,0,
2652,48,SPB,99596.7,14995.16,mobile,sales,2025-10-08,true,0.3563,0,
2653,57,ROV,58192.46,5315.88,partner,risk,2024-07-20,false,0.6662,0,документы на проверке
2654,42,KZN,108847.5,4053.83,mobile,risk,2025-03-27,false,0.6184,0,перевод в другой отдел
2655,54,SPB,52524.45,1136.91,web,ops,2025-03-13,true,0.3254,1,перевод в другой отдел
2656,52,SPB,65664.67,3787.79,web,sales,2024-06-14,false,0.3578,1,клиент не отвечает
2657,35,EKB,45283.35,5642.75,web,support,2025-09-22,true,0.4742,0,документы на проверке
2658,29,SPB,70873.71,9763.29,offline,support,2025-03-17,true,0.2975,1,повторное обращение
2659,30,MSK,64490.53,3735.99,web,risk,2025-02-24,true,0.6437,0,
2660,26,MSK,35353.56,5402.88,mobile,ops,2024-10-18,true,0.7043,0,документы на проверке
2661,42,MSK,34246.07,5368.5,web,risk,2024-09-11,true,0.4685,1,клиент не отвечает
2662,56,KZN,88990.07,1405.09,web,support,2025-10-24,true,0.27,0,перевод в другой отдел
2663,30,SPB,149010.65,2794.13,mobile,ops,2025-02-13,true,0.3141,1,заявка принята
2664,37,NSK,75391.62,1575.52,mobile,support,2024-01-01,false,0.4472,1,заявка принята
2665,49,MSK,44274.38,5161.88,offline,ops,2024-05-23,false,0.4536,1,заявка принята
2666,56,MSK,73143.94,1677.22,partner,support,2025-08-09,true,0.1136,1,
2667,51,NSK,42809.62,13156.23,web,risk,2024-03-01,true,0.1796,0,
2668,32,ROV,215089.94,2449.36,mobile,sales,2024-10-07,true,0.6419,1,
2669,38,MSK,56953.9,5860.94,mobile,support,2025-08-30,false,0.9784,0,
2670,25,ROV,71081.7,6658.47,web,ops,2024-05-12,false,0.5613,1,
2671,35,MSK,90933.1,6092.11,mobile,sales,2025-04-06,true,0.7577,1,заявка принята
2672,53,NSK,33906.19,5135.83,web,ops,2024-05-14,true,0.5571,1,клиент не отвечает
2673,31,NSK,82401.14,6442.38,mobile,sales,2025-06-25,true,0.6414,1,перевод в другой отдел
2674,33,SPB,44410.96,3161.31,partner,ops,2025-06-10,false,0.3593,0,
2675,43,MSK,70775.56,16177.74,web,risk,2025-09-26,false,0.9275,1,повторное обращение
2676,57,MSK,32658.09,5476.76,web,sales,2024-09-19,false,0.5042,1,документы на проверке
2677,29,SPB,103647.85,10310.85,web,support,2025-11-15,false,0.5059,1,клиент не отвечает
2678,41,NSK,50646.48,15469.83,web,sales,2025-05-17,true,0.6348,1,клиент не отвечает
2679,26,SPB,98080.84,6880.94,partner,support,2025-08-02,false,0.3777,1,перевод в другой отдел
2680,37,EKB,114601.25,8905.06,mobile,support,2024-05-30,true,0.5947,1,заявка принята
2681,18,MSK,64827.6,12864.23,mobile,ops,2025-01-04,true,0.7052,0,повторное обращение
2682,42,NSK,77119.48,8363.06,partner,ops,2025-01-27,false,0.4934,1,
2683,49,SPB,59759.39,11811.45,partner,risk,2024-02-27,false,0.6229,1,заявка принята
2684,19,MSK,55594.43,6704.91,offline,support,2025-01-27,true,0.1848,1,повторное обращение
2685,36,NSK,103540.35,9548.76,offline,support,2025-02-08,false,0.3094,0,перевод в другой отдел
2686,39,KZN,22139.09,4731.04,mobile,sales,2024-11-28,true,0.5776,1,
2687,57,MSK,23898.9,3519.54,web,ops,2025-10-10,true,0.7148,0,документы на проверке
2688,32,ROV,32617.87,1138.19,web,support,2025-06-24,false,0.9706,1,заявка принята
2689,35,NSK,69036.29,6447.41,web,support,2025-05-03,true,0.5884,0,перевод в другой отдел
2690,34,SPB,32440.58,3471.74,mobile,ops,2024-04-04,true,0.8017,0,
2691,36,MSK,119090.36,3224.69,mobile,risk,2025-01-14,false,0.6523,1,перевод в другой отдел
2692,37,EKB,27549.13,9463.67,web,support,2024-09-06,false,0.1377,0,клиент не отвечает
2693,38,SPB,29655.97,1837.68,web,risk,2025-04-18,true,0.3948,0,перевод в другой отдел
2694,45,MSK,63973.64,7597.71,partner,support,2025-08-12,false,0.8619,0,заявка принята
2695,35,MSK,56017.55,5339.43,mobile,ops,2024-12-05,false,0.5591,0,заявка принята
2696,50,NSK,55974.3,5811.62,web,risk,2025-03-29,false,0.6898,1,
2697,50,NSK,86347.04,12318.44,mobile,sales,2025-07-08,false,0.5703,1,клиент не отвечает
2698,46,ROV,92712.34,9092.37,offline,ops,2025-04-02,true,0.3283,0,
2699,40,ROV,35984.53,739.47,partner,risk,2024-04-28,true,0.8737,0,повторное обращение
2700,20,EKB,95345.71,9507.77,mobile,sales,2024-01-19,true,0.7457,1,перевод в другой отдел
2701,38,ROV,38949.7,1910.74,web,support,2025-11-07,false,0.3264,0,
2702,41,MSK,116991.9,3015.82,offline,sales,2024-10-09,true,1.0233,0,перевод в другой отдел
2703,28,NSK,30518.29,11292.41,mobile,support,2025-07-27,true,0.5735,1,
2704,34,ROV,102141.5,10118.96,web,sales,2025-06-19,false,0.4603,1,перевод в другой отдел
2705,46,NSK,53832.17,13751.38,mobile,risk,2024-01-03,false,0.3633,0,заявка принята
2706,35,EKB,51152.05,6152.38,web,risk,2024-06-29,true,0.4944,1,заявка принята
2707,38,SPB,61644.98,3729.0,mobile,ops,2024-06-04,false,0.6284,0,
2708,49,NSK,45843.11,1137.09,partner,sales,2024-05-19,false,0.43,0,повторное обращение
2709,44,KZN,49175.51,7438.52,web,risk,2025-11-26,true,0.916,1,повторное обращение
2710,23,EKB,74893.96,6869.03,web,sales,2024-05-03,false,0.3108,0,клиент не отвечает
2711,30,MSK,93268.23,3298.5,mobile,support,2024-07-28,true,0.5911,0,документы на проверке
2712,38,MSK,42934.58,2982.8,partner,support,2025-05-09,false,0.2634,1,перевод в другой отдел
2713,44,MSK,54598.26,13972.88,web,sales,2025-06-14,false,0.4721,1,заявка принята
2714,20,MSK,50161.3,4026.94,partner,support,2024-01-24,true,0.551,1,
2715,22,ROV,48286.26,2996.06,partner,support,2024-05-27,true,0.2307,1,клиент не отвечает
2716,49,MSK,44367.29,3286.81,offline,risk,2025-05-03,false,0.503,1,
2717,20,SPB,56977.37,22091.37,web,risk,2025-06-02,true,0.4327,0,повторное обращение
2718,33,EKB,100610.0,10116.26,mobile,risk,2025-10-22,false,0.2582,0,перевод в другой отдел
2719,41,MSK,11523.73,1574.29,partner,support,2025-02-21,false,0.3583,1,повторное обращение
2720,22,SPB,80636.53,1606.75,offline,risk,2024-02-07,true,0.3657,0,документы на проверке
2721,34,MSK,51473.79,1853.58,web,ops,2024-02-28,true,0.2651,0,
2722,49,SPB,50843.23,5934.77,web,sales,2024-08-07,true,0.5237,0,
2723,52,SPB,61321.13,12171.33,mobile,risk,2024-07-28,true,0.4622,0,повторное обращение
2724,40,MSK,25811.46,914.02,partner,ops,2024-04-25,true,0.3272,0,клиент не отвечает
2725,49,SPB,35401.72,7312.56,offline,sales,2025-12-01,true,0.2893,0,перевод в другой отдел
2726,40,EKB,69385.54,11602.96,web,ops,2024-06-29,true,0.8875,1,документы на проверке
2727,38,KZN,57304.84,7123.38,web,support,2024-05-05,false,0.4635,0,перевод в другой отдел
2728,28,SPB,40063.81,1658.26,web,sales,2024-01-18,true,0.3779,1,повторное обращение
2729,27,NSK,35290.24,1992.76,web,ops,2025-02-09,true,0.516,0,заявка принята
2730,30,ROV,,10601.19,web,risk,2024-08-18,true,0.4518,0,повторное обращение
2731,43,MSK,142312.27,7626.08,partner,risk,2024-03-17,false,0.7562,0,клиент не отвечает
2732,34,EKB,28431.32,1697.79,web,sales,2025-01-08,true,0.4602,1,клиент не отвечает
2733,35,EKB,50585.76,3788.4,partner,sales,2024-11-15,false,0.1285,0,клиент не отвечает
2734,50,MSK,126485.64,2871.64,web,ops,2024-07-26,true,0.4316,1,перевод в другой отдел
2735,51,MSK,41050.65,3764.9,partner,support,2024-08-15,true,0.4785,0,
2736,67,SPB,45890.64,2702.16,web,sales,2025-07-19,false,0.4545,0,повторное обращение
2737,32,MSK,55351.93,1893.27,mobile,sales,2024-08-18,false,0.3206,0,перевод в другой отдел
2738,20,EKB,92398.01,965.33,web,sales,2024-08-06,true,0.4916,0,клиент не отвечает
2739,43,NSK,83401.93,4323.22,offline,ops,2024-05-02,true,0.4981,1,клиент не отвечает
2740,43,NSK,48640.59,3724.76,mobile,support,2024-07-19,false,0.3261,1,перевод в другой отдел
2741,18,KZN,93232.08,9111.23,partner,ops,2024-01-31,false,0.6782,0,
2742,32,SPB,22287.1,12783.34,offline,ops,2025-08-19,false,0.6346,0,перевод в другой отдел
2743,42,SPB,66332.26,3492.41,offline,risk,2024-07-19,false,0.862,1,перевод в другой отдел
2744,46,MSK,55137.1,20098.84,mobile,risk,2024-02-28,true,0.6576,1,перевод в другой отдел
2745,33,SPB,42399.07,2592.01,mobile,risk,2025-11-07,true,0.2522,0,перевод в другой отдел
2746,37,MSK,49757.39,2550.76,offline,sales,2024-09-10,false,0.3133,1,документы на проверке
2747,58,MSK,39809.9,847.13,partner,ops,2024-01-27,true,0.5797,0,документы на проверке
2748,22,SPB,96136.18,2544.78,mobile,ops,2024-09-22,false,0.6327,1,клиент не отвечает
2749,50,NSK,99187.11,5067.17,mobile,ops,2025-08-17,true,0.8472,0,документы на проверке
2750,36,NSK,77210.02,1467.53,web,support,2025-11-30,true,0.5196,1,повторное обращение
2751,48,KZN,37609.51,10404.71,partner,risk,2025-06-26,true,0.8872,0,перевод в другой отдел
2752,48,SPB,92730.91,7736.32,mobile,risk,2024-04-17,false,0.9599,0,клиент не отвечает
2753,42,EKB,73005.62,7180.31,mobile,ops,2025-08-15,false,0.2771,0,клиент не отвечает
2754,30,SPB,16808.42,2074.73,web,ops,2025-04-27,false,0.8917,1,повторное обращение
2755,51,NSK,48221.47,6444.8,web,ops,2025-07-30,false,0.6945,0,повторное обращение
2756,45,MSK,23037.91,6440.98,mobile,sales,2025-02-22,false,0.6855,1,
2757,39,ROV,45136.51,10875.1,partner,support,2025-08-14,false,0.4287,0,клиент не отвечает
2758,43,NSK,32216.13,6198.62,web,sales,2024-01-08,false,0.2996,1,повторное обращение
2759,46,MSK,77486.63,4676.01,web,sales,2024-07-16,true,0.3679,1,перевод в другой отдел
2760,46,MSK,65518.31,2771.27,web,support,2025-03-31,false,0.3506,0,документы на проверке
2761,18,MSK,47458.35,1558.83,web,support,2025-10-29,false,0.547,0,документы на проверке
2762,22,SPB,67497.53,5306.65,web,risk,2025-07-15,true,0.4592,0,перевод в другой отдел
2763,27,SPB,34817.31,3679.1,mobile,sales,2024-03-11,true,0.46,1,
2764,44,SPB,74540.15,3734.63,offline,risk,2024-02-04,false,0.6172,1,повторное обращение
2765,39,MSK,44867.84,1576.12,mobile,support,2025-08-26,true,0.3187,0,перевод в другой отдел
2766,28,MSK,64916.69,3151.57,mobile,sales,2024-10-20,false,0.7308,1,документы на проверке
2767,43,NSK,63079.87,4275.24,web,support,2025-07-25,true,0.6981,1,перевод в другой отдел
2768,33,NSK,60138.25,3826.98,mobile,sales,2024-09-07,true,0.6114,0,
2769,23,SPB,59001.54,4653.76,mobile,risk,2024-09-11,false,0.5461,0,клиент не отвечает
2770,30,SPB,67556.78,6020.5,partner,support,2025-07-23,true,0.4844,0,клиент не отвечает
2771,29,MSK,43742.56,9675.63,web,support,2024-06-27,true,0.3374,0,
2772,33,MSK,30254.66,13549.84,partner,support,2024-02-23,false,0.7148,0,клиент не отвечает
2773,33,NSK,72362.79,6308.63,mobile,support,2025-07-15,false,0.4887,1,клиент не отвечает
2774,46,NSK,55909.01,1759.92,offline,ops,2025-03-01,true,0.8148,0,документы на проверке
2775,51,NSK,49820.47,5413.17,mobile,ops,2024-03-17,false,0.3173,1,
2776,42,SPB,79778.51,9228.31,web,sales,2024-12-28,false,0.8794,1,клиент не отвечает
2777,24,NSK,74824.62,3334.26,web,sales,2025-03-26,true,0.5342,0,повторное обращение
2778,39,SPB,44636.29,2921.66,partner,support,2025-05-05,true,0.1349,0,документы на проверке
2779,22,NSK,54717.26,10742.46,offline,sales,2025-06-04,true,0.9056,0,перевод в другой отдел
2780,40,NSK,126159.04,766.41,mobile,sales,2024-04-14,false,0.6447,1,заявка принята
2781,53,EKB,130013.95,1696.46,mobile,sales,2025-11-23,false,0.2503,0,документы на проверке
2782,35,MSK,51534.94,3124.24,web,ops,2025-10-11,true,0.6742,0,заявка принята
2783,30,EKB,89544.41,9598.39,mobile,risk,2024-08-03,false,0.2649,1,заявка принята
2784,49,EKB,70261.79,3876.03,mobile,support,2024-10-25,false,0.5675,1,документы на проверке
2785,22,SPB,28343.95,10386.16,web,ops,2025-04-14,false,0.5653,1,перевод в другой отдел
2786,36,NSK,51906.59,4631.07,mobile,risk,2025-08-25,true,0.5305,1,документы на проверке
2787,31,EKB,62893.88,4559.46,web,sales,2025-10-16,false,0.1708,1,повторное обращение
2788,51,MSK,91573.4,16288.41,mobile,support,2025-11-01,true,0.426,0,заявка принята
2789,23,MSK,84476.67,9043.61,mobile,ops,2024-02-11,false,0.3476,0,клиент не отвечает
2790,20,EKB,23099.92,14312.88,offline,sales,2024-04-21,true,0.7387,1,перевод в другой отдел
2791,47,SPB,128068.69,9593.58,web,support,2025-09-07,true,0.6159,1,клиент не отвечает
2792,49,SPB,64885.23,3095.71,mobile,sales,2025-07-05,false,0.6003,0,перевод в другой отдел
2793,45,NSK,67954.26,3148.39,web,ops,2025-05-13,false,0.903,1,документы на проверке
2794,25,NSK,,9487.83,web,support,2024-10-31,true,0.3648,0,перевод в другой отдел
2795,20,KZN,35112.85,2597.91,mobile,support,2024-02-24,false,0.3598,1,перевод в другой отдел
2796,35,SPB,34011.2,3803.81,mobile,ops,2024-02-26,true,0.7968,1,документы на проверке
2797,38,MSK,36576.88,1739.74,mobile,sales,2025-07-27,false,0.6026,0,документы на проверке
2798,24,KZN,85093.59,14209.42,offline,support,2025-02-07,false,0.5165,1,документы на проверке
2799,83,SPB,205413.47,7153.19,mobile,ops,2024-03-09,true,0.1934,1,клиент не отвечает
2800,27,EKB,176571.97,2191.97,offline,sales,2024-01-11,true,0.6175,0,
2801,39,EKB,55863.94,2535.08,web,risk,2025-04-08,false,0.4196,1,повторное обращение
2802,30,ROV,37134.23,3462.57,web,sales,2025-01-24,true,0.5979,1,заявка принята
2803,30,NSK,71568.33,3783.6,mobile,risk,2025-06-21,false,0.1676,1,документы на проверке
2804,64,NSK,26540.85,5883.69,mobile,risk,2025-04-18,false,0.6111,0,заявка принята
2805,33,SPB,148544.55,2553.24,web,risk,2024-01-21,false,0.4191,0,перевод в другой отдел
2806,41,ROV,183318.84,3921.92,web,support,2025-07-01,false,0.3222,0,повторное обращение
2807,29,SPB,20981.93,3190.83,partner,sales,2025-11-05,true,0.2863,0,документы на проверке
2808,31,SPB,31813.66,1031.1,mobile,support,2024-11-03,false,1.0007,0,повторное обращение
2809,26,MSK,42062.86,6193.66,web,sales,2025-06-07,true,0.7897,1,документы на проверке
2810,34,KZN,23621.98,8974.19,partner,risk,2025-05-30,false,0.7875,0,заявка принята
2811,20,KZN,25594.34,6272.82,web,risk,2024-12-25,true,0.7717,1,клиент не отвечает
2812,24,NSK,97675.93,2674.41,web,support,2024-06-08,true,0.3324,1,повторное обращение
2813,48,SPB,169531.27,672.78,web,support,2024-11-24,true,0.6613,0,заявка принята
2814,31,ROV,35526.94,4959.86,web,risk,2025-08-18,true,0.4553,0,повторное обращение
2815,38,EKB,29332.82,8167.0,mobile,risk,2025-01-11,false,0.2552,1,повторное обращение
2816,45,SPB,63004.68,1918.19,web,risk,2024-03-14,false,0.4114,0,заявка принята
2817,51,SPB,31140.64,10215.7,web,sales,2025-05-08,true,0.4715,1,документы на проверке
2818,30,EKB,69902.06,2608.13,mobile,risk,2025-10-12,true,0.5501,1,клиент не отвечает
2819,38,SPB,76604.38,2906.47,offline,support,2024-04-11,false,0.3455,1,перевод в другой отдел
2820,18,MSK,154478.03,1685.95,mobile,support,2024-09-15,true,0.4672,0,клиент не отвечает
2821,46,MSK,38509.6,4211.96,web,support,2024-06-01,false,0.4953,0,перевод в другой отдел
2822,51,NSK,27329.48,7483.7,web,sales,2024-07-04,true,0.5268,0,клиент не отвечает
2823,30,EKB,101534.79,52853.88,partner,ops,2025-10-15,false,0.5183,0,клиент не отвечает
2824,32,MSK,74140.99,2296.32,mobile,risk,2024-01-26,true,0.3871,0,
2825,54,MSK,33069.01,6578.26,web,support,2024-12-04,true,0.3325,0,заявка принята
2826,45,MSK,62555.61,2371.98,mobile,support,2025-02-11,true,0.3324,0,повторное обращение
2827,44,KZN,48404.86,2034.78,offline,sales,2025-04-10,true,0.3876,1,клиент не отвечает
2828,50,KZN,37833.79,1381.8,mobile,sales,2025-04-27,true,0.3893,1,
2829,42,MSK,50251.0,10811.62,partner,risk,2025-04-10,false,0.5592,1,документы на проверке
2830,46,EKB,52967.74,9250.56,offline,risk,2025-09-09,true,0.5272,1,документы на проверке
2831,39,NSK,63230.47,9017.58,web,support,2025-07-04,false,0.225,0,повторное обращение
2832,46,MSK,62271.08,4219.78,offline,sales,2025-02-06,false,0.8556,0,перевод в другой отдел
2833,31,MSK,99747.31,6883.69,web,ops,2025-06-25,true,0.6769,0,заявка принята
2834,18,KZN,51279.84,1951.89,partner,ops,2024-09-11,true,0.5701,0,
2835,51,ROV,119225.23,3235.59,mobile,sales,2025-01-11,false,0.3974,0,перевод в другой отдел
2836,35,SPB,101398.1,4338.81,mobile,support,2024-04-19,true,0.3852,1,заявка принята
2837,18,ROV,55277.53,4139.65,mobile,ops,2025-02-08,false,0.3573,0,перевод в другой отдел
2838,20,SPB,99688.6,5501.88,mobile,risk,2025-10-13,true,0.6533,0,перевод в другой отдел
2839,44,ROV,132908.32,4345.81,web,support,2024-03-31,false,0.6864,1,заявка принята
2840,39,EKB,54282.39,814.98,offline,sales,2025-10-23,false,0.6153,1,
2841,42,ROV,69707.94,10669.17,mobile,support,2024-02-29,false,0.3546,0,клиент не отвечает
2842,49,SPB,82129.4,8870.95,partner,support,2025-06-01,true,0.7426,0,клиент не отвечает
2843,52,EKB,90274.52,1983.45,mobile,ops,2024-02-24,true,0.725,1,заявка принята
2844,53,MSK,69694.03,10046.62,web,support,2024-09-12,true,0.4664,1,
2845,52,SPB,48227.48,9380.18,web,ops,2025-01-31,false,0.5048,1,
2846,37,SPB,24806.82,1560.58,mobile,risk,2024-01-25,true,0.5456,1,документы на проверке
2847,41,EKB,71152.27,2866.94,mobile,support,2024-05-23,true,0.4412,1,повторное обращение
2848,59,SPB,65961.92,6975.08,mobile,ops,2024-12-15,true,0.7549,1,перевод в другой отдел
2849,24,SPB,87828.03,1911.26,web,sales,2024-04-16,true,0.6542,1,
2850,27,NSK,70322.16,5808.37,web,ops,2025-11-30,true,0.4572,1,клиент не отвечает
2851,29,SPB,29581.15,1700.05,partner,sales,2025-07-02,true,0.5885,1,перевод в другой отдел
2852,26,NSK,38969.19,11020.99,mobile,sales,2024-01-16,false,0.3706,1,повторное обращение
2853,32,EKB,39636.3,943.68,web,sales,2025-10-31,false,0.7038,0,повторное обращение
2854,21,KZN,105935.61,3160.0,mobile,sales,2024-05-17,true,0.4001,0,повторное обращение
2855,63,EKB,49131.92,1225.72,mobile,sales,2025-11-28,false,0.1817,0,клиент не отвечает
2856,18,MSK,68780.67,5404.91,web,support,2025-02-16,true,0.3263,0,документы на проверке
2857,29,NSK,30295.45,4167.34,web,support,2025-10-17,false,0.3896,1,повторное обращение
2858,18,MSK,49628.98,5002.21,partner,sales,2025-06-22,true,0.4461,0,заявка принята
2859,37,SPB,64342.13,3307.47,partner,ops,2025-11-02,true,0.5083,0,заявка принята
2860,74,MSK,108578.51,1113.96,web,ops,2025-10-25,true,0.1553,1,перевод в другой отдел
2861,36,ROV,69798.23,2795.66,mobile,support,2024-05-17,true,0.6754,1,
2862,18,ROV,53262.97,7216.65,mobile,support,2024-07-24,false,0.3145,1,
2863,28,SPB,90231.21,1237.8,partner,risk,2024-06-01,true,0.3041,1,перевод в другой отдел
2864,31,SPB,68310.69,18380.42,mobile,risk,2024-01-19,true,0.5837,0,документы на проверке
2865,29,NSK,141409.55,5223.71,mobile,ops,2025-10-04,true,0.5873,1,повторное обращение
2866,18,SPB,74937.97,4256.2,web,risk,2025-06-12,false,0.5799,1,перевод в другой отдел
2867,34,MSK,51447.45,2813.67,web,sales,2025-11-03,true,0.4823,1,заявка принята
2868,21,SPB,47415.61,13019.81,mobile,risk,2024-11-25,true,0.4164,1,перевод в другой отдел
2869,25,EKB,75655.86,8208.49,web,ops,2024-01-02,true,0.7867,0,повторное обращение
2870,40,MSK,36317.84,14332.17,offline,sales,2024-05-18,false,0.3371,0,заявка принята
2871,34,KZN,21734.28,4138.99,mobile,support,2025-06-29,false,0.4875,1,клиент не отвечает
2872,18,ROV,62344.57,1495.5,web,sales,2025-11-21,false,0.8012,0,повторное обращение
2873,36,NSK,61285.53,5941.28,mobile,sales,2025-07-31,false,0.7087,1,клиент не отвечает
2874,38,KZN,154154.62,3297.45,mobile,support,2025-06-05,false,1.028,1,клиент не отвечает
2875,46,EKB,59978.49,6086.92,web,ops,2024-08-17,true,0.3911,0,повторное обращение
2876,32,NSK,44310.35,5748.08,mobile,risk,2024-10-21,false,0.6266,1,заявка принята
2877,34,MSK,39430.69,4263.19,mobile,risk,2024-03-08,false,0.3656,0,
2878,48,SPB,73418.94,4938.21,partner,sales,2024-09-09,true,0.6631,0,перевод в другой отдел
2879,53,SPB,57774.99,5405.51,web,ops,2025-04-16,true,0.6336,1,клиент не отвечает
2880,46,NSK,,5384.54,offline,support,2024-04-11,true,0.5549,1,
2881,20,SPB,29919.17,8270.04,web,support,2024-03-24,true,0.666,1,
2882,53,KZN,107656.49,7468.45,mobile,support,2025-09-25,false,0.3854,0,повторное обращение
2883,34,SPB,87771.91,1690.8,web,ops,2024-03-04,false,0.1239,1,перевод в другой отдел
2884,27,ROV,66196.9,1747.89,mobile,support,2025-05-22,false,0.3557,0,повторное обращение
2885,49,EKB,141951.31,12069.84,partner,support,2024-06-29,true,0.6482,0,
2886,42,KZN,34405.89,1027.43,web,risk,2024-12-06,false,0.661,0,документы на проверке
2887,53,MSK,55117.15,2099.62,partner,ops,2024-08-25,false,0.7472,1,повторное обращение
2888,42,MSK,82455.13,1668.28,partner,support,2024-02-08,false,0.7721,1,повторное обращение
2889,53,KZN,92984.99,2275.7,mobile,risk,2024-09-26,false,0.6711,0,документы на проверке
2890,30,NSK,39601.41,2511.3,partner,sales,2025-01-03,true,0.6449,1,заявка принята
2891,40,ROV,46827.72,5835.99,web,support,2024-10-01,false,0.1294,0,заявка принята
2892,38,KZN,71739.32,3339.7,mobile,support,2025-08-27,true,0.3225,1,документы на проверке
2893,37,NSK,62441.05,4850.81,mobile,risk,2025-05-15,true,0.6333,1,повторное обращение
2894,38,NSK,25165.43,10279.72,web,sales,2024-11-18,false,0.502,1,
2895,43,SPB,31048.84,4814.74,web,ops,2024-06-16,false,0.369,0,повторное обращение
2896,46,MSK,29852.65,7632.04,partner,sales,2025-01-25,false,0.5449,0,документы на проверке
2897,53,KZN,62680.28,7730.31,web,ops,2024-10-03,true,0.6372,0,
2898,35,MSK,66031.09,2923.77,web,support,2024-01-16,true,0.6666,0,повторное обращение
2899,18,MSK,25317.38,2349.08,web,ops,2024-08-26,true,0.6474,0,документы на проверке
2900,32,NSK,49722.33,1383.77,partner,ops,2024-02-27,false,0.6681,1,клиент не отвечает
2901,28,SPB,67967.77,1973.9,web,support,2024-02-26,true,0.4276,1,заявка принята
2902,36,SPB,52461.16,3514.78,mobile,risk,2025-09-04,false,0.3502,1,
2903,25,NSK,73390.6,4463.07,web,ops,2025-08-31,true,0.5707,0,повторное обращение
2904,60,MSK,29260.33,2213.23,mobile,sales,2024-05-28,true,0.3927,1,документы на проверке
2905,44,ROV,168692.3,2250.99,offline,support,2025-08-27,false,0.396,0,перевод в другой отдел
2906,24,NSK,68591.17,5458.2,mobile,ops,2025-09-20,true,0.6849,0,
2907,47,SPB,28318.35,1233.25,web,ops,2025-10-01,true,0.469,1,перевод в другой отдел
2908,38,NSK,65020.87,2888.63,web,support,2025-05-03,true,0.556,1,
2909,35,MSK,,1689.75,partner,ops,2025-05-30,false,0.3989,1,
2910,25,NSK,75449.82,5720.43,mobile,ops,2024-02-12,false,0.5646,1,документы на проверке
2911,53,SPB,76211.29,15481.49,mobile,risk,2024-04-23,true,0.7697,0,перевод в другой отдел
2912,30,NSK,24335.44,2166.82,mobile,sales,2024-02-20,false,0.6562,1,перевод в другой отдел
2913,28,SPB,49642.05,854.76,mobile,support,2025-02-21,false,0.5238,0,повторное обращение
2914,36,EKB,58207.9,2742.88,partner,sales,2025-11-23,false,0.5697,1,документы на проверке
2915,38,NSK,39219.62,3210.79,mobile,risk,2025-07-16,false,0.9053,1,клиент не отвечает
2916,27,MSK,18642.1,2235.65,web,sales,2025-06-20,true,0.2932,1,
2917,40,MSK,139568.85,1469.65,web,risk,2024-04-17,false,0.5307,0,перевод в другой отдел
2918,34,MSK,50377.21,11627.79,web,risk,2024-02-01,true,0.2539,0,заявка принята
2919,35,MSK,73141.96,1650.8,web,sales,2024-03-31,false,0.3289,0,документы на проверке
2920,33,MSK,111662.38,4660.82,web,sales,2025-02-16,false,0.6728,1,заявка принята
2921,37,SPB,38221.41,2428.41,web,sales,2024-05-05,false,0.6051,1,повторное обращение
2922,46,MSK,52136.82,1849.35,mobile,ops,2024-01-11,false,0.3577,1,повторное обращение
2923,48,MSK,59544.56,3928.27,partner,sales,2024-11-24,true,0.4557,1,перевод в другой отдел
2924,51,SPB,85798.63,5361.51,web,support,2025-02-21,true,0.4087,0,документы на проверке
2925,36,MSK,48501.52,13344.59,mobile,sales,2025-10-01,true,0.263,0,документы на проверке
2926,50,KZN,67862.05,3332.36,web,risk,2024-12-30,true,0.7206,0,перевод в другой отдел
2927,32,MSK,75996.93,5187.13,mobile,ops,2024-10-12,true,0.1879,1,заявка принята
2928,23,MSK,39587.22,1408.6,mobile,ops,2025-09-24,false,0.8931,1,клиент не отвечает
2929,33,SPB,93692.85,2459.13,offline,support,2024-04-09,false,0.5271,0,документы на проверке
2930,44,EKB,33729.08,3696.4,mobile,sales,2024-06-03,false,0.7183,1,
2931,42,NSK,110630.08,7549.72,web,sales,2025-07-21,true,0.5765,0,документы на проверке
2932,53,NSK,120994.59,4048.61,partner,sales,2024-08-22,true,0.5493,1,повторное обращение
2933,44,ROV,51178.96,14673.54,mobile,risk,2024-01-21,true,0.2885,1,
2934,60,MSK,62528.79,5498.35,offline,sales,2024-12-25,false,0.5881,0,клиент не отвечает
2935,47,MSK,49262.26,2323.19,web,sales,2024-02-19,true,0.4421,1,документы на проверке
2936,18,NSK,48676.92,9199.87,mobile,risk,2025-02-26,false,0.1754,0,документы на проверке
2937,44,ROV,19182.1,8507.09,offline,risk,2024-01-24,true,0.5187,1,перевод в другой отдел
2938,43,NSK,96874.05,3606.85,web,support,2025-09-27,true,0.7044,0,документы на проверке
2939,18,ROV,54646.55,2326.6,partner,ops,2025-01-11,false,0.7532,1,заявка принята
2940,44,EKB,59476.63,14517.87,mobile,sales,2024-02-28,true,0.4224,0,
2941,51,MSK,,2374.48,mobile,sales,2024-01-10,true,0.5438,1,документы на проверке
2942,24,NSK,19771.2,3235.25,web,ops,2024-09-23,true,0.5567,1,перевод в другой отдел
2943,40,EKB,51026.68,2394.61,mobile,ops,2024-05-15,true,0.747,1,перевод в другой отдел
2944,35,KZN,112246.83,1182.01,web,risk,2025-08-21,true,0.7684,1,
2945,27,NSK,170365.93,18939.33,web,ops,2024-12-26,true,0.4802,1,документы на проверке
2946,46,MSK,22296.13,3142.65,web,support,2024-08-25,true,0.5447,1,документы на проверке
2947,42,SPB,93710.03,2869.09,mobile,support,2025-06-25,false,0.4976,0,повторное обращение
2948,37,MSK,34242.19,11058.73,mobile,support,2025-02-13,true,0.4786,1,перевод в другой отдел
2949,67,ROV,101779.19,26875.39,web,ops,2024-03-31,false,0.7182,0,перевод в другой отдел
2950,21,SPB,32412.28,9375.65,partner,support,2025-07-24,false,0.5011,0,
2951,35,NSK,66838.78,1877.85,partner,ops,2025-06-23,true,0.4699,0,
2952,37,ROV,35259.18,3804.84,web,ops,2024-08-18,true,1.0136,1,заявка принята
2953,22,MSK,,2428.86,web,ops,2024-01-24,true,0.8593,1,документы на проверке
2954,33,MSK,99722.12,3284.11,web,support,2024-12-21,true,0.2614,1,документы на проверке
2955,43,NSK,100962.73,6213.84,partner,risk,2025-04-13,false,0.8122,0,повторное обращение
2956,31,KZN,72519.68,4540.36,web,risk,2024-01-01,false,0.4942,1,повторное обращение
2957,48,KZN,111851.73,10308.11,web,ops,2024-08-01,false,0.4822,1,заявка принята
2958,34,SPB,29212.57,24622.57,mobile,support,2025-03-23,true,0.9881,1,
2959,34,KZN,102464.93,2678.63,mobile,risk,2025-03-30,false,0.8767,0,
2960,28,MSK,54088.93,12025.97,partner,ops,2024-01-27,true,0.6708,1,заявка принята
2961,45,SPB,75473.99,1527.17,web,ops,2025-05-05,false,0.2965,1,заявка принята
2962,44,ROV,48529.06,2493.17,mobile,sales,2025-06-28,true,0.6229,0,клиент не отвечает
2963,46,NSK,43671.03,11038.69,mobile,risk,2024-07-02,false,0.2175,1,перевод в другой отдел
2964,33,MSK,75695.08,5573.2,web,risk,2024-08-30,false,0.3863,1,
2965,45,MSK,55296.65,12673.14,partner,ops,2025-05-31,true,0.4675,1,документы на проверке
2966,27,KZN,,3677.47,web,support,2024-03-04,true,0.2489,1,документы на проверке
2967,18,MSK,45066.34,2323.52,offline,support,2025-10-29,false,0.4125,1,повторное обращение
2968,60,NSK,93891.82,3157.5,web,support,2024-03-03,false,0.5617,1,документы на проверке
2969,38,SPB,67685.17,7228.48,web,risk,2025-05-14,false,0.3581,0,клиент не отвечает
2970,46,NSK,100966.93,3081.32,mobile,ops,2024-03-07,true,0.6114,0,клиент не отвечает
2971,59,MSK,59614.12,2915.28,mobile,sales,2025-03-11,true,0.3668,1,клиент не отвечает
2972,47,EKB,68941.32,6281.64,mobile,ops,2024-03-18,true,0.7711,0,перевод в другой отдел
2973,18,NSK,58999.66,14678.96,web,ops,2025-04-11,false,0.6176,0,заявка принята
2974,28,NSK,33987.25,3588.12,mobile,risk,2025-09-03,true,0.3441,0,документы на проверке
2975,45,MSK,44704.26,11773.99,offline,risk,2024-07-04,true,0.7915,0,документы на проверке
2976,31,KZN,57342.67,3739.58,web,support,2024-08-02,false,0.6791,0,перевод в другой отдел
2977,32,MSK,38999.91,3454.76,web,support,2024-02-03,false,0.7211,0,перевод в другой отдел
2978,33,EKB,38817.98,11586.13,web,ops,2024-02-13,false,0.3232,1,заявка принята
2979,28,EKB,42157.64,741.87,mobile,support,2025-04-27,true,0.6808,1,клиент не отвечает
2980,29,NSK,109322.43,2387.36,mobile,sales,2025-11-08,true,0.5095,0,повторное обращение
2981,43,EKB,71981.58,2133.79,mobile,support,2024-04-01,true,0.1615,0,перевод в другой отдел
2982,18,NSK,47129.93,7259.02,mobile,support,2025-08-12,true,0.6579,0,документы на проверке
2983,18,MSK,44917.64,5740.76,partner,sales,2025-01-12,false,0.5557,0,документы на проверке
2984,32,ROV,73379.2,6330.14,web,sales,2024-02-01,false,0.6329,1,
2985,47,SPB,,27001.02,offline,sales,2024-08-04,false,0.4947,1,заявка принята
2986,50,MSK,40536.68,7840.22,mobile,sales,2025-09-01,true,0.4039,1,документы на проверке
2987,18,KZN,43413.09,4344.8,offline,support,2025-01-12,false,0.8918,0,документы на проверке
2988,24,MSK,49471.06,2144.95,web,risk,2025-11-01,false,0.2735,0,повторное обращение
2989,38,NSK,39762.07,1466.33,web,sales,2024-08-13,false,0.5199,1,клиент не отвечает
2990,37,EKB,79503.27,8492.36,mobile,sales,2025-09-02,false,0.0983,1,клиент не отвечает
2991,33,SPB,64616.21,1678.53,web,ops,2024-04-12,true,0.8781,1,перевод в другой отдел
2992,39,MSK,77315.23,2402.67,mobile,ops,2024-01-28,false,0.5877,1,повторное обращение
2993,50,KZN,97140.72,6186.42,web,risk,2025-08-27,true,0.6042,0,перевод в другой отдел
2994,41,KZN,60774.47,1343.95,web,support,2025-04-27,true,0.1966,1,повторное обращение
2995,67,KZN,71399.13,2328.76,mobile,ops,2025-06-16,true,0.6603,1,повторное обращение
2996,37,NSK,38113.06,1691.43,web,sales,2025-01-30,true,0.5483,0,заявка принята
2997,47,KZN,97537.09,18693.43,offline,support,2025-06-02,true,0.5435,1,
2998,22,MSK,36198.07,3907.62,offline,sales,2025-11-10,false,0.3754,0,заявка принята
2999,59,NSK,40931.04,2285.99,web,ops,2024-04-23,false,0.6423,0,документы на проверке
3000,44,EKB,52976.66,3898.07,offline,sales,2025-02-26,false,0.4899,1,документы на проверке
3001,53,NSK,,1252.08,mobile,sales,2025-04-10,false,0.6573,1,перевод в другой отдел
3002,54,SPB,45246.75,20918.59,web,support,2025-06-01,false,0.4811,1,повторное обращение
3003,33,MSK,26965.77,8306.66,mobile,risk,2025-06-08,true,0.6784,0,перевод в другой отдел
3004,36,NSK,78407.77,4611.98,web,support,2024-06-05,false,0.3391,1,клиент не отвечает
3005,39,SPB,53175.34,11680.4,web,ops,2025-01-17,true,0.5475,0,документы на проверке
3006,33,ROV,68972.54,5446.21,web,sales,2024-07-22,false,0.6666,1,повторное обращение
3007,36,ROV,63620.22,6983.62,web,ops,2025-01-28,true,0.7286,0,
3008,26,MSK,45395.01,2710.49,web,ops,2025-01-16,true,0.2803,0,заявка принята
3009,45,MSK,,2278.69,partner,risk,2024-11-05,true,0.4125,1,заявка принята
3010,35,SPB,43117.05,8234.31,offline,ops,2024-01-25,true,0.7073,1,клиент не отвечает
3011,47,SPB,83551.08,8710.31,mobile,ops,2024-12-25,false,0.5603,0,
3012,38,MSK,,3918.27,web,risk,2025-04-07,false,0.4388,1,
3013,31,SPB,59825.77,11576.36,web,support,2024-02-16,true,0.5823,0,клиент не отвечает
3014,50,EKB,111358.3,5031.95,web,support,2025-07-19,false,0.0654,0,повторное обращение
3015,40,ROV,81674.16,3036.19,mobile,ops,2024-02-10,true,0.6886,1,документы на проверке
3016,59,NSK,79514.39,4091.56,web,support,2025-08-19,true,0.5018,0,клиент не отвечает
3017,50,ROV,29655.73,1900.07,partner,support,2024-12-13,false,0.6848,1,
3018,26,MSK,35182.11,4308.27,mobile,sales,2025-10-23,true,0.6764,1,заявка принята
3019,55,SPB,50298.69,1771.31,web,risk,2024-06-23,true,0.2962,1,клиент не отвечает
3020,31,SPB,40261.5,4168.74,mobile,sales,2024-03-10,false,0.4338,1,
3021,30,KZN,68496.16,4603.83,mobile,support,2024-08-28,true,0.5563,1,
3022,34,SPB,61396.25,4261.99,web,sales,2024-12-09,false,0.4476,0,перевод в другой отдел
3023,29,NSK,51149.32,14220.39,web,risk,2024-08-03,true,0.3035,1,заявка принята
3024,32,ROV,31188.62,5090.24,mobile,support,2025-01-26,true,0.518,1,перевод в другой отдел
3025,48,KZN,31606.37,5923.08,mobile,risk,2025-10-27,true,0.5654,0,
3026,36,MSK,38514.54,4922.03,web,support,2024-12-14,true,0.7017,1,
3027,45,SPB,12812.46,3891.48,offline,sales,2024-06-13,false,0.6005,0,клиент не отвечает
3028,31,MSK,73448.03,10753.76,mobile,sales,2025-07-07,false,-0.0269,1,
3029,33,MSK,89498.48,4831.8,web,ops,2024-10-31,false,0.6114,0,повторное обращение
3030,38,KZN,126052.21,1946.83,web,support,2024-01-29,false,0.6256,1,перевод в другой отдел
3031,40,EKB,90847.19,4416.84,partner,risk,2024-03-21,true,0.9475,0,клиент не отвечает
3032,31,NSK,150055.71,2790.45,offline,support,2025-05-13,true,0.5387,1,документы на проверке
3033,37,SPB,150897.33,7254.76,web,support,2024-04-30,true,0.4638,0,заявка принята
3034,33,ROV,43378.21,2027.92,partner,sales,2024-10-20,true,0.4193,1,клиент не отвечает
3035,28,MSK,73727.56,3745.44,web,sales,2025-03-04,false,0.3021,0,перевод в другой отдел
3036,33,NSK,69014.24,2840.85,mobile,ops,2024-11-15,false,0.4404,0,заявка принята
3037,67,KZN,47998.39,18130.19,mobile,risk,2025-05-16,true,0.6554,0,повторное обращение
3038,28,ROV,32254.53,2307.85,mobile,support,2025-02-10,false,0.3843,1,клиент не отвечает
3039,52,KZN,25460.14,1509.89,partner,ops,2024-06-29,false,0.5235,0,клиент не отвечает
3040,21,MSK,50479.87,5272.35,web,ops,2025-08-18,false,0.3232,0,повторное обращение
3041,38,KZN,44932.96,1543.87,mobile,ops,2024-03-29,false,0.415,1,
3042,30,MSK,46940.28,11118.67,mobile,sales,2025-08-22,true,0.5203,1,
3043,35,EKB,58056.78,7643.44,mobile,support,2025-02-28,false,0.7216,1,
3044,23,MSK,54534.43,2273.33,mobile,risk,2024-01-06,true,0.4851,1,повторное обращение
3045,48,MSK,21375.76,4430.42,offline,support,2025-02-21,false,0.3887,0,документы на проверке
3046,34,KZN,39115.5,6747.67,partner,ops,2024-05-24,true,0.6032,0,
3047,18,SPB,69803.82,4485.93,mobile,ops,2025-11-11,true,0.5677,0,документы на проверке
3048,19,MSK,26026.33,7850.03,web,support,2025-05-10,false,0.4483,0,повторное обращение
3049,31,MSK,74265.84,3014.5,partner,support,2024-02-21,false,0.5937,1,документы на проверке
3050,43,KZN,95646.64,2036.76,mobile,sales,2024-01-05,true,0.423,1,перевод в другой отдел
3051,48,KZN,67585.96,3346.63,offline,ops,2024-11-08,false,0.2373,1,заявка принята
3052,43,MSK,19452.18,30477.53,partner,risk,2024-02-25,true,0.4981,1,клиент не отвечает
3053,22,SPB,52219.75,1870.99,web,risk,2025-09-03,false,0.3814,0,документы на проверке
3054,33,MSK,45317.3,17802.37,web,risk,2024-10-23,true,0.5325,0,
3055,35,MSK,111177.22,2466.44,partner,ops,2025-04-25,false,0.8835,1,повторное обращение
3056,40,MSK,94237.47,1557.06,web,sales,2024-08-26,true,0.5845,0,заявка принята
3057,32,EKB,51469.65,4831.47,mobile,support,2024-06-21,true,0.5338,0,перевод в другой отдел
3058,30,SPB,45594.18,1276.39,mobile,risk,2024-03-08,true,0.7803,0,документы на проверке
3059,30,MSK,18119.19,7204.23,partner,sales,2024-09-23,true,0.2839,1,повторное обращение
3060,53,ROV,43110.59,3335.29,web,support,2024-02-03,true,0.4113,0,документы на проверке
3061,53,EKB,62673.43,3502.13,mobile,ops,2025-07-31,true,0.4306,0,клиент не отвечает
3062,37,MSK,36918.63,2458.79,offline,sales,2024-08-10,false,0.3374,0,заявка принята
3063,40,EKB,90263.71,2322.91,partner,sales,2025-11-15,true,0.3287,1,клиент не отвечает
3064,31,EKB,44980.67,7377.06,mobile,ops,2024-01-01,false,0.5278,1,документы на проверке
3065,38,NSK,32259.93,5248.45,mobile,sales,2025-03-30,false,0.4117,1,перевод в другой отдел
3066,36,SPB,78524.3,15008.13,mobile,risk,2024-05-03,false,0.0883,0,перевод в другой отдел
3067,40,KZN,47591.32,2966.38,mobile,ops,2025-01-22,false,0.3768,0,перевод в другой отдел
3068,18,NSK,70577.09,2789.73,web,support,2025-10-23,true,0.6324,1,повторное обращение
3069,44,NSK,58976.2,8443.66,mobile,risk,2025-09-24,false,0.5923,1,клиент не отвечает
3070,25,SPB,109975.09,803.63,mobile,risk,2025-05-14,true,0.6264,0,клиент не отвечает
3071,26,MSK,52023.65,7088.65,mobile,risk,2024-07-18,false,0.6293,1,заявка принята
3072,24,NSK,84398.28,4762.02,mobile,sales,2024-06-03,false,0.6159,1,
3073,33,NSK,83193.32,2540.07,offline,sales,2024-06-11,false,0.4441,1,перевод в другой отдел
3074,29,KZN,56810.67,3287.63,web,risk,2024-09-24,true,0.8501,1,перевод в другой отдел
3075,47,SPB,42507.14,4087.04,partner,support,2025-04-08,false,0.7352,0,документы на проверке
3076,43,MSK,67333.15,11100.12,mobile,sales,2024-01-24,true,0.3172,1,перевод в другой отдел
3077,49,SPB,59771.29,4921.55,partner,support,2024-03-31,true,0.4537,1,документы на проверке
3078,45,EKB,78266.86,1937.57,mobile,ops,2025-09-23,false,0.5301,0,перевод в другой отдел
3079,34,SPB,103130.34,6585.18,web,ops,2024-10-17,false,0.6301,1,повторное обращение
3080,45,MSK,77119.78,1670.06,mobile,ops,2024-03-08,true,0.8258,1,повторное обращение
3081,34,KZN,47925.57,2525.72,web,risk,2025-08-18,false,0.2851,1,
3082,37,ROV,31717.35,3680.84,mobile,support,2024-10-18,true,0.3757,0,
3083,18,EKB,54867.14,33780.15,web,support,2024-08-13,false,0.1798,0,клиент не отвечает
3084,55,MSK,134637.36,6847.65,partner,risk,2025-09-14,true,0.4956,1,перевод в другой отдел
3085,29,MSK,70579.99,1212.79,mobile,support,2024-09-11,false,0.5764,1,повторное обращение
3086,37,MSK,34872.62,7234.97,mobile,risk,2024-01-11,true,0.541,1,
3087,44,EKB,144587.08,5465.57,partner,sales,2025-01-27,false,0.7617,0,повторное обращение
3088,43,MSK,103310.72,23257.49,mobile,risk,2025-02-04,true,0.9072,1,повторное обращение
3089,49,SPB,71249.65,18123.82,partner,risk,2024-11-06,false,0.4705,1,клиент не отвечает
3090,37,MSK,252554.76,6522.08,partner,sales,2024-12-18,true,0.5011,0,документы на проверке
3091,65,MSK,,1452.95,mobile,support,2024-05-14,true,0.7169,1,заявка принята
3092,64,KZN,93778.22,3730.76,mobile,sales,2025-09-13,true,0.4785,1,повторное обращение
3093,31,MSK,50415.73,4988.25,web,sales,2025-05-15,true,0.2032,0,заявка принята
3094,43,SPB,51080.97,5801.97,web,ops,2025-02-11,true,0.4105,1,документы на проверке
3095,47,NSK,79883.14,1454.45,partner,ops,2024-08-01,false,0.4465,1,повторное обращение
3096,38,ROV,48085.87,2658.7,web,ops,2025-11-10,false,0.2057,1,клиент не отвечает
3097,36,NSK,53403.42,18999.24,web,risk,2024-04-11,true,0.3537,0,перевод в другой отдел
3098,19,KZN,56711.23,2387.53,partner,ops,2024-02-17,true,0.2658,1,перевод в другой отдел
3099,33,MSK,49418.29,4475.72,web,risk,2025-03-03,false,0.3394,0,перевод в другой отдел
3100,59,NSK,67500.79,2572.73,mobile,support,2024-06-27,false,0.5101,0,перевод в другой отдел
3101,34,ROV,103665.8,1884.61,mobile,risk,2024-09-26,false,0.342,1,
3102,52,MSK,47430.67,12627.64,offline,risk,2025-10-09,true,0.656,0,перевод в другой отдел
3103,20,NSK,75270.32,8192.9,offline,risk,2024-12-22,false,0.5096,0,повторное обращение
3104,50,NSK,71482.02,8456.99,web,sales,2024-03-22,false,0.7223,0,повторное обращение
3105,43,NSK,108583.23,5633.11,offline,sales,2025-10-26,true,0.8499,1,заявка принята
3106,44,SPB,115502.68,6557.19,web,sales,2024-06-15,false,0.37,1,заявка принята
3107,43,NSK,41847.22,12207.09,web,support,2024-12-02,false,0.4288,1,перевод в другой отдел
3108,65,MSK,40080.4,3888.29,offline,sales,2025-08-16,true,0.8947,1,
3109,18,SPB,40535.32,1412.91,offline,risk,2025-07-05,false,0.7374,1,клиент не отвечает
3110,36,NSK,105566.58,7500.31,mobile,risk,2025-07-30,false,0.2342,1,документы на проверке
3111,62,KZN,59717.79,3579.92,partner,support,2025-09-30,false,0.5772,0,перевод в другой отдел
3112,56,SPB,124215.62,8965.81,mobile,support,2025-10-12,true,0.497,1,повторное обращение
3113,22,SPB,65283.06,14848.53,mobile,ops,2024-04-25,true,0.544,0,
3114,41,EKB,76665.16,4211.41,web,support,2024-07-25,true,0.2411,0,повторное обращение
3115,35,SPB,32411.25,8427.14,mobile,support,2025-09-23,true,0.7604,1,повторное обращение
3116,34,EKB,35152.5,969.81,mobile,support,2024-04-24,true,0.4114,1,клиент не отвечает
3117,49,SPB,34090.13,6442.18,partner,support,2024-10-08,false,0.3471,0,заявка принята
3118,33,KZN,82565.65,4381.77,offline,risk,2024-08-17,true,0.2943,0,перевод в другой отдел
3119,37,MSK,75941.43,4613.6,web,support,2024-02-18,false,0.3068,0,повторное обращение
3120,18,SPB,51075.11,2723.25,web,ops,2025-10-11,true,0.2409,0,заявка принята
3121,18,KZN,50831.71,3515.79,web,risk,2025-02-02,true,0.4715,0,заявка принята
3122,38,EKB,16254.24,4978.09,web,support,2025-06-23,false,0.3751,0,перевод в другой отдел
3123,34,NSK,55243.94,4211.72,web,sales,2025-05-16,false,0.9027,1,повторное обращение
3124,32,SPB,43030.7,2070.46,mobile,risk,2025-03-06,false,0.3331,1,клиент не отвечает
3125,36,MSK,35282.32,4594.41,web,ops,2025-01-23,true,0.573,1,документы на проверке
3126,18,MSK,57111.01,2390.88,mobile,sales,2025-03-23,false,0.2657,0,перевод в другой отдел
3127,37,MSK,91635.53,1971.93,web,support,2024-09-20,false,0.6362,0,заявка принята
3128,33,EKB,36888.27,2331.21,mobile,ops,2024-02-14,true,0.166,0,документы на проверке
3129,29,SPB,30523.16,1407.73,web,ops,2024-08-02,false,0.5234,1,повторное обращение
3130,38,SPB,125858.59,9057.81,mobile,risk,2024-03-03,false,0.5137,0,документы на проверке
3131,21,SPB,67921.25,6491.29,web,support,2025-02-25,true,0.4024,0,
3132,55,KZN,40658.51,1663.97,mobile,ops,2025-09-02,true,0.3637,0,перевод в другой отдел
3133,63,NSK,43608.03,8301.03,web,ops,2024-04-24,true,0.638,0,повторное обращение
3134,35,NSK,109294.1,2425.51,web,support,2025-05-12,true,0.6345,0,заявка принята
3135,44,SPB,116746.24,5161.96,mobile,support,2024-04-24,true,0.4521,1,клиент не отвечает
3136,41,MSK,47157.07,8692.3,offline,support,2024-04-02,false,-0.091,0,клиент не отвечает
3137,26,SPB,51246.61,4060.04,web,support,2024-04-09,false,0.5028,0,клиент не отвечает
3138,36,MSK,23562.81,881.95,web,ops,2025-07-15,false,0.5396,0,
3139,40,EKB,121432.53,8512.71,web,sales,2024-04-19,true,0.4382,0,документы на проверке
3140,44,ROV,25265.14,4583.28,web,support,2024-02-23,true,0.6647,0,повторное обращение
3141,27,SPB,31739.69,2235.21,web,support,2024-11-29,false,0.5723,0,перевод в другой отдел
3142,57,EKB,46267.06,5425.82,web,risk,2024-07-30,true,0.4234,0,перевод в другой отдел
3143,65,KZN,116050.33,2033.77,offline,support,2025-02-23,false,0.5075,0,клиент не отвечает
3144,47,SPB,,3391.36,mobile,support,2024-06-23,false,0.5786,1,документы на проверке
3145,39,ROV,72497.45,3562.29,mobile,sales,2024-02-10,true,0.3729,1,перевод в другой отдел
3146,50,NSK,45826.7,1711.64,mobile,risk,2025-08-02,true,0.2478,0,заявка принята
3147,54,EKB,47516.01,1570.0,mobile,risk,2025-10-16,true,0.6779,0,
3148,18,MSK,37419.42,13057.61,mobile,risk,2025-10-10,false,0.457,1,документы на проверке
3149,23,EKB,160123.39,5516.79,mobile,risk,2025-01-28,false,0.5832,0,перевод в другой отдел
3150,30,ROV,61426.55,4846.31,partner,ops,2024-07-04,true,0.5888,1,заявка принята
3151,38,NSK,51703.36,5479.53,offline,sales,2025-11-26,true,0.4245,0,перевод в другой отдел
3152,34,EKB,69531.37,1988.59,mobile,sales,2024-01-09,false,0.546,0,документы на проверке
3153,33,MSK,94737.51,1634.73,web,support,2024-03-19,true,0.4195,1,заявка принята
3154,32,MSK,73262.5,24549.39,web,risk,2025-11-04,false,0.827,0,клиент не отвечает
3155,24,SPB,26383.69,17123.51,offline,risk,2024-03-13,false,0.9025,0,заявка принята
3156,50,EKB,57825.24,2113.57,mobile,ops,2025-07-19,true,0.185,0,клиент не отвечает
3157,41,ROV,94598.65,5974.04,web,ops,2024-03-27,false,0.7605,0,
3158,24,SPB,27317.19,1137.98,mobile,ops,2024-03-14,false,0.3443,1,заявка принята
3159,64,KZN,27260.24,7349.28,mobile,support,2024-05-15,true,0.518,0,
3160,20,KZN,76078.34,15569.22,web,sales,2025-08-02,false,0.716,1,
3161,36,SPB,163568.47,11141.16,partner,risk,2024-03-24,false,0.5004,0,повторное обращение
3162,45,EKB,64722.49,5347.2,mobile,ops,2025-03-19,true,0.3125,0,заявка принята
3163,49,KZN,21668.28,11750.79,offline,risk,2024-02-06,false,0.3863,1,
3164,48,KZN,88320.67,4680.01,partner,ops,2025-09-24,false,0.7479,1,заявка принята
3165,45,MSK,88845.85,2541.4,mobile,support,2025-11-06,false,0.4982,0,перевод в другой отдел
3166,23,MSK,16781.2,2290.64,partner,ops,2025-03-11,false,0.5058,1,перевод в другой отдел
3167,29,MSK,65745.6,5431.52,partner,ops,2025-02-04,false,0.86,1,повторное обращение
3168,35,MSK,70598.22,16799.43,partner,sales,2024-09-20,false,0.4912,0,заявка принята
3169,48,ROV,17514.48,2713.01,web,risk,2025-02-20,false,0.4948,1,
3170,46,KZN,39516.73,1777.89,offline,support,2025-06-17,false,0.4655,0,повторное обращение
3171,50,MSK,27382.7,5470.38,mobile,risk,2025-03-14,false,0.7599,1,
3172,37,KZN,88568.38,2763.8,mobile,risk,2024-07-25,true,0.5718,1,повторное обращение
3173,43,KZN,42768.32,2453.12,partner,support,2025-01-08,false,0.613,1,перевод в другой отдел
3174,24,EKB,57107.46,6871.57,offline,risk,2025-05-08,true,0.3538,1,перевод в другой отдел
3175,42,MSK,64015.72,8007.26,web,risk,2025-09-16,true,0.4477,0,заявка принята
3176,29,EKB,21092.49,3658.95,partner,sales,2025-03-25,true,0.666,1,заявка принята
3177,45,MSK,63168.17,2938.5,mobile,sales,2025-04-15,true,0.385,0,заявка принята
3178,33,NSK,83344.92,6931.19,offline,support,2024-07-21,false,0.3638,1,клиент не отвечает
3179,30,NSK,25382.9,4132.67,web,ops,2024-10-09,true,0.5741,0,клиент не отвечает
3180,36,NSK,42761.79,4494.82,web,sales,2025-05-24,true,0.3629,1,
3181,22,SPB,26284.47,5945.19,web,risk,2024-12-10,false,0.4495,1,повторное обращение
3182,31,NSK,67287.96,2850.82,offline,risk,2025-10-28,true,0.3778,0,заявка принята
3183,43,NSK,100817.29,3166.21,mobile,support,2024-12-20,false,0.5218,0,клиент не отвечает
3184,68,SPB,82480.24,3319.97,mobile,sales,2025-11-18,true,0.31,0,
3185,31,MSK,165877.72,2477.6,mobile,ops,2025-11-15,true,0.6477,1,повторное обращение
3186,40,SPB,59319.49,2912.41,web,sales,2025-03-31,false,0.4137,0,повторное обращение
3187,32,MSK,39955.43,2275.95,web,risk,2025-08-16,true,0.3613,1,документы на проверке
3188,22,MSK,91127.0,22979.51,partner,sales,2024-12-24,false,0.5164,0,документы на проверке
3189,54,MSK,86533.14,9058.6,mobile,support,2024-05-07,true,0.3216,0,заявка принята
3190,27,ROV,66409.48,4241.64,web,ops,2024-12-04,true,0.314,1,клиент не отвечает
3191,26,MSK,29003.69,2923.12,mobile,support,2025-02-09,false,0.2443,1,перевод в другой отдел
3192,46,NSK,76795.25,1609.05,web,risk,2024-01-30,true,0.5801,1,заявка принята
3193,26,EKB,125603.29,3824.86,web,risk,2025-07-17,true,0.4898,0,повторное обращение
3194,33,KZN,177714.68,1741.16,mobile,ops,2025-10-25,false,0.4664,0,
3195,33,ROV,87948.85,1967.61,partner,risk,2024-12-20,true,0.639,1,заявка принята
3196,31,MSK,40524.25,1390.28,partner,risk,2025-06-01,false,0.58,1,заявка принята
3197,34,KZN,50167.41,18232.74,offline,risk,2025-06-11,true,0.5281,0,клиент не отвечает
3198,41,SPB,25216.39,2322.74,partner,risk,2024-10-04,false,0.5376,1,заявка принята
3199,42,EKB,37681.7,663.95,web,risk,2024-02-21,true,0.64,1,документы на проверке
3200,34,ROV,52932.66,1327.77,mobile,support,2024-03-24,true,0.4216,1,документы на проверке
